{"type":"FeatureCollection","name":"Fuji region road centerlines","features":[{"type":"Feature","properties":{"ftCode":2701,"motorway":9,"rnkWidth":2,"rdCtg":1,"tollSect":9,"source_layer":"road","kind":"road_centerline","bridge":false,"major":true},"geometry":{"type":"LineString","coordinates":[[138.54212523,35.60640545],[138.54,35.60626693]]},"id":"gsi-12-3624-1613-road-101"},{"type":"Feature","properties":{"ftCode":2701,"motorway":9,"rnkWidth":2,"rdCtg":1,"tollSect":9,"source_layer":"road","kind":"road_centerline","bridge":false,"major":true},"geometry":{"type":"LineString","coordinates":[[138.54212523,35.6059693],[138.54,35.60583483]]},"id":"gsi-12-3624-1613-road-102"},{"type":"Feature","properties":{"ftCode":2701,"motorway":9,"rnkWidth":2,"rdCtg":1,"tollSect":9,"source_layer":"road","kind":"road_centerline","bridge":false,"major":true},"geometry":{"type":"LineString","coordinates":[[138.54212523,35.60640545],[138.54212523,35.6059693]]},"id":"gsi-12-3624-1613-road-118"},{"type":"Feature","properties":{"ftCode":2701,"motorway":9,"rnkWidth":2,"rdCtg":1,"tollSect":9,"source_layer":"road","kind":"road_centerline","bridge":false,"major":true},"geometry":{"type":"LineString","coordinates":[[138.54285479,35.60603908],[138.54212523,35.6059693]]},"id":"gsi-12-3624-1613-road-119"},{"type":"Feature","properties":{"ftCode":2703,"motorway":9,"rnkWidth":2,"rdCtg":1,"tollSect":9,"source_layer":"road","kind":"road_centerline","bridge":true,"major":true},"geometry":{"type":"LineString","coordinates":[[138.54435682,35.60623099],[138.54371309,35.60621354],[138.54285479,35.60603908]]},"id":"gsi-12-3624-1613-road-120"},{"type":"Feature","properties":{"ftCode":2701,"motorway":9,"rnkWidth":1,"rdCtg":1,"tollSect":9,"source_layer":"road","kind":"road_centerline","bridge":false,"major":true},"geometry":{"type":"LineString","coordinates":[[138.54450703,35.60623099],[138.54446411,35.60656246]]},"id":"gsi-12-3624-1613-road-121"},{"type":"Feature","properties":{"ftCode":2703,"motorway":9,"rnkWidth":4,"rdCtg":1,"tollSect":9,"source_layer":"road","kind":"road_centerline","bridge":true,"major":true},"geometry":{"type":"LineString","coordinates":[[138.55733871,35.60371874],[138.55139494,35.6057425],[138.54967833,35.60610887],[138.54761839,35.606388],[138.54633093,35.60645778],[138.54450703,35.60640545],[138.54,35.6061117]]},"id":"gsi-12-3624-1613-road-122"},{"type":"Feature","properties":{"ftCode":2703,"motorway":9,"rnkWidth":1,"rdCtg":1,"tollSect":9,"source_layer":"road","kind":"road_centerline","bridge":true,"major":true},"geometry":{"type":"LineString","coordinates":[[138.548069,35.60621354],[138.54630947,35.60633566],[138.54463577,35.60631822],[138.54450703,35.60640545],[138.54461432,35.60651012],[138.54474306,35.60652757],[138.54637384,35.6066148],[138.54809046,35.60647523]]},"id":"gsi-12-3624-1613-road-123"},{"type":"Feature","properties":{"ftCode":2701,"motorway":9,"rnkWidth":1,"rdCtg":1,"tollSect":9,"source_layer":"road","kind":"road_centerline","bridge":false,"major":true},"geometry":{"type":"LineString","coordinates":[[138.54714632,35.60666713],[138.54712486,35.6061961]]},"id":"gsi-12-3624-1613-road-124"},{"type":"Feature","properties":{"ftCode":2701,"motorway":9,"rnkWidth":1,"rdCtg":1,"tollSect":9,"source_layer":"road","kind":"road_centerline","bridge":false,"major":true},"geometry":{"type":"LineString","coordinates":[[138.54869127,35.60644034],[138.54809046,35.60647523]]},"id":"gsi-12-3624-1613-road-125"},{"type":"Feature","properties":{"ftCode":2701,"motorway":9,"rnkWidth":1,"rdCtg":1,"tollSect":9,"source_layer":"road","kind":"road_centerline","bridge":false,"major":true},"geometry":{"type":"LineString","coordinates":[[138.5487771,35.60609142],[138.548069,35.60621354]]},"id":"gsi-12-3624-1613-road-126"},{"type":"Feature","properties":{"ftCode":2701,"motorway":9,"rnkWidth":2,"rdCtg":1,"tollSect":9,"source_layer":"road","kind":"road_centerline","bridge":false,"major":true},"geometry":{"type":"LineString","coordinates":[[138.55306864,35.60493998],[138.55306864,35.60535869],[138.55094433,35.60600419],[138.5482192,35.60656246],[138.54635239,35.60670203],[138.54212523,35.60640545]]},"id":"gsi-12-3624-1613-road-127"},{"type":"Feature","properties":{"ftCode":2701,"motorway":1,"rnkWidth":4,"rdCtg":3,"tollSect":1,"source_layer":"road","kind":"road_centerline","bridge":false,"major":true},"geometry":{"type":"LineString","coordinates":[[138.55153975,35.61],[138.5528326,35.60917929]]},"id":"gsi-12-3624-1613-road-131"},{"type":"Feature","properties":{"ftCode":2703,"motorway":1,"rnkWidth":4,"rdCtg":3,"tollSect":1,"source_layer":"road","kind":"road_centerline","bridge":true,"major":true},"geometry":{"type":"LineString","coordinates":[[138.5528326,35.60917929],[138.5537982,35.60874316]]},"id":"gsi-12-3624-1613-road-132"},{"type":"Feature","properties":{"ftCode":2701,"motorway":9,"rnkWidth":2,"rdCtg":1,"tollSect":9,"source_layer":"road","kind":"road_centerline","bridge":false,"major":true},"geometry":{"type":"LineString","coordinates":[[138.55306864,35.60493998],[138.55126619,35.60556804],[138.5490346,35.60605653],[138.54673862,35.60621354],[138.54435682,35.60623099]]},"id":"gsi-12-3624-1613-road-133"},{"type":"Feature","properties":{"ftCode":2701,"motorway":9,"rnkWidth":0,"rdCtg":1,"tollSect":9,"source_layer":"road","kind":"road_centerline","bridge":false,"major":true},"geometry":{"type":"LineString","coordinates":[[138.55148077,35.60586462],[138.55133057,35.60553315]]},"id":"gsi-12-3624-1613-road-134"},{"type":"Feature","properties":{"ftCode":2703,"motorway":9,"rnkWidth":2,"rdCtg":1,"tollSect":9,"source_layer":"road","kind":"road_centerline","bridge":true,"major":true},"geometry":{"type":"LineString","coordinates":[[138.55306864,35.60535869],[138.55332613,35.60525401]]},"id":"gsi-12-3624-1613-road-135"},{"type":"Feature","properties":{"ftCode":2701,"motorway":9,"rnkWidth":2,"rdCtg":1,"tollSect":9,"source_layer":"road","kind":"road_centerline","bridge":false,"major":true},"geometry":{"type":"LineString","coordinates":[[138.55311155,35.60492254],[138.55306864,35.60493998]]},"id":"gsi-12-3624-1613-road-136"},{"type":"Feature","properties":{"ftCode":2703,"motorway":9,"rnkWidth":2,"rdCtg":1,"tollSect":9,"source_layer":"road","kind":"road_centerline","bridge":true,"major":true},"geometry":{"type":"LineString","coordinates":[[138.55332613,35.60485275],[138.55311155,35.60492254]]},"id":"gsi-12-3624-1613-road-137"},{"type":"Feature","properties":{"ftCode":2701,"motorway":1,"rnkWidth":4,"rdCtg":3,"tollSect":1,"source_layer":"road","kind":"road_centerline","bridge":false,"major":true},"geometry":{"type":"LineString","coordinates":[[138.5537982,35.60874316],[138.55489254,35.60834191],[138.55620146,35.60801045],[138.55751038,35.6078011],[138.55914116,35.60769643]]},"id":"gsi-12-3624-1613-road-139"},{"type":"Feature","properties":{"ftCode":2701,"motorway":9,"rnkWidth":2,"rdCtg":1,"tollSect":9,"source_layer":"road","kind":"road_centerline","bridge":false,"major":true},"geometry":{"type":"MultiLineString","coordinates":[[[138.55332613,35.60525401],[138.55695248,35.60394554],[138.55774641,35.60371874]],[[138.55675936,35.60371874],[138.55332613,35.60485275]]]},"id":"gsi-12-3624-1613-road-141"},{"type":"Feature","properties":{"ftCode":2701,"motorway":9,"rnkWidth":1,"rdCtg":1,"tollSect":9,"source_layer":"road","kind":"road_centerline","bridge":false,"major":true},"geometry":{"type":"LineString","coordinates":[[138.55695248,35.60394554],[138.55690956,35.60371874]]},"id":"gsi-12-3624-1613-road-142"},{"type":"Feature","properties":{"ftCode":2703,"motorway":1,"rnkWidth":4,"rdCtg":3,"tollSect":1,"source_layer":"road","kind":"road_centerline","bridge":true,"major":true},"geometry":{"type":"LineString","coordinates":[[138.55914116,35.60769643],[138.56002092,35.60766154]]},"id":"gsi-12-3624-1613-road-217"},{"type":"Feature","properties":{"ftCode":2701,"motorway":1,"rnkWidth":4,"rdCtg":3,"tollSect":1,"source_layer":"road","kind":"road_centerline","bridge":false,"major":true},"geometry":{"type":"LineString","coordinates":[[138.56002092,35.60766154],[138.56686592,35.6076092]]},"id":"gsi-12-3624-1613-road-218"},{"type":"Feature","properties":{"ftCode":2703,"motorway":1,"rnkWidth":4,"rdCtg":3,"tollSect":1,"source_layer":"road","kind":"road_centerline","bridge":true,"major":true},"geometry":{"type":"LineString","coordinates":[[138.56686592,35.6076092],[138.56742382,35.6076092]]},"id":"gsi-12-3624-1613-road-219"},{"type":"Feature","properties":{"ftCode":2701,"motorway":1,"rnkWidth":4,"rdCtg":3,"tollSect":1,"source_layer":"road","kind":"road_centerline","bridge":false,"major":true},"geometry":{"type":"LineString","coordinates":[[138.56742382,35.6076092],[138.57259512,35.6076092]]},"id":"gsi-12-3624-1613-road-220"},{"type":"Feature","properties":{"ftCode":2701,"motorway":9,"rnkWidth":4,"rdCtg":0,"tollSect":9,"source_layer":"road","kind":"road_centerline","bridge":false,"major":true},"geometry":{"type":"LineString","coordinates":[[138.57258193,35.61],[138.57403278,35.6084117],[138.57433319,35.60792322],[138.57446194,35.60755687],[138.57461214,35.60694627],[138.57459068,35.60637056],[138.57390404,35.60371874]]},"id":"gsi-12-3624-1613-road-221"},{"type":"Feature","properties":{"ftCode":2701,"motorway":9,"rnkWidth":0,"rdCtg":1,"tollSect":9,"source_layer":"road","kind":"road_centerline","bridge":false,"major":true},"geometry":{"type":"LineString","coordinates":[[138.57229056,35.61],[138.57300282,35.60926652],[138.57362509,35.60851637],[138.57418299,35.60687648],[138.57416153,35.60640545],[138.57396841,35.60548081],[138.57326031,35.60371874]]},"id":"gsi-12-3624-1613-road-222"},{"type":"Feature","properties":{"ftCode":2701,"motorway":9,"rnkWidth":2,"rdCtg":1,"tollSect":9,"source_layer":"road","kind":"road_centerline","bridge":false,"major":true},"geometry":{"type":"LineString","coordinates":[[138.572402,35.60398044],[138.57246637,35.60396299]]},"id":"gsi-12-3624-1613-road-223"},{"type":"Feature","properties":{"ftCode":2701,"motorway":9,"rnkWidth":1,"rdCtg":1,"tollSect":9,"source_layer":"road","kind":"road_centerline","bridge":false,"major":true},"geometry":{"type":"LineString","coordinates":[[138.572402,35.60398044],[138.57238054,35.60384087]]},"id":"gsi-12-3624-1613-road-224"},{"type":"Feature","properties":{"ftCode":2703,"motorway":9,"rnkWidth":2,"rdCtg":1,"tollSect":9,"source_layer":"road","kind":"road_centerline","bridge":true,"major":true},"geometry":{"type":"LineString","coordinates":[[138.57246637,35.60396299],[138.5735178,35.60382342]]},"id":"gsi-12-3624-1613-road-225"},{"type":"Feature","properties":{"ftCode":2703,"motorway":1,"rnkWidth":4,"rdCtg":3,"tollSect":1,"source_layer":"road","kind":"road_centerline","bridge":true,"major":true},"geometry":{"type":"LineString","coordinates":[[138.57259512,35.6076092],[138.57409716,35.60752197],[138.57510567,35.60738241]]},"id":"gsi-12-3624-1613-road-226"},{"type":"Feature","properties":{"ftCode":2701,"motorway":1,"rnkWidth":4,"rdCtg":3,"tollSect":1,"source_layer":"road","kind":"road_centerline","bridge":false,"major":true},"geometry":{"type":"LineString","coordinates":[[138.57510567,35.60738241],[138.57658625,35.60706839],[138.57791662,35.60666713]]},"id":"gsi-12-3624-1613-road-227"},{"type":"Feature","properties":{"ftCode":2703,"motorway":1,"rnkWidth":4,"rdCtg":3,"tollSect":1,"source_layer":"road","kind":"road_centerline","bridge":true,"major":true},"geometry":{"type":"LineString","coordinates":[[138.57791662,35.60666713],[138.57901096,35.60623099]]},"id":"gsi-12-3624-1613-road-228"},{"type":"Feature","properties":{"ftCode":2701,"motorway":1,"rnkWidth":4,"rdCtg":3,"tollSect":1,"source_layer":"road","kind":"road_centerline","bridge":false,"major":true},"geometry":{"type":"LineString","coordinates":[[138.57901096,35.60623099],[138.58100653,35.60518423]]},"id":"gsi-12-3624-1613-road-229"},{"type":"Feature","properties":{"ftCode":2703,"motorway":1,"rnkWidth":4,"rdCtg":3,"tollSect":1,"source_layer":"road","kind":"road_centerline","bridge":true,"major":true},"geometry":{"type":"LineString","coordinates":[[138.58100653,35.60518423],[138.58171463,35.60474807]]},"id":"gsi-12-3624-1613-road-230"},{"type":"Feature","properties":{"ftCode":2701,"motorway":9,"rnkWidth":1,"rdCtg":1,"tollSect":9,"source_layer":"road","kind":"road_centerline","bridge":false,"major":true},"geometry":{"type":"LineString","coordinates":[[138.58907461,35.60945841],[138.5882163,35.60890017],[138.58757257,35.60827213],[138.58712196,35.60762665],[138.58596325,35.60548081],[138.58531952,35.60459106],[138.58454704,35.60371874]]},"id":"gsi-12-3624-1613-road-231"},{"type":"Feature","properties":{"ftCode":2703,"motorway":0,"rnkWidth":2,"rdCtg":0,"tollSect":0,"source_layer":"road","kind":"road_centerline","bridge":true,"major":true},"geometry":{"type":"LineString","coordinates":[[138.58626379,35.61],[138.5862422,35.6098771]]},"id":"gsi-12-3624-1613-road-246"},{"type":"Feature","properties":{"ftCode":2703,"motorway":0,"rnkWidth":2,"rdCtg":0,"tollSect":0,"source_layer":"road","kind":"road_centerline","bridge":true,"major":true},"geometry":{"type":"LineString","coordinates":[[138.58229399,35.60405022],[138.58199358,35.60387576]]},"id":"gsi-12-3624-1613-road-247"},{"type":"Feature","properties":{"ftCode":2701,"motorway":1,"rnkWidth":4,"rdCtg":3,"tollSect":1,"source_layer":"road","kind":"road_centerline","bridge":false,"major":true},"geometry":{"type":"LineString","coordinates":[[138.58171463,35.60474807],[138.58310938,35.60382342]]},"id":"gsi-12-3624-1613-road-248"},{"type":"Feature","properties":{"ftCode":2704,"motorway":0,"rnkWidth":2,"rdCtg":0,"tollSect":0,"source_layer":"road","kind":"road_centerline","bridge":false,"major":true},"geometry":{"type":"LineString","coordinates":[[138.58278751,35.60434681],[138.58229399,35.60405022]]},"id":"gsi-12-3624-1613-road-249"},{"type":"Feature","properties":{"ftCode":2701,"motorway":0,"rnkWidth":2,"rdCtg":0,"tollSect":0,"source_layer":"road","kind":"road_centerline","bridge":false,"major":true},"geometry":{"type":"LineString","coordinates":[[138.5862422,35.6098771],[138.58589888,35.60851637],[138.5852766,35.6069986],[138.58476162,35.60623099],[138.58394623,35.6052889],[138.58278751,35.60434681]]},"id":"gsi-12-3624-1613-road-250"},{"type":"Feature","properties":{"ftCode":2701,"motorway":9,"rnkWidth":2,"rdCtg":1,"tollSect":9,"source_layer":"road","kind":"road_centerline","bridge":false,"major":true},"geometry":{"type":"LineString","coordinates":[[138.59006166,35.60998177],[138.59004671,35.61]]},"id":"gsi-12-3624-1613-road-254"},{"type":"Feature","properties":{"ftCode":2703,"motorway":9,"rnkWidth":2,"rdCtg":1,"tollSect":9,"source_layer":"road","kind":"road_centerline","bridge":true,"major":true},"geometry":{"type":"LineString","coordinates":[[138.5915637,35.60827213],[138.59006166,35.60998177]]},"id":"gsi-12-3624-1613-road-255"},{"type":"Feature","properties":{"ftCode":2701,"motorway":9,"rnkWidth":2,"rdCtg":1,"tollSect":9,"source_layer":"road","kind":"road_centerline","bridge":false,"major":true},"geometry":{"type":"LineString","coordinates":[[138.59164953,35.60815001],[138.5915637,35.60827213]]},"id":"gsi-12-3624-1613-road-256"},{"type":"Feature","properties":{"ftCode":2701,"motorway":9,"rnkWidth":1,"rdCtg":1,"tollSect":9,"source_layer":"road","kind":"road_centerline","bridge":false,"major":true},"geometry":{"type":"LineString","coordinates":[[138.59167099,35.60815001],[138.59164953,35.60815001]]},"id":"gsi-12-3624-1613-road-257"},{"type":"Feature","properties":{"ftCode":2701,"motorway":9,"rnkWidth":1,"rdCtg":0,"tollSect":9,"source_layer":"road","kind":"road_centerline","bridge":false,"major":true},"geometry":{"type":"LineString","coordinates":[[138.59164953,35.60813257],[138.59167099,35.60815001]]},"id":"gsi-12-3624-1613-road-258"},{"type":"Feature","properties":{"ftCode":2701,"motorway":9,"rnkWidth":2,"rdCtg":1,"tollSect":9,"source_layer":"road","kind":"road_centerline","bridge":false,"major":true},"geometry":{"type":"LineString","coordinates":[[138.59167099,35.60815001],[138.59190702,35.60774877],[138.59190702,35.60733007],[138.59117746,35.60520167],[138.59070539,35.6044166]]},"id":"gsi-12-3624-1613-road-259"},{"type":"Feature","properties":{"ftCode":2703,"motorway":9,"rnkWidth":2,"rdCtg":1,"tollSect":9,"source_layer":"road","kind":"road_centerline","bridge":true,"major":true},"geometry":{"type":"LineString","coordinates":[[138.59051228,35.60399788],[138.59070539,35.6044166]]},"id":"gsi-12-3624-1613-road-260"},{"type":"Feature","properties":{"ftCode":2701,"motorway":9,"rnkWidth":0,"rdCtg":1,"tollSect":9,"source_layer":"road","kind":"road_centerline","bridge":false,"major":true},"geometry":{"type":"LineString","coordinates":[[138.59002338,35.61],[138.58907461,35.60945841]]},"id":"gsi-12-3624-1613-road-261"},{"type":"Feature","properties":{"ftCode":2701,"motorway":9,"rnkWidth":2,"rdCtg":0,"tollSect":9,"source_layer":"road","kind":"road_centerline","bridge":false,"major":true},"geometry":{"type":"LineString","coordinates":[[138.59167099,35.60815001],[138.59351635,35.60921418],[138.5949111,35.60984221],[138.59535103,35.61]]},"id":"gsi-12-3624-1613-road-266"},{"type":"Feature","properties":{"ftCode":2701,"motorway":9,"rnkWidth":3,"rdCtg":1,"tollSect":9,"source_layer":"road","kind":"road_centerline","bridge":false,"major":true},"geometry":{"type":"LineString","coordinates":[[138.54978561,35.60371874],[138.55057955,35.60792322],[138.55079412,35.60945841],[138.55097663,35.61]]},"id":"gsi-12-3624-1613-road-275"},{"type":"Feature","properties":{"ftCode":2701,"motorway":9,"rnkWidth":0,"rdCtg":1,"tollSect":9,"source_layer":"road","kind":"road_centerline","bridge":false,"major":true},"geometry":{"type":"LineString","coordinates":[[138.57238054,35.60384087],[138.572402,35.60371874]]},"id":"gsi-12-3624-1613-road-276"},{"type":"Feature","properties":{"ftCode":2701,"motorway":9,"rnkWidth":2,"rdCtg":0,"tollSect":9,"source_layer":"road","kind":"road_centerline","bridge":false,"major":true},"geometry":{"type":"LineString","coordinates":[[138.58755112,35.60371874],[138.58864546,35.60539358],[138.58937502,35.60637056],[138.59049082,35.60739985],[138.59164953,35.60813257]]},"id":"gsi-12-3624-1613-road-291"},{"type":"Feature","properties":{"ftCode":2701,"motorway":0,"rnkWidth":2,"rdCtg":0,"tollSect":0,"source_layer":"road","kind":"road_centerline","bridge":false,"major":true},"geometry":{"type":"LineString","coordinates":[[138.58199358,35.60387576],[138.58167171,35.60371874]]},"id":"gsi-12-3624-1613-road-292"},{"type":"Feature","properties":{"ftCode":2703,"motorway":1,"rnkWidth":4,"rdCtg":3,"tollSect":1,"source_layer":"road","kind":"road_centerline","bridge":true,"major":true},"geometry":{"type":"LineString","coordinates":[[138.58310938,35.60382342],[138.58325958,35.60371874]]},"id":"gsi-12-3624-1613-road-293"},{"type":"Feature","properties":{"ftCode":2701,"motorway":9,"rnkWidth":2,"rdCtg":1,"tollSect":9,"source_layer":"road","kind":"road_centerline","bridge":false,"major":true},"geometry":{"type":"LineString","coordinates":[[138.59061956,35.60371874],[138.59051228,35.60399788]]},"id":"gsi-12-3624-1613-road-294"},{"type":"Feature","properties":{"ftCode":2703,"motorway":9,"rnkWidth":4,"rdCtg":1,"tollSect":9,"source_layer":"road","kind":"road_centerline","bridge":true,"major":true},"geometry":{"type":"LineString","coordinates":[[138.55836868,35.60342215],[138.55733871,35.60371874]]},"id":"gsi-12-3624-1614-road-8"},{"type":"Feature","properties":{"ftCode":2701,"motorway":9,"rnkWidth":2,"rdCtg":1,"tollSect":9,"source_layer":"road","kind":"road_centerline","bridge":false,"major":true},"geometry":{"type":"LineString","coordinates":[[138.55774641,35.60371874],[138.55924845,35.60335236],[138.55939865,35.60321279],[138.55918407,35.60316045],[138.55877638,35.6031779],[138.55798244,35.60335236],[138.55675936,35.60371874]]},"id":"gsi-12-3624-1614-road-13"},{"type":"Feature","properties":{"ftCode":2701,"motorway":9,"rnkWidth":1,"rdCtg":1,"tollSect":9,"source_layer":"road","kind":"road_centerline","bridge":false,"major":true},"geometry":{"type":"LineString","coordinates":[[138.55690956,35.60371874],[138.55690956,35.6036664]]},"id":"gsi-12-3624-1614-road-14"},{"type":"Feature","properties":{"ftCode":2701,"motorway":9,"rnkWidth":4,"rdCtg":0,"tollSect":9,"source_layer":"road","kind":"road_centerline","bridge":false,"major":true},"geometry":{"type":"LineString","coordinates":[[138.57390404,35.60371874],[138.57343197,35.60195663],[138.57313156,35.60047364]]},"id":"gsi-12-3624-1614-road-15"},{"type":"Feature","properties":{"ftCode":2701,"motorway":9,"rnkWidth":0,"rdCtg":1,"tollSect":9,"source_layer":"road","kind":"road_centerline","bridge":false,"major":true},"geometry":{"type":"LineString","coordinates":[[138.57326031,35.60371874],[138.5728097,35.60117152],[138.57248783,35.60040385],[138.57218742,35.60021193],[138.57216597,35.60007235],[138.57227325,35.6000549],[138.57257366,35.60017704],[138.5725522,35.60010725],[138.57313156,35.60054343]]},"id":"gsi-12-3624-1614-road-16"},{"type":"Feature","properties":{"ftCode":2701,"motorway":9,"rnkWidth":1,"rdCtg":1,"tollSect":9,"source_layer":"road","kind":"road_centerline","bridge":false,"major":true},"geometry":{"type":"LineString","coordinates":[[138.58454704,35.60371874],[138.58375311,35.60300343],[138.58278751,35.60228812],[138.58182192,35.60172982],[138.58077049,35.60122386],[138.57918262,35.60066556],[138.57341051,35.59919999]]},"id":"gsi-12-3624-1614-road-21"},{"type":"Feature","properties":{"ftCode":2701,"motorway":9,"rnkWidth":2,"rdCtg":1,"tollSect":9,"source_layer":"road","kind":"road_centerline","bridge":false,"major":true},"geometry":{"type":"LineString","coordinates":[[138.54148149,35.5904409],[138.5409236,35.59038855],[138.54,35.59049808]]},"id":"gsi-12-3624-1614-road-32"},{"type":"Feature","properties":{"ftCode":2701,"motorway":9,"rnkWidth":2,"rdCtg":0,"tollSect":9,"source_layer":"road","kind":"road_centerline","bridge":false,"major":true},"geometry":{"type":"LineString","coordinates":[[138.54,35.58285056],[138.54008675,35.58286753],[138.5444212,35.58501397],[138.54500055,35.58524083],[138.54658842,35.58574689],[138.55087996,35.58686371]]},"id":"gsi-12-3624-1614-road-39"},{"type":"Feature","properties":{"ftCode":2701,"motorway":9,"rnkWidth":3,"rdCtg":1,"tollSect":9,"source_layer":"road","kind":"road_centerline","bridge":false,"major":true},"geometry":{"type":"LineString","coordinates":[[138.54302645,35.59058049],[138.54452848,35.59106907],[138.54566574,35.59167979],[138.54615927,35.59201132],[138.54697466,35.59274418],[138.54770422,35.59365151],[138.5479188,35.59415752],[138.54804754,35.59468098],[138.54978561,35.60371874]]},"id":"gsi-12-3624-1614-road-40"},{"type":"Feature","properties":{"ftCode":2703,"motorway":9,"rnkWidth":2,"rdCtg":1,"tollSect":9,"source_layer":"road","kind":"road_centerline","bridge":true,"major":true},"geometry":{"type":"LineString","coordinates":[[138.54186773,35.59049325],[138.54148149,35.5904409]]},"id":"gsi-12-3624-1614-road-41"},{"type":"Feature","properties":{"ftCode":2701,"motorway":9,"rnkWidth":2,"rdCtg":1,"tollSect":9,"source_layer":"road","kind":"road_centerline","bridge":false,"major":true},"geometry":{"type":"LineString","coordinates":[[138.54302645,35.59058049],[138.54270458,35.59049325],[138.54186773,35.59049325]]},"id":"gsi-12-3624-1614-road-42"},{"type":"Feature","properties":{"ftCode":2701,"motorway":9,"rnkWidth":0,"rdCtg":1,"tollSect":9,"source_layer":"road","kind":"road_centerline","bridge":false,"major":true},"geometry":{"type":"LineString","coordinates":[[138.572402,35.60371874],[138.57246637,35.60338726],[138.57229471,35.60277663],[138.57177973,35.60181706],[138.57124329,35.60056087],[138.57081413,35.60000256],[138.56952667,35.59904296],[138.56753111,35.5983974],[138.5659647,35.59818803],[138.56497765,35.59778673],[138.56459141,35.59759481],[138.56276751,35.59637345],[138.56188774,35.59586746],[138.56152296,35.59546615],[138.56027842,35.59365151],[138.56004238,35.59340723],[138.55916262,35.59274418],[138.55768204,35.59133081],[138.55680227,35.59078989],[138.55620146,35.59056304],[138.55478525,35.59017916],[138.55263948,35.58986507],[138.55199575,35.58986507],[138.5504508,35.5903013],[138.54997873,35.5903711],[138.54701757,35.59000466],[138.54495764,35.58958588],[138.54435682,35.58939393],[138.54,35.58755625]]},"id":"gsi-12-3624-1614-road-43"},{"type":"Feature","properties":{"ftCode":2701,"motorway":9,"rnkWidth":2,"rdCtg":1,"tollSect":9,"source_layer":"road","kind":"road_centerline","bridge":false,"major":true},"geometry":{"type":"LineString","coordinates":[[138.54407787,35.59058049],[138.54397058,35.59085968]]},"id":"gsi-12-3624-1614-road-44"},{"type":"Feature","properties":{"ftCode":2703,"motorway":9,"rnkWidth":2,"rdCtg":1,"tollSect":9,"source_layer":"road","kind":"road_centerline","bridge":true,"major":true},"geometry":{"type":"LineString","coordinates":[[138.5444212,35.58969057],[138.54407787,35.59058049]]},"id":"gsi-12-3624-1614-road-45"},{"type":"Feature","properties":{"ftCode":2701,"motorway":9,"rnkWidth":2,"rdCtg":1,"tollSect":9,"source_layer":"road","kind":"road_centerline","bridge":false,"major":true},"geometry":{"type":"LineString","coordinates":[[138.5444212,35.58969057],[138.54448557,35.58953353]]},"id":"gsi-12-3624-1614-road-46"},{"type":"Feature","properties":{"ftCode":2703,"motorway":9,"rnkWidth":2,"rdCtg":1,"tollSect":9,"source_layer":"road","kind":"road_centerline","bridge":true,"major":true},"geometry":{"type":"LineString","coordinates":[[138.54448557,35.58953353],[138.54538679,35.58724761]]},"id":"gsi-12-3624-1614-road-47"},{"type":"Feature","properties":{"ftCode":2701,"motorway":9,"rnkWidth":2,"rdCtg":1,"tollSect":9,"source_layer":"road","kind":"road_centerline","bridge":false,"major":true},"geometry":{"type":"LineString","coordinates":[[138.54697466,35.58585159],[138.54678154,35.58607845],[138.5456872,35.58667175],[138.54545116,35.58702076],[138.54538679,35.58724761]]},"id":"gsi-12-3624-1614-road-48"},{"type":"Feature","properties":{"ftCode":2701,"motorway":9,"rnkWidth":4,"rdCtg":1,"tollSect":9,"source_layer":"road","kind":"road_centerline","bridge":false,"major":true},"geometry":{"type":"LineString","coordinates":[[138.55944157,35.60321279],[138.55836868,35.60342215]]},"id":"gsi-12-3624-1614-road-49"},{"type":"Feature","properties":{"ftCode":2703,"motorway":9,"rnkWidth":2,"rdCtg":0,"tollSect":9,"source_layer":"road","kind":"road_centerline","bridge":true,"major":true},"geometry":{"type":"LineString","coordinates":[[138.55120182,35.58696841],[138.55087996,35.58686371]]},"id":"gsi-12-3624-1614-road-50"},{"type":"Feature","properties":{"ftCode":2701,"motorway":9,"rnkWidth":2,"rdCtg":0,"tollSect":9,"source_layer":"road","kind":"road_centerline","bridge":false,"major":true},"geometry":{"type":"LineString","coordinates":[[138.55894804,35.58894024],[138.55879784,35.58876575],[138.55862617,35.58869595],[138.55776787,35.5885389],[138.55665207,35.5882248],[138.55454922,35.58778856],[138.55120182,35.58696841]]},"id":"gsi-12-3624-1614-road-51"},{"type":"Feature","properties":{"ftCode":2703,"motorway":9,"rnkWidth":2,"rdCtg":0,"tollSect":9,"source_layer":"road","kind":"road_centerline","bridge":true,"major":true},"geometry":{"type":"LineString","coordinates":[[138.55894804,35.58894024],[138.55916262,35.58928924]]},"id":"gsi-12-3624-1614-road-52"},{"type":"Feature","properties":{"ftCode":2701,"motorway":9,"rnkWidth":1,"rdCtg":1,"tollSect":9,"source_layer":"road","kind":"road_centerline","bridge":false,"major":true},"geometry":{"type":"LineString","coordinates":[[138.54697466,35.58585159],[138.54832649,35.58262322],[138.54841232,35.58211713],[138.54836941,35.58073848],[138.54815483,35.57981355]]},"id":"gsi-12-3624-1614-road-53"},{"type":"Feature","properties":{"ftCode":2701,"motorway":9,"rnkWidth":2,"rdCtg":1,"tollSect":9,"source_layer":"road","kind":"road_centerline","bridge":false,"major":true},"geometry":{"type":"LineString","coordinates":[[138.55070829,35.57623588],[138.55053663,35.57628824],[138.55017185,35.57655003],[138.5486269,35.57789385],[138.54809046,35.57890606],[138.54815483,35.57981355]]},"id":"gsi-12-3624-1614-road-54"},{"type":"Feature","properties":{"ftCode":2703,"motorway":9,"rnkWidth":2,"rdCtg":1,"tollSect":9,"source_layer":"road","kind":"road_centerline","bridge":true,"major":true},"geometry":{"type":"LineString","coordinates":[[138.55109453,35.57607881],[138.55070829,35.57623588]]},"id":"gsi-12-3624-1614-road-55"},{"type":"Feature","properties":{"ftCode":2701,"motorway":9,"rnkWidth":2,"rdCtg":1,"tollSect":9,"source_layer":"road","kind":"road_centerline","bridge":false,"major":true},"geometry":{"type":"LineString","coordinates":[[138.54,35.54695483],[138.54017258,35.54705011],[138.54047298,35.54711994],[138.54088068,35.54705011],[138.54165316,35.54664855],[138.54238272,35.54558356],[138.54285479,35.54450108],[138.54279041,35.54390746],[138.54249001,35.54298211],[138.54255438,35.54184722],[138.54268312,35.54174246],[138.54349852,35.54142818],[138.54382038,35.54090438],[138.54414225,35.54008375],[138.54412079,35.53990915]]},"id":"gsi-12-3624-1614-road-58"},{"type":"Feature","properties":{"ftCode":2703,"motorway":9,"rnkWidth":2,"rdCtg":1,"tollSect":9,"source_layer":"road","kind":"road_centerline","bridge":true,"major":true},"geometry":{"type":"LineString","coordinates":[[138.5438633,35.53980438],[138.54412079,35.53990915]]},"id":"gsi-12-3624-1614-road-59"},{"type":"Feature","properties":{"ftCode":2701,"motorway":9,"rnkWidth":2,"rdCtg":1,"tollSect":9,"source_layer":"road","kind":"road_centerline","bridge":false,"major":true},"geometry":{"type":"LineString","coordinates":[[138.5438633,35.53980438],[138.54384184,35.53955994],[138.54403496,35.53919327],[138.54437828,35.53887898],[138.5452795,35.53865199],[138.5463953,35.53852977],[138.546803,35.53823294],[138.54768276,35.53695829],[138.54888439,35.53615508],[138.55000019,35.53507249],[138.55077267,35.53412956],[138.55126619,35.5338851],[138.55169535,35.53325648],[138.55199575,35.53222623]]},"id":"gsi-12-3624-1614-road-60"},{"type":"Feature","properties":{"ftCode":2703,"motorway":9,"rnkWidth":4,"rdCtg":1,"tollSect":9,"source_layer":"road","kind":"road_centerline","bridge":true,"major":true},"geometry":{"type":"LineString","coordinates":[[138.5598278,35.60316045],[138.55944157,35.60321279]]},"id":"gsi-12-3624-1614-road-61"},{"type":"Feature","properties":{"ftCode":2701,"motorway":9,"rnkWidth":4,"rdCtg":1,"tollSect":9,"source_layer":"road","kind":"road_centerline","bridge":false,"major":true},"geometry":{"type":"LineString","coordinates":[[138.5598278,35.60316045],[138.56605053,35.60275918]]},"id":"gsi-12-3624-1614-road-62"},{"type":"Feature","properties":{"ftCode":2703,"motorway":9,"rnkWidth":4,"rdCtg":1,"tollSect":9,"source_layer":"road","kind":"road_centerline","bridge":true,"major":true},"geometry":{"type":"LineString","coordinates":[[138.56605053,35.60275918],[138.56630802,35.60274173]]},"id":"gsi-12-3624-1614-road-63"},{"type":"Feature","properties":{"ftCode":2701,"motorway":9,"rnkWidth":4,"rdCtg":1,"tollSect":9,"source_layer":"road","kind":"road_centerline","bridge":false,"major":true},"geometry":{"type":"LineString","coordinates":[[138.56630802,35.60274173],[138.57195139,35.60237535]]},"id":"gsi-12-3624-1614-road-64"},{"type":"Feature","properties":{"ftCode":2701,"motorway":9,"rnkWidth":2,"rdCtg":0,"tollSect":9,"source_layer":"road","kind":"road_centerline","bridge":false,"major":true},"geometry":{"type":"LineString","coordinates":[[138.55916262,35.58928924],[138.55969906,35.59010936],[138.56154442,35.59176704],[138.56311083,35.59291867],[138.5637331,35.59330254]]},"id":"gsi-12-3624-1614-road-65"},{"type":"Feature","properties":{"ftCode":2701,"motorway":9,"rnkWidth":1,"rdCtg":0,"tollSect":9,"source_layer":"road","kind":"road_centerline","bridge":false,"major":true},"geometry":{"type":"LineString","coordinates":[[138.5637331,35.59330254],[138.56665134,35.59523932]]},"id":"gsi-12-3624-1614-road-66"},{"type":"Feature","properties":{"ftCode":2703,"motorway":9,"rnkWidth":4,"rdCtg":1,"tollSect":9,"source_layer":"road","kind":"road_centerline","bridge":true,"major":true},"geometry":{"type":"LineString","coordinates":[[138.57338905,35.60230557],[138.57195139,35.60237535]]},"id":"gsi-12-3624-1614-road-67"},{"type":"Feature","properties":{"ftCode":2703,"motorway":9,"rnkWidth":4,"rdCtg":0,"tollSect":9,"source_layer":"road","kind":"road_centerline","bridge":true,"major":true},"geometry":{"type":"LineString","coordinates":[[138.57313156,35.60047364],[138.57321739,35.59968851],[138.57338905,35.59925233]]},"id":"gsi-12-3624-1614-road-68"},{"type":"Feature","properties":{"ftCode":2703,"motorway":9,"rnkWidth":4,"rdCtg":0,"tollSect":0,"source_layer":"road","kind":"road_centerline","bridge":true,"major":true},"geometry":{"type":"LineString","coordinates":[[138.57390404,35.60228812],[138.57338905,35.60230557]]},"id":"gsi-12-3624-1614-road-69"},{"type":"Feature","properties":{"ftCode":2701,"motorway":9,"rnkWidth":2,"rdCtg":0,"tollSect":0,"source_layer":"road","kind":"road_centerline","bridge":false,"major":true},"geometry":{"type":"LineString","coordinates":[[138.57398987,35.60185195],[138.57368946,35.60204387],[138.57364655,35.60263705]]},"id":"gsi-12-3624-1614-road-70"},{"type":"Feature","properties":{"ftCode":2701,"motorway":9,"rnkWidth":2,"rdCtg":0,"tollSect":0,"source_layer":"road","kind":"road_centerline","bridge":false,"major":true},"geometry":{"type":"LineString","coordinates":[[138.57398987,35.60185195],[138.57343197,35.60195663]]},"id":"gsi-12-3624-1614-road-71"},{"type":"Feature","properties":{"ftCode":2701,"motorway":9,"rnkWidth":1,"rdCtg":0,"tollSect":0,"source_layer":"road","kind":"road_centerline","bridge":false,"major":true},"geometry":{"type":"LineString","coordinates":[[138.57330322,35.60139833],[138.57358217,35.60172982],[138.57398987,35.60185195]]},"id":"gsi-12-3624-1614-road-72"},{"type":"Feature","properties":{"ftCode":2701,"motorway":0,"rnkWidth":2,"rdCtg":0,"tollSect":0,"source_layer":"road","kind":"road_centerline","bridge":false,"major":true},"geometry":{"type":"LineString","coordinates":[[138.57540607,35.60225323],[138.57390404,35.60228812]]},"id":"gsi-12-3624-1614-road-73"},{"type":"Feature","properties":{"ftCode":2701,"motorway":9,"rnkWidth":2,"rdCtg":0,"tollSect":0,"source_layer":"road","kind":"road_centerline","bridge":false,"major":true},"geometry":{"type":"LineString","coordinates":[[138.57398987,35.60185195],[138.57512712,35.60164259]]},"id":"gsi-12-3624-1614-road-74"},{"type":"Feature","properties":{"ftCode":2701,"motorway":0,"rnkWidth":1,"rdCtg":0,"tollSect":0,"source_layer":"road","kind":"road_centerline","bridge":false,"major":true},"geometry":{"type":"LineString","coordinates":[[138.57390404,35.60228812],[138.5739255,35.60235791],[138.57547045,35.60246259]]},"id":"gsi-12-3624-1614-road-75"},{"type":"Feature","properties":{"ftCode":2701,"motorway":0,"rnkWidth":1,"rdCtg":0,"tollSect":0,"source_layer":"road","kind":"road_centerline","bridge":false,"major":true},"geometry":{"type":"LineString","coordinates":[[138.57448339,35.60225323],[138.57536316,35.6021311]]},"id":"gsi-12-3624-1614-road-76"},{"type":"Feature","properties":{"ftCode":2703,"motorway":9,"rnkWidth":2,"rdCtg":0,"tollSect":0,"source_layer":"road","kind":"road_centerline","bridge":true,"major":true},"geometry":{"type":"LineString","coordinates":[[138.57512712,35.60164259],[138.57544899,35.60159025]]},"id":"gsi-12-3624-1614-road-77"},{"type":"Feature","properties":{"ftCode":2703,"motorway":0,"rnkWidth":1,"rdCtg":0,"tollSect":0,"source_layer":"road","kind":"road_centerline","bridge":true,"major":true},"geometry":{"type":"LineString","coordinates":[[138.57547045,35.60246259],[138.5758996,35.60254982]]},"id":"gsi-12-3624-1614-road-78"},{"type":"Feature","properties":{"ftCode":2703,"motorway":0,"rnkWidth":2,"rdCtg":0,"tollSect":0,"source_layer":"road","kind":"road_centerline","bridge":true,"major":true},"geometry":{"type":"LineString","coordinates":[[138.57583523,35.60228812],[138.57540607,35.60225323]]},"id":"gsi-12-3624-1614-road-79"},{"type":"Feature","properties":{"ftCode":2703,"motorway":0,"rnkWidth":1,"rdCtg":0,"tollSect":0,"source_layer":"road","kind":"road_centerline","bridge":true,"major":true},"geometry":{"type":"LineString","coordinates":[[138.57536316,35.6021311],[138.5757494,35.60214855]]},"id":"gsi-12-3624-1614-road-80"},{"type":"Feature","properties":{"ftCode":2701,"motorway":0,"rnkWidth":2,"rdCtg":0,"tollSect":0,"source_layer":"road","kind":"road_centerline","bridge":false,"major":true},"geometry":{"type":"LineString","coordinates":[[138.57611418,35.60232301],[138.57583523,35.60228812]]},"id":"gsi-12-3624-1614-road-81"},{"type":"Feature","properties":{"ftCode":2701,"motorway":0,"rnkWidth":1,"rdCtg":0,"tollSect":0,"source_layer":"road","kind":"road_centerline","bridge":false,"major":true},"geometry":{"type":"LineString","coordinates":[[138.5757494,35.60214855],[138.57600689,35.60206131],[138.57609272,35.6018345],[138.57600689,35.60169493],[138.57557774,35.6015728]]},"id":"gsi-12-3624-1614-road-82"},{"type":"Feature","properties":{"ftCode":2701,"motorway":9,"rnkWidth":2,"rdCtg":0,"tollSect":0,"source_layer":"road","kind":"road_centerline","bridge":false,"major":true},"geometry":{"type":"LineString","coordinates":[[138.57544899,35.60159025],[138.57583523,35.60153791],[138.57615709,35.60162514],[138.5763073,35.60179961],[138.57635021,35.60200897]]},"id":"gsi-12-3624-1614-road-83"},{"type":"Feature","properties":{"ftCode":2701,"motorway":9,"rnkWidth":4,"rdCtg":0,"tollSect":9,"source_layer":"road","kind":"road_centerline","bridge":false,"major":true},"geometry":{"type":"LineString","coordinates":[[138.57338905,35.59925233],[138.57343197,35.59916509]]},"id":"gsi-12-3624-1614-road-84"},{"type":"Feature","properties":{"ftCode":2703,"motorway":9,"rnkWidth":4,"rdCtg":0,"tollSect":9,"source_layer":"road","kind":"road_centerline","bridge":true,"major":true},"geometry":{"type":"LineString","coordinates":[[138.57343197,35.59916509],[138.5742259,35.59735054]]},"id":"gsi-12-3624-1614-road-85"},{"type":"Feature","properties":{"ftCode":2703,"motorway":0,"rnkWidth":2,"rdCtg":0,"tollSect":0,"source_layer":"road","kind":"road_centerline","bridge":true,"major":true},"geometry":{"type":"LineString","coordinates":[[138.57647896,35.60235791],[138.57611418,35.60232301]]},"id":"gsi-12-3624-1614-road-86"},{"type":"Feature","properties":{"ftCode":2701,"motorway":0,"rnkWidth":2,"rdCtg":0,"tollSect":0,"source_layer":"road","kind":"road_centerline","bridge":false,"major":true},"geometry":{"type":"LineString","coordinates":[[138.57635021,35.60200897],[138.57626438,35.60254982]]},"id":"gsi-12-3624-1614-road-87"},{"type":"Feature","properties":{"ftCode":2701,"motorway":0,"rnkWidth":1,"rdCtg":0,"tollSect":0,"source_layer":"road","kind":"road_centerline","bridge":false,"major":true},"geometry":{"type":"LineString","coordinates":[[138.5758996,35.60254982],[138.57785225,35.60270684],[138.57800245,35.60261961],[138.57793808,35.60248003],[138.57778788,35.60242769],[138.57635021,35.6021311]]},"id":"gsi-12-3624-1614-road-88"},{"type":"Feature","properties":{"ftCode":2701,"motorway":0,"rnkWidth":2,"rdCtg":0,"tollSect":0,"source_layer":"road","kind":"road_centerline","bridge":false,"major":true},"geometry":{"type":"LineString","coordinates":[[138.57800245,35.60261961],[138.57647896,35.60235791]]},"id":"gsi-12-3624-1614-road-89"},{"type":"Feature","properties":{"ftCode":2703,"motorway":0,"rnkWidth":2,"rdCtg":0,"tollSect":0,"source_layer":"road","kind":"road_centerline","bridge":true,"major":true},"geometry":{"type":"LineString","coordinates":[[138.5799551,35.60309067],[138.57800245,35.60261961]]},"id":"gsi-12-3624-1614-road-90"},{"type":"Feature","properties":{"ftCode":2701,"motorway":9,"rnkWidth":2,"rdCtg":0,"tollSect":9,"source_layer":"road","kind":"road_centerline","bridge":false,"major":true},"geometry":{"type":"LineString","coordinates":[[138.56665134,35.59523932],[138.5677886,35.59576277],[138.56911898,35.59609428],[138.57044935,35.59614663],[138.57242346,35.59609428],[138.57401133,35.59579767],[138.57452631,35.59576277],[138.57506275,35.59583256],[138.57643604,35.59632111],[138.57768059,35.59689689],[138.5786891,35.59761225],[138.57937574,35.59796121],[138.5821867,35.59885104],[138.58306646,35.59919999],[138.58366728,35.59960128],[138.58413935,35.60000256],[138.58534098,35.60134599],[138.58649969,35.60235791],[138.58755112,35.60371874]]},"id":"gsi-12-3624-1614-road-91"},{"type":"Feature","properties":{"ftCode":2701,"motorway":0,"rnkWidth":2,"rdCtg":0,"tollSect":0,"source_layer":"road","kind":"road_centerline","bridge":false,"major":true},"geometry":{"type":"LineString","coordinates":[[138.58167171,35.60371874],[138.58113527,35.60347449],[138.5799551,35.60309067]]},"id":"gsi-12-3624-1614-road-92"},{"type":"Feature","properties":{"ftCode":2701,"motorway":9,"rnkWidth":4,"rdCtg":0,"tollSect":9,"source_layer":"road","kind":"road_centerline","bridge":false,"major":true},"geometry":{"type":"LineString","coordinates":[[138.5742259,35.59735054],[138.57467651,35.59628621],[138.57491255,35.59597215],[138.57506275,35.59583256],[138.57577085,35.59553594],[138.58077049,35.59462863],[138.58143568,35.59464608],[138.58514786,35.59509974]]},"id":"gsi-12-3624-1614-road-93"},{"type":"Feature","properties":{"ftCode":2701,"motorway":9,"rnkWidth":2,"rdCtg":1,"tollSect":9,"source_layer":"road","kind":"road_centerline","bridge":false,"major":true},"geometry":{"type":"LineString","coordinates":[[138.58759403,35.57216936],[138.5869503,35.57243116],[138.58634949,35.57248352],[138.58508348,35.57330382],[138.58495474,35.57321656],[138.5841608,35.57126179],[138.58398914,35.57068582],[138.58390331,35.57051128],[138.58373165,35.57037165],[138.58310938,35.57037165],[138.58029842,35.57082545],[138.57903242,35.57113961],[138.57871056,35.57112216],[138.5781312,35.57089526],[138.57783079,35.5708429],[138.57705832,35.57096508],[138.57658625,35.57093017],[138.57547045,35.57037165],[138.57429028,35.56993531],[138.5733676,35.56930697],[138.57242346,35.56843427],[138.56999874,35.56766628],[138.56789589,35.56667138],[138.56757402,35.56658411],[138.56729507,35.56663647],[138.5670805,35.56675865],[138.56678009,35.56778846],[138.56662989,35.567963],[138.56092215,35.5723788],[138.5603857,35.57257079],[138.55772495,35.57276277],[138.55727434,35.57286749],[138.55542898,35.5737576],[138.55474234,35.57422883],[138.55300426,35.57562504],[138.5525322,35.57578212],[138.55148077,35.57576467],[138.55109453,35.57607881]]},"id":"gsi-12-3624-1614-road-94"},{"type":"Feature","properties":{"ftCode":2703,"motorway":1,"rnkWidth":4,"rdCtg":3,"tollSect":1,"source_layer":"road","kind":"road_centerline","bridge":true,"major":true},"geometry":{"type":"LineString","coordinates":[[138.58325958,35.60371874],[138.58626366,35.60167748]]},"id":"gsi-12-3624-1614-road-95"},{"type":"Feature","properties":{"ftCode":2701,"motorway":1,"rnkWidth":4,"rdCtg":3,"tollSect":1,"source_layer":"road","kind":"road_centerline","bridge":false,"major":true},"geometry":{"type":"LineString","coordinates":[[138.58626366,35.60167748],[138.58752966,35.60094471]]},"id":"gsi-12-3624-1614-road-96"},{"type":"Feature","properties":{"ftCode":2703,"motorway":1,"rnkWidth":2,"rdCtg":3,"tollSect":1,"source_layer":"road","kind":"road_centerline","bridge":true,"major":true},"geometry":{"type":"LineString","coordinates":[[138.58534098,35.59689689],[138.58551264,35.59740288],[138.58572721,35.59771694]]},"id":"gsi-12-3624-1614-road-97"},{"type":"Feature","properties":{"ftCode":2703,"motorway":1,"rnkWidth":2,"rdCtg":3,"tollSect":1,"source_layer":"road","kind":"road_centerline","bridge":true,"major":true},"geometry":{"type":"LineString","coordinates":[[138.5863924,35.5984323],[138.58686447,35.59895572]]},"id":"gsi-12-3624-1614-road-98"},{"type":"Feature","properties":{"ftCode":2701,"motorway":1,"rnkWidth":2,"rdCtg":3,"tollSect":1,"source_layer":"road","kind":"road_centerline","bridge":false,"major":true},"geometry":{"type":"LineString","coordinates":[[138.58572721,35.59771694],[138.5863924,35.5984323]]},"id":"gsi-12-3624-1614-road-99"},{"type":"Feature","properties":{"ftCode":2701,"motorway":1,"rnkWidth":2,"rdCtg":3,"tollSect":1,"source_layer":"road","kind":"road_centerline","bridge":false,"major":true},"geometry":{"type":"LineString","coordinates":[[138.58514786,35.59509974],[138.58534098,35.59689689]]},"id":"gsi-12-3624-1614-road-100"},{"type":"Feature","properties":{"ftCode":2701,"motorway":9,"rnkWidth":3,"rdCtg":0,"tollSect":9,"source_layer":"road","kind":"road_centerline","bridge":false,"major":true},"geometry":{"type":"LineString","coordinates":[[138.58748674,35.59504739],[138.58600616,35.59515208],[138.58514786,35.59509974]]},"id":"gsi-12-3624-1614-road-101"},{"type":"Feature","properties":{"ftCode":2701,"motorway":1,"rnkWidth":1,"rdCtg":3,"tollSect":1,"source_layer":"road","kind":"road_centerline","bridge":false,"major":true},"geometry":{"type":"LineString","coordinates":[[138.58746529,35.60084003],[138.58718634,35.60111918]]},"id":"gsi-12-3624-1614-road-102"},{"type":"Feature","properties":{"ftCode":2703,"motorway":1,"rnkWidth":1,"rdCtg":3,"tollSect":1,"source_layer":"road","kind":"road_centerline","bridge":true,"major":true},"geometry":{"type":"LineString","coordinates":[[138.58785152,35.60036895],[138.58774424,35.60059577],[138.58746529,35.60084003]]},"id":"gsi-12-3624-1614-road-103"},{"type":"Feature","properties":{"ftCode":2701,"motorway":1,"rnkWidth":2,"rdCtg":3,"tollSect":1,"source_layer":"road","kind":"road_centerline","bridge":false,"major":true},"geometry":{"type":"LineString","coordinates":[[138.58686447,35.59895572],[138.58804464,35.60000256],[138.5887742,35.60096216],[138.5890317,35.60115407],[138.58948231,35.60122386]]},"id":"gsi-12-3624-1614-road-104"},{"type":"Feature","properties":{"ftCode":2701,"motorway":1,"rnkWidth":1,"rdCtg":3,"tollSect":1,"source_layer":"road","kind":"road_centerline","bridge":false,"major":true},"geometry":{"type":"LineString","coordinates":[[138.58845234,35.60003746],[138.58733654,35.59925233],[138.58707905,35.59918254],[138.58710051,35.59933956],[138.58770132,35.60000256],[138.58785152,35.60036895]]},"id":"gsi-12-3624-1614-road-105"},{"type":"Feature","properties":{"ftCode":2703,"motorway":1,"rnkWidth":4,"rdCtg":3,"tollSect":1,"source_layer":"road","kind":"road_centerline","bridge":true,"major":true},"geometry":{"type":"LineString","coordinates":[[138.58752966,35.60094471],[138.58928919,35.60015959]]},"id":"gsi-12-3624-1614-road-106"},{"type":"Feature","properties":{"ftCode":2703,"motorway":1,"rnkWidth":2,"rdCtg":3,"tollSect":1,"source_layer":"road","kind":"road_centerline","bridge":true,"major":true},"geometry":{"type":"LineString","coordinates":[[138.58948231,35.60122386],[138.58982563,35.60103194]]},"id":"gsi-12-3624-1614-road-107"},{"type":"Feature","properties":{"ftCode":2703,"motorway":1,"rnkWidth":1,"rdCtg":3,"tollSect":1,"source_layer":"road","kind":"road_centerline","bridge":true,"major":true},"geometry":{"type":"LineString","coordinates":[[138.58946085,35.60040385],[138.58870983,35.6003864]]},"id":"gsi-12-3624-1614-road-108"},{"type":"Feature","properties":{"ftCode":2701,"motorway":1,"rnkWidth":1,"rdCtg":3,"tollSect":1,"source_layer":"road","kind":"road_centerline","bridge":false,"major":true},"geometry":{"type":"LineString","coordinates":[[138.58946085,35.60040385],[138.58976126,35.60056087],[138.58989,35.60085747],[138.58999729,35.60066556],[138.58999729,35.60045619]]},"id":"gsi-12-3624-1614-road-109"},{"type":"Feature","properties":{"ftCode":2703,"motorway":1,"rnkWidth":1,"rdCtg":3,"tollSect":1,"source_layer":"road","kind":"road_centerline","bridge":true,"major":true},"geometry":{"type":"LineString","coordinates":[[138.58845234,35.60003746],[138.58894587,35.60007235],[138.5891819,35.60000256]]},"id":"gsi-12-3624-1614-road-110"},{"type":"Feature","properties":{"ftCode":2701,"motorway":1,"rnkWidth":1,"rdCtg":3,"tollSect":1,"source_layer":"road","kind":"road_centerline","bridge":false,"major":true},"geometry":{"type":"LineString","coordinates":[[138.5891819,35.60000256],[138.58984709,35.59981064],[138.59025478,35.59982809]]},"id":"gsi-12-3624-1614-road-111"},{"type":"Feature","properties":{"ftCode":2701,"motorway":9,"rnkWidth":2,"rdCtg":1,"tollSect":9,"source_layer":"road","kind":"road_centerline","bridge":false,"major":true},"geometry":{"type":"LineString","coordinates":[[138.58748674,35.59504739],[138.58765841,35.59537891],[138.5880661,35.59715861],[138.58828068,35.59782163],[138.58924627,35.59885104],[138.59016895,35.59923488],[138.59053373,35.59949659],[138.59083414,35.59982809],[138.59104872,35.60028172],[138.59117746,35.60125876],[138.59122038,35.60274173],[138.5910058,35.6031779],[138.59061956,35.60371874]]},"id":"gsi-12-3624-1614-road-112"},{"type":"Feature","properties":{"ftCode":2701,"motorway":1,"rnkWidth":2,"rdCtg":3,"tollSect":1,"source_layer":"road","kind":"road_centerline","bridge":false,"major":true},"geometry":{"type":"LineString","coordinates":[[138.58982563,35.60103194],[138.58989,35.60085747]]},"id":"gsi-12-3624-1614-road-113"},{"type":"Feature","properties":{"ftCode":2701,"motorway":1,"rnkWidth":4,"rdCtg":3,"tollSect":1,"source_layer":"road","kind":"road_centerline","bridge":false,"major":true},"geometry":{"type":"LineString","coordinates":[[138.58928919,35.60015959],[138.59057665,35.59972341]]},"id":"gsi-12-3624-1614-road-114"},{"type":"Feature","properties":{"ftCode":2703,"motorway":1,"rnkWidth":1,"rdCtg":3,"tollSect":1,"source_layer":"road","kind":"road_centerline","bridge":true,"major":true},"geometry":{"type":"LineString","coordinates":[[138.58999729,35.60045619],[138.59010458,35.60021193],[138.59025478,35.6000549]]},"id":"gsi-12-3624-1614-road-115"},{"type":"Feature","properties":{"ftCode":2701,"motorway":1,"rnkWidth":1,"rdCtg":3,"tollSect":1,"source_layer":"road","kind":"road_centerline","bridge":false,"major":true},"geometry":{"type":"LineString","coordinates":[[138.59025478,35.6000549],[138.59055519,35.59984554],[138.59057665,35.59972341]]},"id":"gsi-12-3624-1614-road-116"},{"type":"Feature","properties":{"ftCode":2703,"motorway":1,"rnkWidth":4,"rdCtg":3,"tollSect":1,"source_layer":"road","kind":"road_centerline","bridge":true,"major":true},"geometry":{"type":"LineString","coordinates":[[138.59057665,35.59972341],[138.59132767,35.59951404]]},"id":"gsi-12-3624-1614-road-117"},{"type":"Feature","properties":{"ftCode":2701,"motorway":9,"rnkWidth":2,"rdCtg":0,"tollSect":9,"source_layer":"road","kind":"road_centerline","bridge":false,"major":true},"geometry":{"type":"LineString","coordinates":[[138.5904479,35.58377498],[138.59053373,35.58480457],[138.59004021,35.58597375],[138.59004021,35.5861308],[138.59008312,35.58719526],[138.59042645,35.58806775],[138.59049082,35.58859125],[138.58999729,35.59167979],[138.58984709,35.59195898],[138.58905315,35.59277908],[138.58875275,35.5931804],[138.58815193,35.59400048],[138.58767986,35.59483801],[138.58748674,35.59504739]]},"id":"gsi-12-3624-1614-road-118"},{"type":"Feature","properties":{"ftCode":2701,"motorway":1,"rnkWidth":4,"rdCtg":3,"tollSect":1,"source_layer":"road","kind":"road_centerline","bridge":false,"major":true},"geometry":{"type":"LineString","coordinates":[[138.59132767,35.59951404],[138.59261513,35.59923488],[138.59413862,35.59904296],[138.59542608,35.59897317],[138.59664917,35.59899062]]},"id":"gsi-12-3624-1614-road-119"},{"type":"Feature","properties":{"ftCode":2703,"motorway":1,"rnkWidth":4,"rdCtg":3,"tollSect":1,"source_layer":"road","kind":"road_centerline","bridge":true,"major":true},"geometry":{"type":"LineString","coordinates":[[138.59664917,35.59899062],[138.59735727,35.59902551]]},"id":"gsi-12-3624-1614-road-120"},{"type":"Feature","properties":{"ftCode":2701,"motorway":9,"rnkWidth":2,"rdCtg":1,"tollSect":9,"source_layer":"road","kind":"road_centerline","bridge":false,"major":true},"geometry":{"type":"LineString","coordinates":[[138.58956814,35.59222071],[138.58976126,35.59229051],[138.5901475,35.59192408],[138.59049082,35.59143551],[138.59104872,35.59124356],[138.59119892,35.59113887],[138.59175682,35.59042345],[138.59246492,35.59012681],[138.5928297,35.58984762],[138.59400988,35.58920199],[138.59441757,35.58904494],[138.595469,35.58914964],[138.59716415,35.58885299],[138.59958887,35.58901004],[138.60036135,35.58888789],[138.60207796,35.58831205],[138.60229254,35.58831205],[138.60274315,35.5884691],[138.60351562,35.58838185]]},"id":"gsi-12-3624-1614-road-121"},{"type":"Feature","properties":{"ftCode":2701,"motorway":9,"rnkWidth":1,"rdCtg":0,"tollSect":9,"source_layer":"road","kind":"road_centerline","bridge":false,"major":true},"geometry":{"type":"LineString","coordinates":[[138.59053373,35.58333871],[138.5904479,35.58377498]]},"id":"gsi-12-3624-1614-road-122"},{"type":"Feature","properties":{"ftCode":2701,"motorway":9,"rnkWidth":2,"rdCtg":0,"tollSect":9,"source_layer":"road","kind":"road_centerline","bridge":false,"major":true},"geometry":{"type":"LineString","coordinates":[[138.59210014,35.57583448],[138.59285116,35.57682926],[138.59334469,35.57789385],[138.59336615,35.57806837],[138.59287262,35.57923764],[138.59222889,35.5803371],[138.59190702,35.58126202],[138.59154224,35.58189027],[138.5908556,35.58279773],[138.59053373,35.58333871]]},"id":"gsi-12-3624-1614-road-123"},{"type":"Feature","properties":{"ftCode":2703,"motorway":9,"rnkWidth":2,"rdCtg":0,"tollSect":9,"source_layer":"road","kind":"road_centerline","bridge":true,"major":true},"geometry":{"type":"LineString","coordinates":[[138.59188557,35.57557269],[138.59210014,35.57583448]]},"id":"gsi-12-3624-1614-road-124"},{"type":"Feature","properties":{"ftCode":2701,"motorway":9,"rnkWidth":2,"rdCtg":0,"tollSect":9,"source_layer":"road","kind":"road_centerline","bridge":false,"major":true},"geometry":{"type":"LineString","coordinates":[[138.59428883,35.57044147],[138.59373093,35.57072072],[138.59115601,35.5723439],[138.59076977,35.57262315],[138.59049082,35.57295476],[138.59053373,35.57335618],[138.59104872,35.57412411],[138.59134912,35.5746826],[138.59134912,35.57483968],[138.59188557,35.57557269]]},"id":"gsi-12-3624-1614-road-125"},{"type":"Feature","properties":{"ftCode":2701,"motorway":9,"rnkWidth":2,"rdCtg":1,"tollSect":0,"source_layer":"road","kind":"road_centerline","bridge":false,"major":true},"geometry":{"type":"LineString","coordinates":[[138.58759403,35.57216936],[138.58849525,35.57178539],[138.58868837,35.57154104],[138.58913898,35.57063346]]},"id":"gsi-12-3624-1614-road-126"},{"type":"Feature","properties":{"ftCode":2701,"motorway":9,"rnkWidth":2,"rdCtg":1,"tollSect":9,"source_layer":"road","kind":"road_centerline","bridge":false,"major":true},"geometry":{"type":"LineString","coordinates":[[138.59049082,35.57295476],[138.5902977,35.57286749],[138.58976126,35.5718552],[138.58986855,35.57143632],[138.58980417,35.57127924],[138.58909607,35.57075563]]},"id":"gsi-12-3624-1614-road-127"},{"type":"Feature","properties":{"ftCode":2701,"motorway":9,"rnkWidth":2,"rdCtg":0,"tollSect":0,"source_layer":"road","kind":"road_centerline","bridge":false,"major":true},"geometry":{"type":"LineString","coordinates":[[138.59529734,35.57031929],[138.5949111,35.57031929],[138.59428883,35.57044147]]},"id":"gsi-12-3624-1614-road-128"},{"type":"Feature","properties":{"ftCode":2703,"motorway":9,"rnkWidth":2,"rdCtg":0,"tollSect":0,"source_layer":"road","kind":"road_centerline","bridge":true,"major":true},"geometry":{"type":"LineString","coordinates":[[138.59566212,35.57030184],[138.59529734,35.57031929]]},"id":"gsi-12-3624-1614-road-129"},{"type":"Feature","properties":{"ftCode":2701,"motorway":9,"rnkWidth":2,"rdCtg":0,"tollSect":0,"source_layer":"road","kind":"road_centerline","bridge":false,"major":true},"geometry":{"type":"LineString","coordinates":[[138.59463215,35.56820736],[138.59488964,35.56829463],[138.59516859,35.56827718],[138.59660625,35.567963],[138.59750748,35.56785828]]},"id":"gsi-12-3624-1614-road-130"},{"type":"Feature","properties":{"ftCode":2701,"motorway":9,"rnkWidth":2,"rdCtg":0,"tollSect":0,"source_layer":"road","kind":"road_centerline","bridge":false,"major":true},"geometry":{"type":"LineString","coordinates":[[138.59566212,35.57030184],[138.5965848,35.57030184],[138.59701395,35.57024948],[138.59752893,35.57005748],[138.59797955,35.56969095],[138.5982585,35.56918479],[138.59832287,35.56845172],[138.59815121,35.56813755],[138.59789371,35.567963]]},"id":"gsi-12-3624-1614-road-131"},{"type":"Feature","properties":{"ftCode":2701,"motorway":9,"rnkWidth":2,"rdCtg":1,"tollSect":9,"source_layer":"road","kind":"road_centerline","bridge":false,"major":true},"geometry":{"type":"MultiLineString","coordinates":[[[138.57403278,35.53222623],[138.57416153,35.532331],[138.57439756,35.53238339],[138.57499838,35.53231354],[138.57525587,35.53222623]],[[138.57602835,35.53222623],[138.57596397,35.53248816],[138.5753417,35.53327394],[138.57527733,35.5334311],[138.57532024,35.53367556],[138.57557774,35.53386764],[138.57581377,35.53393749],[138.57654333,35.53393749],[138.57692957,35.53405972],[138.57714415,35.53435656],[138.57738018,35.53517725],[138.57765913,35.53549156],[138.57791662,35.53559633],[138.5781312,35.53561379],[138.57894659,35.53557886],[138.57916117,35.53549156],[138.57933283,35.53519471],[138.57941866,35.53465341],[138.57952595,35.53451372]]]},"id":"gsi-12-3624-1614-road-132"},{"type":"Feature","properties":{"ftCode":2701,"motorway":9,"rnkWidth":1,"rdCtg":1,"tollSect":9,"source_layer":"road","kind":"road_centerline","bridge":false,"major":true},"geometry":{"type":"LineString","coordinates":[[138.58913898,35.57063346],[138.58999729,35.56684593],[138.58989,35.5665492],[138.58993292,35.56602556],[138.58997583,35.56590338],[138.5902977,35.56558919],[138.59010458,35.56522264],[138.59031916,35.5645419],[138.5902977,35.56429753]]},"id":"gsi-12-3624-1614-road-133"},{"type":"Feature","properties":{"ftCode":2701,"motorway":9,"rnkWidth":2,"rdCtg":1,"tollSect":9,"source_layer":"road","kind":"road_centerline","bridge":false,"major":true},"geometry":{"type":"LineString","coordinates":[[138.59313011,35.564891],[138.59237909,35.56530992],[138.59218597,35.56527501],[138.59218597,35.56513537],[138.59270096,35.56482118],[138.59306574,35.56421026],[138.59291553,35.56394843],[138.59194994,35.56356442],[138.59177828,35.56354696],[138.59160662,35.56361678],[138.59104872,35.56421026],[138.59079123,35.56431499],[138.59064102,35.56412298],[138.59061956,35.56354696],[138.59038353,35.56342478],[138.59019041,35.56351205],[138.5901475,35.56359933],[138.5902977,35.56429753]]},"id":"gsi-12-3624-1614-road-134"},{"type":"Feature","properties":{"ftCode":2704,"motorway":9,"rnkWidth":2,"rdCtg":0,"tollSect":9,"source_layer":"road","kind":"road_centerline","bridge":false,"major":true},"geometry":{"type":"LineString","coordinates":[[138.59107018,35.56084136],[138.59242201,35.56112065]]},"id":"gsi-12-3624-1614-road-135"},{"type":"Feature","properties":{"ftCode":2701,"motorway":9,"rnkWidth":2,"rdCtg":0,"tollSect":9,"source_layer":"road","kind":"road_centerline","bridge":false,"major":true},"geometry":{"type":"LineString","coordinates":[[138.59070539,35.55663441],[138.59042645,35.55745487],[138.58999729,35.55803093],[138.59012604,35.5586419],[138.59010458,35.5589212],[138.58969688,35.56010821],[138.58980417,35.56037005],[138.59012604,35.56057952],[138.59051228,35.56073663],[138.59107018,35.56084136]]},"id":"gsi-12-3624-1614-road-136"},{"type":"Feature","properties":{"ftCode":2701,"motorway":9,"rnkWidth":2,"rdCtg":0,"tollSect":9,"source_layer":"road","kind":"road_centerline","bridge":false,"major":true},"geometry":{"type":"LineString","coordinates":[[138.59373093,35.56501318],[138.59349489,35.56537974],[138.59355927,35.56606047],[138.5933876,35.56625247],[138.59285116,35.56644447],[138.59270096,35.56661902],[138.5926795,35.56682847],[138.59293699,35.56710774],[138.59385967,35.56750919],[138.59463215,35.56820736]]},"id":"gsi-12-3624-1614-road-137"},{"type":"Feature","properties":{"ftCode":2703,"motorway":9,"rnkWidth":2,"rdCtg":0,"tollSect":9,"source_layer":"road","kind":"road_centerline","bridge":true,"major":true},"geometry":{"type":"LineString","coordinates":[[138.59392405,35.56480373],[138.59373093,35.56501318]]},"id":"gsi-12-3624-1614-road-138"},{"type":"Feature","properties":{"ftCode":2701,"motorway":9,"rnkWidth":2,"rdCtg":0,"tollSect":9,"source_layer":"road","kind":"road_centerline","bridge":false,"major":true},"geometry":{"type":"LineString","coordinates":[[138.5943532,35.56422771],[138.59392405,35.56480373]]},"id":"gsi-12-3624-1614-road-139"},{"type":"Feature","properties":{"ftCode":2703,"motorway":9,"rnkWidth":2,"rdCtg":0,"tollSect":9,"source_layer":"road","kind":"road_centerline","bridge":true,"major":true},"geometry":{"type":"LineString","coordinates":[[138.59431028,35.56373897],[138.59441757,35.56396589],[138.5943532,35.56422771]]},"id":"gsi-12-3624-1614-road-140"},{"type":"Feature","properties":{"ftCode":2703,"motorway":9,"rnkWidth":2,"rdCtg":0,"tollSect":0,"source_layer":"road","kind":"road_centerline","bridge":true,"major":true},"geometry":{"type":"LineString","coordinates":[[138.59789371,35.567963],[138.59750748,35.56785828]]},"id":"gsi-12-3624-1614-road-141"},{"type":"Feature","properties":{"ftCode":2701,"motorway":9,"rnkWidth":2,"rdCtg":0,"tollSect":9,"source_layer":"road","kind":"road_centerline","bridge":false,"major":true},"geometry":{"type":"LineString","coordinates":[[138.59353781,35.56187125],[138.5932374,35.56255201],[138.5932374,35.56291857],[138.5933876,35.56316295],[138.59358072,35.56332004],[138.59409571,35.56356442],[138.59431028,35.56373897]]},"id":"gsi-12-3624-1614-road-142"},{"type":"Feature","properties":{"ftCode":2703,"motorway":9,"rnkWidth":2,"rdCtg":0,"tollSect":9,"source_layer":"road","kind":"road_centerline","bridge":true,"major":true},"geometry":{"type":"LineString","coordinates":[[138.59302282,35.5612603],[138.59345198,35.56150468],[138.59353781,35.56187125]]},"id":"gsi-12-3624-1614-road-143"},{"type":"Feature","properties":{"ftCode":2701,"motorway":9,"rnkWidth":2,"rdCtg":0,"tollSect":9,"source_layer":"road","kind":"road_centerline","bridge":false,"major":true},"geometry":{"type":"LineString","coordinates":[[138.59242201,35.56112065],[138.59302282,35.5612603]]},"id":"gsi-12-3624-1614-road-144"},{"type":"Feature","properties":{"ftCode":2701,"motorway":9,"rnkWidth":1,"rdCtg":1,"tollSect":9,"source_layer":"road","kind":"road_centerline","bridge":false,"major":true},"geometry":{"type":"LineString","coordinates":[[138.57952595,35.53451372],[138.58040571,35.53419941],[138.58081341,35.53423433],[138.58128548,35.53446133],[138.58250856,35.53522964],[138.58343124,35.53603286],[138.5840106,35.53666146],[138.58534098,35.53737736],[138.5858345,35.53804087]]},"id":"gsi-12-3624-1614-road-145"},{"type":"Feature","properties":{"ftCode":2701,"motorway":9,"rnkWidth":2,"rdCtg":1,"tollSect":9,"source_layer":"road","kind":"road_centerline","bridge":false,"major":true},"geometry":{"type":"LineString","coordinates":[[138.59061956,35.53994407],[138.59023333,35.53980438],[138.5890317,35.53919327],[138.58658552,35.53865199],[138.58604908,35.5383377],[138.5858345,35.53804087]]},"id":"gsi-12-3624-1614-road-146"},{"type":"Feature","properties":{"ftCode":2704,"motorway":9,"rnkWidth":2,"rdCtg":0,"tollSect":9,"source_layer":"road","kind":"road_centerline","bridge":false,"major":true},"geometry":{"type":"LineString","coordinates":[[138.59070539,35.55663441],[138.5921216,35.55139723],[138.59441757,35.54221388]]},"id":"gsi-12-3624-1614-road-147"},{"type":"Feature","properties":{"ftCode":2701,"motorway":9,"rnkWidth":2,"rdCtg":0,"tollSect":9,"source_layer":"road","kind":"road_centerline","bridge":false,"major":true},"geometry":{"type":"LineString","coordinates":[[138.59443903,35.54212658],[138.59441757,35.54221388]]},"id":"gsi-12-3624-1614-road-148"},{"type":"Feature","properties":{"ftCode":2703,"motorway":9,"rnkWidth":2,"rdCtg":0,"tollSect":9,"source_layer":"road","kind":"road_centerline","bridge":true,"major":true},"geometry":{"type":"LineString","coordinates":[[138.59448195,35.5418996],[138.59443903,35.54212658]]},"id":"gsi-12-3624-1614-road-149"},{"type":"Feature","properties":{"ftCode":2701,"motorway":9,"rnkWidth":1,"rdCtg":1,"tollSect":9,"source_layer":"road","kind":"road_centerline","bridge":false,"major":true},"geometry":{"type":"LineString","coordinates":[[138.60351562,35.53414703],[138.60278606,35.53437403],[138.60237837,35.53440895],[138.60156298,35.53482803],[138.60139132,35.53500264],[138.60074759,35.53529948],[138.60042572,35.53529948],[138.60016823,35.53536933],[138.59973907,35.53592809],[138.59946012,35.53666146],[138.59913826,35.53662653],[138.59851599,35.53711544],[138.59817266,35.53722021],[138.59817266,35.53734243],[138.59832287,35.53739482],[138.59915972,35.53695829],[138.59926701,35.53701068],[138.59924555,35.53708052],[138.59885931,35.53725513],[138.59860182,35.53749958],[138.5982585,35.53770911],[138.59795809,35.53821547],[138.59778643,35.53823294],[138.59763622,35.53818055],[138.59735727,35.53786626],[138.5974431,35.53749958],[138.59737873,35.53722021],[138.59724998,35.5370456],[138.59705687,35.53692337],[138.59656334,35.53685353],[138.59626293,35.53697575],[138.59596252,35.53699322],[138.59564066,35.53716783],[138.59553337,35.5373599],[138.59555483,35.53758689],[138.595469,35.53770911],[138.595469,35.5378488],[138.59572649,35.53805833],[138.59585524,35.53849485],[138.59619856,35.5390012],[138.59641314,35.5395774],[138.59667063,35.53980438],[138.59690666,35.54018851],[138.59752893,35.54041549],[138.5977006,35.5405901],[138.59757185,35.54079962],[138.59722853,35.54099168],[138.59712124,35.54130596],[138.59692812,35.54160278],[138.59699249,35.54179484],[138.59712124,35.5418996],[138.59778643,35.54217896],[138.59817266,35.54256307],[138.59864473,35.54275513],[138.59892368,35.54296465],[138.59971762,35.54287735],[138.59984636,35.5430694],[138.59982491,35.54361065],[138.59991074,35.54373287],[138.60010386,35.54387254],[138.60117674,35.54430903],[138.6013484,35.54467568],[138.60154152,35.5447106],[138.60194921,35.54457092],[138.60209942,35.54460584],[138.60209942,35.54467568],[138.60164881,35.54523437],[138.60156298,35.54551372],[138.60173464,35.54581052],[138.6019063,35.5459502],[138.60218525,35.54602003],[138.60278606,35.54605495],[138.60297918,35.5461597],[138.60304356,35.54635175],[138.60291481,35.54649142],[138.60192776,35.54670093],[138.60177755,35.54680568],[138.60182047,35.54722469],[138.60209942,35.54755641],[138.60259295,35.54795796],[138.60259295,35.54802779],[138.60250711,35.54806271],[138.60130548,35.54801033],[138.60083342,35.54834205],[138.60051155,35.5484468],[138.60042572,35.54834205],[138.60046864,35.54804525],[138.60036135,35.54771354],[138.60006094,35.54752149],[138.59963179,35.54706757],[138.59948158,35.54663109],[138.59920263,35.54645651],[138.59890223,35.54642159],[138.59787226,35.5468406],[138.5974431,35.54720724],[138.59735727,35.54753895],[138.5965848,35.54809763],[138.59613419,35.54815],[138.59596252,35.54851663],[138.59591961,35.54884834],[138.59624147,35.54924988],[138.59624147,35.54979109],[138.59654188,35.54994821],[138.59722853,35.55005296],[138.59748602,35.55021008],[138.59735727,35.55092586],[138.59812975,35.55162418],[138.59858036,35.55246215],[138.59858036,35.55263672],[138.5985589,35.55272401],[138.59836578,35.5528113],[138.59804392,35.5528113],[138.59757185,35.55296842],[138.59692812,35.55303825],[138.5965848,35.55328265],[138.59576941,35.55354451],[138.59553337,35.55373654],[138.59503984,35.5544872],[138.59521151,35.5546094],[138.59667063,35.55439992],[138.59776497,35.55439992],[138.59797955,35.55450466],[138.59797955,35.55520294],[138.59735727,35.55563937],[138.59742165,35.55625036],[138.59746456,35.55633764],[138.59795809,35.55645984],[138.59802246,35.55661695],[138.5982585,35.55679152],[138.59903097,35.55684389],[138.59963179,35.55612816],[138.59988928,35.55605833],[138.6000824,35.55616307],[138.6002326,35.55672169],[138.60051155,35.55703591],[138.60051155,35.55710574],[138.60029697,35.55731522],[138.60040426,35.55773417],[138.59984636,35.55817058],[138.59969616,35.55838006],[138.59956741,35.5587641],[138.59935284,35.55902594],[138.59924555,35.55944489],[138.59810829,35.56068426],[138.59815121,35.56080645],[138.59849453,35.56105083],[138.59847307,35.56159196],[138.5985589,35.56162687],[138.59909534,35.56169669],[138.60025406,35.56222036],[138.60044718,35.56213308],[138.60066175,35.56164432],[138.60081196,35.56164432],[138.6006403,35.56237746],[138.60057592,35.56246473],[138.60046864,35.56248219],[138.59907389,35.56208071],[138.59885931,35.56206326],[138.59843016,35.56215053],[138.59823704,35.56242982],[138.5982585,35.56265674],[138.59810829,35.56269165],[138.59774351,35.56263929],[138.59757185,35.56244728],[138.59720707,35.56232509],[138.5965848,35.56232509],[138.59626293,35.56209817],[138.59637022,35.56199343],[138.59701395,35.56176651],[138.59709978,35.56148722],[138.59694958,35.56129521],[138.59684229,35.56133012],[138.59682083,35.56155704],[138.59660625,35.56169669],[138.59557629,35.56169669],[138.59538317,35.56178397],[138.59510422,35.56206326],[138.59503984,35.56222036],[138.59540462,35.56229018],[138.59596252,35.56249964],[138.5961771,35.56274402],[138.59652042,35.56276147],[138.59699249,35.56290112],[138.59720707,35.56321531],[138.59737873,35.5633375],[138.59740019,35.56351205],[138.59722853,35.56375642],[138.59660625,35.56412298],[138.59637022,35.56447208],[138.59585524,35.56475136],[138.59544754,35.56506555],[138.59544754,35.56536228],[138.59553337,35.56557174],[138.59628439,35.56618265],[138.59634876,35.56644447],[138.59624147,35.56661902],[138.59585524,35.56661902],[138.5956192,35.56672374],[138.59553337,35.56681102],[138.59549046,35.56705538],[138.59516859,35.56733465],[138.59488964,35.56731719],[138.59446049,35.56710774],[138.59355927,35.56682847],[138.59345198,35.5667412],[138.59351635,35.56660156],[138.59398842,35.56626993],[138.59405279,35.56614774],[138.59403133,35.5659732],[138.59368801,35.56571138],[138.59362364,35.56555428],[138.59366655,35.56532737],[138.59396696,35.56499573],[138.59381676,35.56483864],[138.5936451,35.56480373],[138.59313011,35.564891]]},"id":"gsi-12-3624-1614-road-150"},{"type":"Feature","properties":{"ftCode":2701,"motorway":9,"rnkWidth":1,"rdCtg":1,"tollSect":9,"source_layer":"road","kind":"road_centerline","bridge":false,"major":true},"geometry":{"type":"LineString","coordinates":[[138.59061956,35.53994407],[138.59115601,35.54001391],[138.59171391,35.53997899],[138.59246492,35.53976946],[138.59297991,35.5394901],[138.59336615,35.53893136],[138.59351635,35.53847738],[138.59345198,35.53823294],[138.5930872,35.53774403],[138.59304428,35.53718529],[138.59345198,35.53659161],[138.59383821,35.53624239],[138.59448195,35.53592809],[138.59534025,35.53566617],[138.59643459,35.53517725],[138.59692812,35.53503756],[138.59748602,35.53503756],[138.59847307,35.53514233],[138.59851599,35.53522964]]},"id":"gsi-12-3624-1614-road-151"},{"type":"Feature","properties":{"ftCode":2701,"motorway":1,"rnkWidth":4,"rdCtg":3,"tollSect":1,"source_layer":"road","kind":"road_centerline","bridge":false,"major":true},"geometry":{"type":"LineString","coordinates":[[138.59735727,35.59902551],[138.59866619,35.59918254],[138.60061884,35.59956638],[138.60209942,35.60000256],[138.60351562,35.60052598]]},"id":"gsi-12-3624-1614-road-155"},{"type":"Feature","properties":{"ftCode":2701,"motorway":1,"rnkWidth":1,"rdCtg":3,"tollSect":1,"source_layer":"road","kind":"road_centerline","bridge":false,"major":true},"geometry":{"type":"LineString","coordinates":[[138.60061884,35.59956638],[138.6009407,35.59953149],[138.60188484,35.59972341],[138.60239983,35.59947914],[138.60351562,35.59989788],[138.60351562,35.5998979]]},"id":"gsi-12-3624-1614-road-156"},{"type":"Feature","properties":{"ftCode":2701,"motorway":9,"rnkWidth":2,"rdCtg":0,"tollSect":9,"source_layer":"road","kind":"road_centerline","bridge":false,"major":true},"geometry":{"type":"LineString","coordinates":[[138.59448195,35.5418996],[138.59471798,35.54081708],[138.59467506,35.54011867],[138.59392405,35.53914089],[138.59383821,35.5388266],[138.59385967,35.53809325],[138.59340906,35.53725513],[138.59343052,35.53708052],[138.59390259,35.53653923],[138.59613419,35.53550902],[138.5968852,35.53522964],[138.59851599,35.53522964],[138.60033989,35.53444387],[138.60147715,35.53430418],[138.6020565,35.53402479],[138.60218525,35.53385018],[138.60227108,35.53339617],[138.60252857,35.53322156],[138.60285044,35.53318663],[138.60351562,35.53332633]]},"id":"gsi-12-3624-1614-road-157"},{"type":"Feature","properties":{"ftCode":2701,"motorway":9,"rnkWidth":2,"rdCtg":1,"tollSect":9,"source_layer":"road","kind":"road_centerline","bridge":false,"major":true},"geometry":{"type":"LineString","coordinates":[[138.55199575,35.53222623],[138.55223179,35.53180714],[138.55302572,35.53102134],[138.55336905,35.53081179],[138.55401278,35.53058478],[138.55467796,35.53046255],[138.55532169,35.53044508],[138.55645895,35.53061971],[138.55823994,35.53013076]]},"id":"gsi-12-3624-1615-road-7"},{"type":"Feature","properties":{"ftCode":2701,"motorway":9,"rnkWidth":2,"rdCtg":1,"tollSect":9,"source_layer":"road","kind":"road_centerline","bridge":false,"major":true},"geometry":{"type":"MultiLineString","coordinates":[[[138.57371092,35.53171983],[138.57403278,35.53222623]],[[138.57525587,35.53222623],[138.57559919,35.53203415],[138.57592106,35.53206907],[138.57602835,35.53222623]]]},"id":"gsi-12-3624-1615-road-8"},{"type":"Feature","properties":{"ftCode":2702,"motorway":9,"rnkWidth":2,"rdCtg":1,"tollSect":9,"source_layer":"road","kind":"road_centerline","bridge":false,"major":true},"geometry":{"type":"LineString","coordinates":[[138.55823994,35.53013076],[138.55875492,35.5301133],[138.55948448,35.53041016]]},"id":"gsi-12-3624-1615-road-11"},{"type":"Feature","properties":{"ftCode":2701,"motorway":9,"rnkWidth":2,"rdCtg":1,"tollSect":9,"source_layer":"road","kind":"road_centerline","bridge":false,"major":true},"geometry":{"type":"LineString","coordinates":[[138.54002237,35.48995703],[138.54,35.48995703]]},"id":"gsi-12-3624-1615-road-35"},{"type":"Feature","properties":{"ftCode":2703,"motorway":9,"rnkWidth":1,"rdCtg":1,"tollSect":9,"source_layer":"road","kind":"road_centerline","bridge":true,"major":true},"geometry":{"type":"LineString","coordinates":[[138.54630947,35.49187884],[138.54641676,35.49215837]]},"id":"gsi-12-3624-1615-road-37"},{"type":"Feature","properties":{"ftCode":2701,"motorway":9,"rnkWidth":1,"rdCtg":1,"tollSect":9,"source_layer":"road","kind":"road_centerline","bridge":false,"major":true},"geometry":{"type":"LineString","coordinates":[[138.54002237,35.48995703],[138.5403657,35.4900968],[138.54090214,35.49042875],[138.54182482,35.49072576],[138.54268312,35.49056852],[138.54379892,35.49056852],[138.54454994,35.49042875],[138.54487181,35.49065588],[138.54517221,35.49102277],[138.54557991,35.49131977],[138.54622364,35.49163425],[138.54630947,35.49187884]]},"id":"gsi-12-3624-1615-road-38"},{"type":"Feature","properties":{"ftCode":2701,"motorway":9,"rnkWidth":1,"rdCtg":1,"tollSect":9,"source_layer":"road","kind":"road_centerline","bridge":false,"major":true},"geometry":{"type":"LineString","coordinates":[[138.54641676,35.49215837],[138.54654551,35.4924379],[138.54678154,35.49263008],[138.54699612,35.49269996],[138.54813337,35.49271743],[138.54931355,35.49346867],[138.54967833,35.49390543],[138.55006456,35.49493617],[138.5503006,35.49523316],[138.55064392,35.49535545],[138.55083704,35.49530304],[138.55120182,35.49495364],[138.55130911,35.49463918],[138.5514164,35.49402772],[138.55130911,35.49367831],[138.55115891,35.4934512],[138.55122328,35.49313673],[138.55173826,35.49250779],[138.55199575,35.49229814]]},"id":"gsi-12-3624-1615-road-41"},{"type":"Feature","properties":{"ftCode":2703,"motorway":9,"rnkWidth":1,"rdCtg":1,"tollSect":9,"source_layer":"road","kind":"road_centerline","bridge":true,"major":true},"geometry":{"type":"LineString","coordinates":[[138.55199575,35.49229814],[138.55231762,35.49224573]]},"id":"gsi-12-3624-1615-road-42"},{"type":"Feature","properties":{"ftCode":2704,"motorway":9,"rnkWidth":2,"rdCtg":0,"tollSect":9,"source_layer":"road","kind":"road_centerline","bridge":false,"major":true},"geometry":{"type":"LineString","coordinates":[[138.54924917,35.47875721],[138.55019331,35.47921152]]},"id":"gsi-12-3624-1615-road-43"},{"type":"Feature","properties":{"ftCode":2701,"motorway":9,"rnkWidth":2,"rdCtg":0,"tollSect":9,"source_layer":"road","kind":"road_centerline","bridge":false,"major":true},"geometry":{"type":"LineString","coordinates":[[138.55019331,35.47921152],[138.55098724,35.47952604],[138.55122328,35.4794911],[138.5517168,35.47928141],[138.55328321,35.47954352],[138.55354071,35.47973572],[138.55373383,35.48005024],[138.55392694,35.48022498],[138.55427027,35.48031234],[138.55493546,35.48025992],[138.55525732,35.48034729],[138.55551481,35.48055697],[138.55598688,35.48202471],[138.55615854,35.48214702],[138.55641603,35.48219944]]},"id":"gsi-12-3624-1615-road-44"},{"type":"Feature","properties":{"ftCode":2703,"motorway":9,"rnkWidth":2,"rdCtg":0,"tollSect":9,"source_layer":"road","kind":"road_centerline","bridge":true,"major":true},"geometry":{"type":"LineString","coordinates":[[138.55641603,35.48219944],[138.5567379,35.48221691],[138.55703831,35.48207713]]},"id":"gsi-12-3624-1615-road-45"},{"type":"Feature","properties":{"ftCode":2701,"motorway":9,"rnkWidth":2,"rdCtg":0,"tollSect":9,"source_layer":"road","kind":"road_centerline","bridge":false,"major":true},"geometry":{"type":"LineString","coordinates":[[138.55703831,35.48207713],[138.55755329,35.48165778]]},"id":"gsi-12-3624-1615-road-46"},{"type":"Feature","properties":{"ftCode":2703,"motorway":9,"rnkWidth":2,"rdCtg":0,"tollSect":9,"source_layer":"road","kind":"road_centerline","bridge":true,"major":true},"geometry":{"type":"LineString","coordinates":[[138.55755329,35.48165778],[138.55819702,35.48104622]]},"id":"gsi-12-3624-1615-road-47"},{"type":"Feature","properties":{"ftCode":2704,"motorway":9,"rnkWidth":2,"rdCtg":0,"tollSect":9,"source_layer":"road","kind":"road_centerline","bridge":false,"major":true},"geometry":{"type":"LineString","coordinates":[[138.55819702,35.48104622],[138.55862617,35.48062686]]},"id":"gsi-12-3624-1615-road-48"},{"type":"Feature","properties":{"ftCode":2701,"motorway":9,"rnkWidth":2,"rdCtg":0,"tollSect":9,"source_layer":"road","kind":"road_centerline","bridge":false,"major":true},"geometry":{"type":"LineString","coordinates":[[138.55862617,35.48062686],[138.55918407,35.48005024]]},"id":"gsi-12-3624-1615-road-49"},{"type":"Feature","properties":{"ftCode":2704,"motorway":9,"rnkWidth":2,"rdCtg":0,"tollSect":9,"source_layer":"road","kind":"road_centerline","bridge":false,"major":true},"geometry":{"type":"LineString","coordinates":[[138.55918407,35.48005024],[138.5595274,35.4796833]]},"id":"gsi-12-3624-1615-road-50"},{"type":"Feature","properties":{"ftCode":2701,"motorway":0,"rnkWidth":2,"rdCtg":0,"tollSect":0,"source_layer":"road","kind":"road_centerline","bridge":false,"major":true},"geometry":{"type":"LineString","coordinates":[[138.54,35.47443969],[138.54004383,35.47442363],[138.54060173,35.47395181],[138.54113817,35.47368969]]},"id":"gsi-12-3624-1615-road-51"},{"type":"Feature","properties":{"ftCode":2701,"motorway":9,"rnkWidth":2,"rdCtg":0,"tollSect":9,"source_layer":"road","kind":"road_centerline","bridge":false,"major":true},"geometry":{"type":"LineString","coordinates":[[138.54,35.47518748],[138.54019403,35.47514008],[138.54124546,35.47407413],[138.54146004,35.47398676],[138.54154587,35.47400423],[138.54154587,35.47414403],[138.54115963,35.47435373],[138.5409236,35.47475564],[138.54064465,35.47500028],[138.54070902,35.47512261],[138.54090214,35.47510513],[138.54130983,35.47445857],[138.54214668,35.47410908],[138.54296207,35.47409161],[138.54377747,35.47424888],[138.54474306,35.47414403],[138.54500055,35.47421393],[138.54504347,35.47445857]]},"id":"gsi-12-3624-1615-road-52"},{"type":"Feature","properties":{"ftCode":2701,"motorway":0,"rnkWidth":2,"rdCtg":0,"tollSect":0,"source_layer":"road","kind":"road_centerline","bridge":false,"major":true},"geometry":{"type":"LineString","coordinates":[[138.54191065,35.47496534],[138.54191065,35.47494786]]},"id":"gsi-12-3624-1615-road-53"},{"type":"Feature","properties":{"ftCode":2701,"motorway":0,"rnkWidth":2,"rdCtg":0,"tollSect":0,"source_layer":"road","kind":"road_centerline","bridge":false,"major":true},"geometry":{"type":"LineString","coordinates":[[138.54176044,35.47482554],[138.54176044,35.47489544],[138.54191065,35.47494786]]},"id":"gsi-12-3624-1615-road-54"},{"type":"Feature","properties":{"ftCode":2701,"motorway":0,"rnkWidth":2,"rdCtg":0,"tollSect":0,"source_layer":"road","kind":"road_centerline","bridge":false,"major":true},"geometry":{"type":"LineString","coordinates":[[138.54191065,35.47494786],[138.54201794,35.47491291]]},"id":"gsi-12-3624-1615-road-55"},{"type":"Feature","properties":{"ftCode":2703,"motorway":0,"rnkWidth":2,"rdCtg":0,"tollSect":0,"source_layer":"road","kind":"road_centerline","bridge":true,"major":true},"geometry":{"type":"LineString","coordinates":[[138.54113817,35.47368969],[138.54161024,35.47351494]]},"id":"gsi-12-3624-1615-road-57"},{"type":"Feature","properties":{"ftCode":2701,"motorway":0,"rnkWidth":2,"rdCtg":0,"tollSect":0,"source_layer":"road","kind":"road_centerline","bridge":false,"major":true},"geometry":{"type":"LineString","coordinates":[[138.54161024,35.47351494],[138.54167461,35.47349747]]},"id":"gsi-12-3624-1615-road-58"},{"type":"Feature","properties":{"ftCode":2704,"motorway":0,"rnkWidth":2,"rdCtg":0,"tollSect":0,"source_layer":"road","kind":"road_centerline","bridge":false,"major":true},"geometry":{"type":"LineString","coordinates":[[138.54167461,35.47349747],[138.54244709,35.47323534],[138.54313374,35.47321787],[138.54364872,35.47335767],[138.54388475,35.47347999],[138.54412079,35.47363727],[138.54437828,35.47393434]]},"id":"gsi-12-3624-1615-road-59"},{"type":"Feature","properties":{"ftCode":2704,"motorway":0,"rnkWidth":2,"rdCtg":0,"tollSect":0,"source_layer":"road","kind":"road_centerline","bridge":false,"major":true},"geometry":{"type":"LineString","coordinates":[[138.54485035,35.47465079],[138.54525805,35.47568179],[138.54525805,35.47608369],[138.54515076,35.47643318],[138.54491472,35.47676519],[138.54448557,35.47709719],[138.54420662,35.47721951],[138.54371309,35.47732435],[138.54306936,35.47728941],[138.54259729,35.47713214],[138.54214668,35.47681761],[138.54197502,35.47660792],[138.54173899,35.4760138],[138.54176044,35.47557694],[138.54191065,35.47496534]]},"id":"gsi-12-3624-1615-road-60"},{"type":"Feature","properties":{"ftCode":2701,"motorway":9,"rnkWidth":2,"rdCtg":0,"tollSect":9,"source_layer":"road","kind":"road_centerline","bridge":false,"major":true},"geometry":{"type":"LineString","coordinates":[[138.54452848,35.47465079],[138.54424953,35.47470322],[138.54371309,35.47466827],[138.54334831,35.47454595],[138.54302645,35.47435373],[138.54285479,35.47433625],[138.54231834,35.47445857],[138.54182482,35.47473817],[138.54176044,35.47482554]]},"id":"gsi-12-3624-1615-road-61"},{"type":"Feature","properties":{"ftCode":2701,"motorway":0,"rnkWidth":2,"rdCtg":0,"tollSect":0,"source_layer":"road","kind":"road_centerline","bridge":false,"major":true},"geometry":{"type":"LineString","coordinates":[[138.54465723,35.47433625],[138.54452848,35.47438868],[138.54461432,35.47452847],[138.54459286,35.47463332],[138.54452848,35.47465079]]},"id":"gsi-12-3624-1615-road-62"},{"type":"Feature","properties":{"ftCode":2701,"motorway":0,"rnkWidth":2,"rdCtg":0,"tollSect":0,"source_layer":"road","kind":"road_centerline","bridge":false,"major":true},"geometry":{"type":"LineString","coordinates":[[138.54465723,35.47433625],[138.54485035,35.47465079]]},"id":"gsi-12-3624-1615-road-63"},{"type":"Feature","properties":{"ftCode":2701,"motorway":0,"rnkWidth":2,"rdCtg":0,"tollSect":0,"source_layer":"road","kind":"road_centerline","bridge":false,"major":true},"geometry":{"type":"LineString","coordinates":[[138.54459286,35.4742314],[138.54465723,35.47433625]]},"id":"gsi-12-3624-1615-road-64"},{"type":"Feature","properties":{"ftCode":2701,"motorway":0,"rnkWidth":2,"rdCtg":0,"tollSect":0,"source_layer":"road","kind":"road_centerline","bridge":false,"major":true},"geometry":{"type":"LineString","coordinates":[[138.54504347,35.47445857],[138.54489326,35.4744411],[138.54478598,35.47431878],[138.54465723,35.47433625]]},"id":"gsi-12-3624-1615-road-65"},{"type":"Feature","properties":{"ftCode":2701,"motorway":0,"rnkWidth":2,"rdCtg":0,"tollSect":0,"source_layer":"road","kind":"road_centerline","bridge":false,"major":true},"geometry":{"type":"LineString","coordinates":[[138.54437828,35.47393434],[138.54439974,35.47395181]]},"id":"gsi-12-3624-1615-road-66"},{"type":"Feature","properties":{"ftCode":2703,"motorway":0,"rnkWidth":2,"rdCtg":0,"tollSect":0,"source_layer":"road","kind":"road_centerline","bridge":true,"major":true},"geometry":{"type":"LineString","coordinates":[[138.54439974,35.47395181],[138.54459286,35.4742314]]},"id":"gsi-12-3624-1615-road-67"},{"type":"Feature","properties":{"ftCode":2701,"motorway":9,"rnkWidth":2,"rdCtg":0,"tollSect":9,"source_layer":"road","kind":"road_centerline","bridge":false,"major":true},"geometry":{"type":"LineString","coordinates":[[138.54201794,35.47491291],[138.54231834,35.47461585],[138.5427475,35.47449352],[138.54302645,35.4745809],[138.54407787,35.47515755],[138.5458374,35.47514008],[138.54605198,35.47505271],[138.54620218,35.47489544],[138.5463953,35.47449352],[138.54701757,35.47419646],[138.54843378,35.47486049],[138.54969978,35.47491291],[138.55066538,35.47524493],[138.55137348,35.47524493],[138.55274677,35.47562936],[138.55291843,35.47562936],[138.5537982,35.47536725],[138.55459213,35.4754022],[138.55523586,35.47534977],[138.55536461,35.47545462],[138.55530024,35.47557694],[138.55463505,35.47552452],[138.55405569,35.47559441],[138.55390549,35.47571673],[138.55392694,35.47590895],[138.55442047,35.47629338],[138.55459213,35.47653802],[138.55467796,35.47678266],[138.55459213,35.47690498],[138.55439901,35.47690498],[138.5537982,35.47659044],[138.5530901,35.47631086],[138.55259657,35.47643318],[138.55244637,35.47653802],[138.55251074,35.47664287],[138.55261803,35.47667782],[138.55311155,35.4764856],[138.55351925,35.47667782],[138.55403423,35.47706224],[138.55457067,35.47779615],[138.55480671,35.47797089],[138.55502129,35.47804078],[138.55525732,35.47795341],[138.55557919,35.47763888],[138.55583668,35.47755152],[138.55594397,35.47739425],[138.55590105,35.47725446],[138.55557919,35.4768875],[138.55553627,35.47673024],[138.55560064,35.47659044],[138.55579376,35.47652055],[138.55605125,35.47653802],[138.55630875,35.47664287],[138.55630875,35.47680013],[138.55605125,35.47709719],[138.55628729,35.47758646],[138.55624437,35.47772625],[138.5557723,35.47793594],[138.55570793,35.47812815],[138.55585814,35.47858247],[138.55639458,35.47936878],[138.5563302,35.47950857],[138.55615854,35.47952604],[138.55538607,35.47922899],[138.55452776,35.47912415],[138.55439901,35.47905426],[138.55420589,35.47863489],[138.55354071,35.47865236],[138.55330467,35.4781631],[138.55336905,35.47786604],[138.55319738,35.47770878],[138.55302572,35.47772625],[138.55255365,35.4780932],[138.5522747,35.47837278],[138.55214596,35.47880963],[138.55195284,35.47889699],[138.55163097,35.47889699],[138.55103016,35.47912415],[138.55081558,35.47912415],[138.55051517,35.47896689],[138.55042934,35.47884457],[138.55038643,35.47847763],[138.55023623,35.47821552],[138.55000019,35.47811068],[138.54967833,35.47807573],[138.549335,35.47814563],[138.54916334,35.47832036],[138.54912043,35.47851257],[138.54924917,35.47875721]]},"id":"gsi-12-3624-1615-road-68"},{"type":"Feature","properties":{"ftCode":2701,"motorway":9,"rnkWidth":2,"rdCtg":1,"tollSect":9,"source_layer":"road","kind":"road_centerline","bridge":false,"major":true},"geometry":{"type":"LineString","coordinates":[[138.55948448,35.53041016],[138.55991364,35.53060224],[138.56014967,35.53054986],[138.5603857,35.53041016],[138.56109381,35.52951957],[138.56139421,35.52925763],[138.56220961,35.52897823],[138.56248856,35.52897823],[138.56266022,35.52904808],[138.56381893,35.52964181],[138.56420517,35.52985136],[138.56480598,35.53032285],[138.5649991,35.53032285],[138.56602907,35.52999106]]},"id":"gsi-12-3624-1615-road-69"},{"type":"Feature","properties":{"ftCode":2701,"motorway":9,"rnkWidth":1,"rdCtg":1,"tollSect":9,"source_layer":"road","kind":"road_centerline","bridge":false,"major":true},"geometry":{"type":"LineString","coordinates":[[138.56602907,35.52999106],[138.56643677,35.53002598],[138.56688738,35.53016568],[138.56712341,35.53042762],[138.56727362,35.53079433],[138.56804609,35.53138805],[138.56920481,35.53147536],[138.57040644,35.5318246],[138.57081413,35.53185952]]},"id":"gsi-12-3624-1615-road-70"},{"type":"Feature","properties":{"ftCode":2703,"motorway":9,"rnkWidth":1,"rdCtg":1,"tollSect":9,"source_layer":"road","kind":"road_centerline","bridge":true,"major":true},"geometry":{"type":"LineString","coordinates":[[138.57102871,35.53201668],[138.57081413,35.53185952]]},"id":"gsi-12-3624-1615-road-71"},{"type":"Feature","properties":{"ftCode":2701,"motorway":9,"rnkWidth":1,"rdCtg":1,"tollSect":9,"source_layer":"road","kind":"road_centerline","bridge":false,"major":true},"geometry":{"type":"LineString","coordinates":[[138.57102871,35.53201668],[138.57158661,35.53189445],[138.57210159,35.53130074],[138.57259512,35.53102134],[138.5728097,35.53098642],[138.57302427,35.53098642],[138.57328176,35.53107373],[138.57371092,35.53171983]]},"id":"gsi-12-3624-1615-road-72"},{"type":"Feature","properties":{"ftCode":2701,"motorway":9,"rnkWidth":1,"rdCtg":1,"tollSect":9,"source_layer":"road","kind":"road_centerline","bridge":false,"major":true},"geometry":{"type":"LineString","coordinates":[[138.57085705,35.50625601],[138.57070684,35.50615121],[138.56989145,35.50602893],[138.56894732,35.50573198],[138.5687542,35.50560971],[138.56815338,35.50499833],[138.56798172,35.50449176],[138.56817484,35.50415987],[138.56815338,35.50391531],[138.56836796,35.50363582],[138.5684967,35.50325152],[138.56851816,35.50295456],[138.56828213,35.50257025],[138.56770277,35.50229076],[138.56750965,35.50206366],[138.5676384,35.50119023],[138.56748819,35.50084086],[138.56742382,35.50024691],[138.56746674,35.50012463],[138.56774569,35.49994994],[138.56785297,35.49981019],[138.56789589,35.49897167],[138.56783152,35.49874457],[138.56802464,35.49830783],[138.5677886,35.49780122],[138.56744528,35.49766146],[138.56710196,35.4972946],[138.56678009,35.49720725],[138.56620073,35.49724219],[138.56592178,35.49713738],[138.56570721,35.49696268],[138.56519222,35.49635124],[138.56521368,35.49591449],[138.5649991,35.49518075],[138.56407642,35.49519822],[138.56268167,35.49488376],[138.56231689,35.49472653],[138.56137276,35.49402772],[138.56021404,35.49374819],[138.56010675,35.4936259],[138.56014967,35.49301443],[138.55999947,35.49249032],[138.55944157,35.49175654],[138.55924845,35.49165172],[138.55901241,35.49161678],[138.55858326,35.49166919],[138.55768204,35.49191378],[138.55697393,35.49222826],[138.55620146,35.49236802],[138.5556221,35.49235055],[138.55530024,35.49221078],[138.55493546,35.4921409],[138.55414152,35.49235055],[138.55319738,35.49228067],[138.55272532,35.49215837],[138.55231762,35.49224573]]},"id":"gsi-12-3624-1615-road-73"},{"type":"Feature","properties":{"ftCode":2701,"motorway":9,"rnkWidth":2,"rdCtg":0,"tollSect":9,"source_layer":"road","kind":"road_centerline","bridge":false,"major":true},"geometry":{"type":"LineString","coordinates":[[138.5595274,35.4796833],[138.55991364,35.47879215],[138.55997801,35.47805826],[138.56019258,35.4778311],[138.56047153,35.4778311],[138.56152296,35.47823299],[138.56182337,35.47812815],[138.56223106,35.47769131],[138.56263876,35.47765636],[138.56315374,35.47802331],[138.56399059,35.47907173],[138.56411934,35.4791591],[138.56433392,35.47919405],[138.56517076,35.47861742],[138.56536388,35.47765636],[138.56532097,35.47704477],[138.56553555,35.47674771],[138.56570721,35.47666034],[138.56602907,35.47664287],[138.56637239,35.47674771],[138.56759548,35.47687003]]},"id":"gsi-12-3624-1615-road-74"},{"type":"Feature","properties":{"ftCode":2703,"motorway":9,"rnkWidth":2,"rdCtg":0,"tollSect":9,"source_layer":"road","kind":"road_centerline","bridge":true,"major":true},"geometry":{"type":"LineString","coordinates":[[138.56759548,35.47687003],[138.56838942,35.47697487]]},"id":"gsi-12-3624-1615-road-75"},{"type":"Feature","properties":{"ftCode":2701,"motorway":9,"rnkWidth":2,"rdCtg":0,"tollSect":9,"source_layer":"road","kind":"road_centerline","bridge":false,"major":true},"geometry":{"type":"LineString","coordinates":[[138.56838942,35.47697487],[138.56856108,35.47699235],[138.56896877,35.47690498],[138.56941938,35.47673024]]},"id":"gsi-12-3624-1615-road-76"},{"type":"Feature","properties":{"ftCode":2704,"motorway":9,"rnkWidth":2,"rdCtg":0,"tollSect":9,"source_layer":"road","kind":"road_centerline","bridge":false,"major":true},"geometry":{"type":"LineString","coordinates":[[138.56941938,35.47673024],[138.57474089,35.47449352]]},"id":"gsi-12-3624-1615-road-77"},{"type":"Feature","properties":{"ftCode":2701,"motorway":9,"rnkWidth":2,"rdCtg":0,"tollSect":9,"source_layer":"road","kind":"road_centerline","bridge":false,"major":true},"geometry":{"type":"LineString","coordinates":[[138.5961771,35.4731305],[138.59600544,35.47346252],[138.59579086,35.47367221],[138.59480381,35.47398676],[138.59383821,35.47395181],[138.5936451,35.47405666],[138.59347343,35.47426635],[138.59360218,35.47510513],[138.59403133,35.47606622],[138.59403133,35.4764157],[138.59392405,35.47671276],[138.59362364,35.4770273],[138.59334469,35.47716709],[138.59302282,35.47721951],[138.59257221,35.47723698],[138.59207869,35.47716709],[138.59119892,35.47681761],[138.59012604,35.47653802],[138.58950377,35.47627591],[138.58937502,35.47617106],[138.58920336,35.47568179],[138.58894587,35.4754022],[138.58858109,35.47514008],[138.58722925,35.47433625],[138.58660698,35.47419646],[138.58474016,35.47402171],[138.58422518,35.47402171],[138.58388186,35.47412656],[138.58371019,35.4742314],[138.58355999,35.47445857],[138.58340979,35.47524493],[138.58332396,35.4754022],[138.58319521,35.47554199],[138.58283043,35.47568179],[138.58246565,35.47568179],[138.58029842,35.47517503],[138.57901096,35.47494786],[138.57787371,35.47507018],[138.5771656,35.47503523],[138.57669353,35.47487796],[138.57602835,35.47442363],[138.57570648,35.47431878],[138.57523441,35.47433625],[138.57474089,35.47449352]]},"id":"gsi-12-3624-1615-road-78"},{"type":"Feature","properties":{"ftCode":2701,"motorway":9,"rnkWidth":1,"rdCtg":1,"tollSect":9,"source_layer":"road","kind":"road_centerline","bridge":false,"major":true},"geometry":{"type":"LineString","coordinates":[[138.57570648,35.47431878],[138.57572794,35.47412656],[138.57564211,35.47403918],[138.57544899,35.47405666],[138.5747838,35.47431878],[138.57431173,35.4742314],[138.57398987,35.47402171],[138.5733676,35.47344504],[138.5729599,35.47325282],[138.57298136,35.47309555],[138.57338905,35.47269362],[138.57429028,35.47096358],[138.5747838,35.47033447],[138.57517004,35.46951312],[138.57514858,35.46898885],[138.57429028,35.46888399],[138.57405424,35.46872671],[138.57401133,35.46846457],[138.57411861,35.46802767],[138.57441902,35.46741601],[138.57514858,35.46664706],[138.57585669,35.46648977],[138.57690811,35.4664723],[138.57834578,35.46675192],[138.57877493,35.46678687],[138.57888222,35.46668201],[138.57888222,35.46645482],[138.57879639,35.46629753],[138.57849598,35.46612277],[138.57707977,35.46566838],[138.57656479,35.4653538],[138.57626438,35.46526642],[138.57542753,35.46526642],[138.57465506,35.46544119],[138.57388258,35.46540623],[138.57364655,35.46531885],[138.57263803,35.46386828],[138.57250929,35.46376342],[138.57186556,35.46351875],[138.57117891,35.46288957],[138.57111454,35.46276723],[138.57115746,35.46178851],[138.57107162,35.4613341],[138.57068539,35.46066995]]},"id":"gsi-12-3624-1615-road-79"},{"type":"Feature","properties":{"ftCode":2704,"motorway":9,"rnkWidth":2,"rdCtg":0,"tollSect":9,"source_layer":"road","kind":"road_centerline","bridge":false,"major":true},"geometry":{"type":"LineString","coordinates":[[138.59664917,35.47199462],[138.5961771,35.4731305]]},"id":"gsi-12-3624-1615-road-80"},{"type":"Feature","properties":{"ftCode":2701,"motorway":9,"rnkWidth":2,"rdCtg":0,"tollSect":9,"source_layer":"road","kind":"road_centerline","bridge":false,"major":true},"geometry":{"type":"LineString","coordinates":[[138.60351562,35.46371098],[138.60351562,35.46371099],[138.60267878,35.46456736],[138.60025406,35.46752087],[138.59722853,35.47101601],[138.59699249,35.47133056],[138.59664917,35.47199462]]},"id":"gsi-12-3624-1615-road-81"},{"type":"Feature","properties":{"ftCode":2701,"motorway":9,"rnkWidth":2,"rdCtg":1,"tollSect":9,"source_layer":"road","kind":"road_centerline","bridge":false,"major":true},"geometry":{"type":"LineString","coordinates":[[138.60351562,35.48904852],[138.60325813,35.48892622],[138.60293627,35.48899611],[138.60267878,35.48920576],[138.60248566,35.48948531],[138.60242128,35.48974738],[138.6024642,35.49072576],[138.60257149,35.49109265],[138.60267878,35.49121495],[138.60351562,35.49163425]]},"id":"gsi-12-3624-1615-road-83"},{"type":"Feature","properties":{"ftCode":2701,"motorway":9,"rnkWidth":2,"rdCtg":1,"tollSect":9,"source_layer":"road","kind":"road_centerline","bridge":false,"major":true},"geometry":{"type":"LineString","coordinates":[[138.60220671,35.46066995],[138.60272169,35.46142148],[138.60325813,35.46231283],[138.60334396,35.46255751],[138.60323668,35.46327407],[138.60304356,35.4637809],[138.60293627,35.46393819],[138.60244274,35.4643052],[138.60244274,35.46447997],[138.60259295,35.46468969]]},"id":"gsi-12-3624-1615-road-84"},{"type":"Feature","properties":{"ftCode":2701,"motorway":9,"rnkWidth":1,"rdCtg":1,"tollSect":9,"source_layer":"road","kind":"road_centerline","bridge":false,"major":true},"geometry":{"type":"LineString","coordinates":[[138.57068539,35.46066995],[138.57021332,35.45979607],[138.57010603,35.45939408],[138.57006311,35.45864253],[138.5701704,35.4579434],[138.56971979,35.45701706],[138.5696125,35.45654514],[138.5696125,35.45614313],[138.56978416,35.45558382],[138.56980562,35.45528668],[138.56971979,35.45507693],[138.56952667,35.45488467],[138.56922626,35.45479727],[138.56881857,35.45453509],[138.56881857,35.45429038],[138.56914043,35.45378349],[138.56929064,35.45339895],[138.56941938,35.45247255],[138.56956959,35.45228028],[138.56971979,35.45219288],[138.57044935,35.45215792],[138.57124329,35.45198313],[138.57328176,35.45089939],[138.57364655,35.45091687],[138.57439756,35.4514063],[138.57497692,35.45208801],[138.57577085,35.45259491],[138.57673645,35.45348635],[138.57718706,35.45422047],[138.57819557,35.45450013],[138.57856035,35.45465744],[138.57931137,35.45528668],[138.57961178,35.45539155],[138.58044863,35.45540903],[138.58124256,35.45535659],[138.58259439,35.45556634],[138.58332396,35.45561877],[138.58469725,35.45547894],[138.58596325,35.45574112],[138.58699322,35.45572365],[138.58793736,35.45603826],[138.5882163,35.45605574],[138.58868837,35.45596835],[138.58939648,35.45574112],[138.58997583,35.45574112],[138.59061956,35.45563625],[138.59128475,35.45563625],[138.59214306,35.45544399],[138.59340906,35.45537407],[138.59428883,35.45504198],[138.59484673,35.45457005],[138.59510422,35.45444769]]},"id":"gsi-12-3624-1616-road-0"},{"type":"Feature","properties":{"ftCode":2721,"motorway":0,"rnkWidth":0,"rdCtg":1,"tollSect":0,"source_layer":"road","kind":"road_centerline","bridge":false,"major":true},"geometry":{"type":"LineString","coordinates":[[138.54062319,35.4386452],[138.54002237,35.4394319],[138.54,35.43944253]]},"id":"gsi-12-3624-1616-road-6"},{"type":"Feature","properties":{"ftCode":2701,"motorway":9,"rnkWidth":2,"rdCtg":1,"tollSect":9,"source_layer":"road","kind":"road_centerline","bridge":false,"major":true},"geometry":{"type":"LineString","coordinates":[[138.59510422,35.45444769],[138.59523296,35.45448265],[138.59609127,35.45530416],[138.59649897,35.45556634],[138.59690666,35.45574112],[138.59724998,35.45581104],[138.59797955,35.455846],[138.59909534,35.45671992],[138.59948158,35.45684227],[138.59956741,35.4569821],[138.59954596,35.45729671],[138.59915972,35.45769871],[138.59905243,35.45789097],[138.59905243,35.45804827],[138.59963179,35.45885226],[138.59993219,35.45962129],[138.60042572,35.4600058],[138.60171318,35.46042527],[138.60220671,35.46066995]]},"id":"gsi-12-3624-1616-road-7"},{"type":"Feature","properties":{"ftCode":2701,"motorway":9,"rnkWidth":2,"rdCtg":0,"tollSect":9,"source_layer":"road","kind":"road_centerline","bridge":false,"major":true},"geometry":{"type":"LineString","coordinates":[[138.60351562,35.44076054],[138.60351562,35.44076053],[138.60141277,35.43747387],[138.59948158,35.43593538],[138.59883785,35.43528851],[138.59787226,35.43380244],[138.59716415,35.43292826],[138.59551191,35.43142466],[138.59448195,35.43020077],[138.59351635,35.42969373],[138.59192848,35.4295014],[138.59139204,35.42937901],[138.59091997,35.42909926],[138.59064102,35.428837],[138.5902977,35.42810264],[138.59023333,35.42784037],[138.59027624,35.4273508],[138.59053373,35.42698362],[138.59246492,35.42485043],[138.59270096,35.42448324],[138.59272242,35.42411605],[138.59257221,35.42346908],[138.59184265,35.42189536],[138.59070539,35.41685923],[138.58956814,35.4132743],[138.58928919,35.41278464],[138.58589888,35.40989907],[138.58516932,35.40909459],[138.58486891,35.40834257],[138.58450413,35.40557927],[138.58437538,35.40526446],[138.58390331,35.40454738],[138.58285189,35.40374285],[138.58227253,35.40316568],[138.58139277,35.40069954],[138.58023405,35.39823333],[138.57806683,35.39559213],[138.57673645,35.39293335],[138.57641459,35.39242607],[138.57557774,35.39153395],[138.57261658,35.38904997]]},"id":"gsi-12-3624-1616-road-8"},{"type":"Feature","properties":{"ftCode":2701,"motorway":9,"rnkWidth":2,"rdCtg":0,"tollSect":9,"source_layer":"road","kind":"road_centerline","bridge":false,"major":true},"geometry":{"type":"LineString","coordinates":[[138.57261658,35.38904997],[138.57227325,35.38873509],[138.57205868,35.3884552],[138.57188702,35.38805285],[138.57186556,35.38782544],[138.57192993,35.38705573],[138.57253075,35.38423922],[138.57253075,35.38388933],[138.57235909,35.38303211],[138.57242346,35.38212239],[138.5725522,35.3814576],[138.57347488,35.37876336],[138.57514858,35.37612152],[138.57538462,35.37563163],[138.57568502,35.37466934],[138.57585669,35.37372454],[138.57624292,35.3694203],[138.57637167,35.36861541],[138.57748747,35.36418841],[138.57748747,35.35986617],[138.57763767,35.35909619],[138.57879639,35.3564887],[138.57963324,35.35493117],[138.58006239,35.35428365],[138.58068466,35.35351362],[138.5856843,35.34819319],[138.58634949,35.3474406],[138.58662844,35.34702055],[138.58701468,35.34632046],[138.58727217,35.34562036],[138.58748674,35.34369506],[138.58830214,35.34141964],[138.58834505,35.340737],[138.58815193,35.34015938],[138.58686447,35.33861904],[138.58474016,35.33660605],[138.58411789,35.3356608],[138.58394623,35.33525819],[138.58381748,35.3345755]]},"id":"gsi-12-3624-1617-road-0"},{"type":"Feature","properties":{"ftCode":2701,"motorway":9,"rnkWidth":2,"rdCtg":1,"tollSect":9,"source_layer":"road","kind":"road_centerline","bridge":false,"major":true},"geometry":{"type":"LineString","coordinates":[[138.56705904,35.35956867],[138.56639385,35.35967367],[138.56590033,35.35993616],[138.56523514,35.36081113],[138.56452703,35.36156359],[138.564291,35.36196607],[138.56439829,35.36256104],[138.56474161,35.3631385],[138.56478453,35.36350597],[138.56467724,35.36380344],[138.56401205,35.36485335],[138.56390476,35.36513333],[138.56384039,35.36770554],[138.56392622,35.36898286],[138.56405497,35.36929782],[138.56564283,35.37106503],[138.56605053,35.37188739],[138.56665134,35.37214984],[138.56802464,35.37256976],[138.56813192,35.37263975],[138.56828213,35.3729022],[138.56909752,35.37552665],[138.57019186,35.37657641],[138.57019186,35.37690883],[138.56974125,35.37846593],[138.5696125,35.37913076],[138.56971979,35.38025045],[138.56991291,35.38082778],[138.57218742,35.38471156],[138.572402,35.38485151]]},"id":"gsi-12-3624-1617-road-1"},{"type":"Feature","properties":{"ftCode":2703,"motorway":9,"rnkWidth":2,"rdCtg":1,"tollSect":9,"source_layer":"road","kind":"road_centerline","bridge":true,"major":true},"geometry":{"type":"LineString","coordinates":[[138.56705904,35.35956867],[138.56742382,35.35951618]]},"id":"gsi-12-3624-1617-road-2"},{"type":"Feature","properties":{"ftCode":2701,"motorway":9,"rnkWidth":2,"rdCtg":1,"tollSect":9,"source_layer":"road","kind":"road_centerline","bridge":false,"major":true},"geometry":{"type":"LineString","coordinates":[[138.57542753,35.37549166],[138.57692957,35.37328713],[138.58141422,35.36984023],[138.58564138,35.3671981],[138.58855963,35.36576326],[138.58868837,35.36564078],[138.58892441,35.36525582],[138.58909607,35.36473086],[138.58986855,35.36198357],[138.59001875,35.36100362],[138.59064102,35.36004116],[138.59089851,35.35909619],[138.59122038,35.3586062],[138.59242201,35.3576087],[138.59289408,35.35711871],[138.59351635,35.35545618],[138.59403133,35.35489617]]},"id":"gsi-12-3624-1617-road-3"},{"type":"Feature","properties":{"ftCode":2701,"motorway":9,"rnkWidth":2,"rdCtg":1,"tollSect":9,"source_layer":"road","kind":"road_centerline","bridge":false,"major":true},"geometry":{"type":"LineString","coordinates":[[138.57677937,35.32648782],[138.5768652,35.32703053],[138.57662916,35.32745068],[138.57570648,35.32853608],[138.57538462,35.32902625],[138.57532024,35.32925383],[138.57551336,35.33103943],[138.57517004,35.33473305],[138.57491255,35.33557328],[138.57418299,35.33732373],[138.57414007,35.33756879],[138.57420444,35.33858403],[138.57401133,35.33966928],[138.57383966,35.34234732],[138.57383966,35.34330999],[138.57394695,35.34439517],[138.57358217,35.34604042],[138.57220888,35.3492433],[138.57208014,35.34971585],[138.57186556,35.35101096],[138.5718441,35.35220104],[138.57143641,35.35340861],[138.57145786,35.35489617],[138.57132912,35.35521118],[138.57070684,35.3562262],[138.57081413,35.35708371],[138.57047081,35.35881619],[138.56948376,35.35890369],[138.56899023,35.35923618],[138.56742382,35.35951618]]},"id":"gsi-12-3624-1617-road-4"},{"type":"Feature","properties":{"ftCode":2703,"motorway":9,"rnkWidth":2,"rdCtg":1,"tollSect":9,"source_layer":"road","kind":"road_centerline","bridge":true,"major":true},"geometry":{"type":"LineString","coordinates":[[138.57650042,35.32608517],[138.57677937,35.32648782]]},"id":"gsi-12-3624-1617-road-5"},{"type":"Feature","properties":{"ftCode":2701,"motorway":9,"rnkWidth":2,"rdCtg":1,"tollSect":9,"source_layer":"road","kind":"road_centerline","bridge":false,"major":true},"geometry":{"type":"LineString","coordinates":[[138.59403133,35.35489617],[138.59510422,35.35227105],[138.59555483,35.35078344],[138.59579086,35.34952333],[138.59574795,35.3474231],[138.59568357,35.34700305]]},"id":"gsi-12-3624-1617-road-6"},{"type":"Feature","properties":{"ftCode":2703,"motorway":9,"rnkWidth":2,"rdCtg":1,"tollSect":9,"source_layer":"road","kind":"road_centerline","bridge":true,"major":true},"geometry":{"type":"LineString","coordinates":[[138.59568357,35.34700305],[138.59566212,35.34670551]]},"id":"gsi-12-3624-1617-road-7"},{"type":"Feature","properties":{"ftCode":2701,"motorway":9,"rnkWidth":2,"rdCtg":1,"tollSect":9,"source_layer":"road","kind":"road_centerline","bridge":false,"major":true},"geometry":{"type":"LineString","coordinates":[[138.59566212,35.34670551],[138.59516859,35.34255736]]},"id":"gsi-12-3624-1617-road-8"},{"type":"Feature","properties":{"ftCode":2703,"motorway":9,"rnkWidth":2,"rdCtg":1,"tollSect":9,"source_layer":"road","kind":"road_centerline","bridge":true,"major":true},"geometry":{"type":"LineString","coordinates":[[138.59516859,35.34255736],[138.59514713,35.34227731]]},"id":"gsi-12-3624-1617-road-9"},{"type":"Feature","properties":{"ftCode":2701,"motorway":0,"rnkWidth":2,"rdCtg":0,"tollSect":0,"source_layer":"road","kind":"road_centerline","bridge":false,"major":true},"geometry":{"type":"LineString","coordinates":[[138.58377457,35.33406786],[138.58381748,35.3345755]]},"id":"gsi-12-3624-1617-road-10"},{"type":"Feature","properties":{"ftCode":2701,"motorway":9,"rnkWidth":2,"rdCtg":0,"tollSect":9,"source_layer":"road","kind":"road_centerline","bridge":false,"major":true},"geometry":{"type":"LineString","coordinates":[[138.58793736,35.32741567],[138.586092,35.32935887],[138.58413935,35.33263243],[138.58388186,35.33335015],[138.58377457,35.33406786]]},"id":"gsi-12-3624-1617-road-11"},{"type":"Feature","properties":{"ftCode":2703,"motorway":9,"rnkWidth":2,"rdCtg":0,"tollSect":9,"source_layer":"road","kind":"road_centerline","bridge":true,"major":true},"geometry":{"type":"LineString","coordinates":[[138.58793736,35.32741567],[138.58881712,35.32648782]]},"id":"gsi-12-3624-1617-road-12"},{"type":"Feature","properties":{"ftCode":2701,"motorway":9,"rnkWidth":2,"rdCtg":1,"tollSect":9,"source_layer":"road","kind":"road_centerline","bridge":false,"major":true},"geometry":{"type":"LineString","coordinates":[[138.57650042,35.32608517],[138.57650042,35.32571753],[138.57740164,35.32443952],[138.5777235,35.32373923],[138.57877493,35.31948485],[138.57898951,35.31923973],[138.57952595,35.31885455],[138.57961178,35.31871448],[138.57969761,35.31839933],[138.57969761,35.31736633]]},"id":"gsi-12-3624-1617-road-13"},{"type":"Feature","properties":{"ftCode":2701,"motorway":9,"rnkWidth":2,"rdCtg":0,"tollSect":9,"source_layer":"road","kind":"road_centerline","bridge":false,"major":true},"geometry":{"type":"LineString","coordinates":[[138.5897398,35.32526235],[138.58881712,35.32648782]]},"id":"gsi-12-3624-1617-road-14"},{"type":"Feature","properties":{"ftCode":2703,"motorway":9,"rnkWidth":2,"rdCtg":0,"tollSect":9,"source_layer":"road","kind":"road_centerline","bridge":true,"major":true},"geometry":{"type":"LineString","coordinates":[[138.58997583,35.32482467],[138.5897398,35.32526235]]},"id":"gsi-12-3624-1617-road-15"},{"type":"Feature","properties":{"ftCode":2701,"motorway":9,"rnkWidth":2,"rdCtg":1,"tollSect":9,"source_layer":"road","kind":"road_centerline","bridge":false,"major":true},"geometry":{"type":"LineString","coordinates":[[138.59117746,35.31929226],[138.59130621,35.31953737],[138.59132767,35.32079795],[138.59199286,35.32463209],[138.59291553,35.32671541],[138.59319448,35.32720559],[138.59375238,35.32783583]]},"id":"gsi-12-3624-1617-road-16"},{"type":"Feature","properties":{"ftCode":2704,"motorway":9,"rnkWidth":2,"rdCtg":1,"tollSect":9,"source_layer":"road","kind":"road_centerline","bridge":false,"major":true},"geometry":{"type":"LineString","coordinates":[[138.59098434,35.31888957],[138.59117746,35.31929226]]},"id":"gsi-12-3624-1617-road-17"},{"type":"Feature","properties":{"ftCode":2701,"motorway":9,"rnkWidth":2,"rdCtg":1,"tollSect":9,"source_layer":"road","kind":"road_centerline","bridge":false,"major":true},"geometry":{"type":"LineString","coordinates":[[138.59388113,35.32820346],[138.59443903,35.32979652],[138.59439611,35.33025167],[138.59398842,35.33144206],[138.59388113,35.33208977],[138.59465361,35.33870656],[138.59514713,35.34227731]]},"id":"gsi-12-3624-1617-road-18"},{"type":"Feature","properties":{"ftCode":2703,"motorway":9,"rnkWidth":2,"rdCtg":1,"tollSect":9,"source_layer":"road","kind":"road_centerline","bridge":true,"major":true},"geometry":{"type":"LineString","coordinates":[[138.59388113,35.32820346],[138.59375238,35.32783583]]},"id":"gsi-12-3624-1617-road-19"},{"type":"Feature","properties":{"ftCode":2701,"motorway":9,"rnkWidth":2,"rdCtg":0,"tollSect":9,"source_layer":"road","kind":"road_centerline","bridge":false,"major":true},"geometry":{"type":"LineString","coordinates":[[138.59240055,35.31736633],[138.59154224,35.31838182],[138.59076977,35.31987003],[138.59051228,35.32081546],[138.59034061,35.32340659],[138.59019041,35.32433447],[138.58997583,35.32482467]]},"id":"gsi-12-3624-1617-road-20"},{"type":"Feature","properties":{"ftCode":2701,"motorway":9,"rnkWidth":2,"rdCtg":1,"tollSect":9,"source_layer":"road","kind":"road_centerline","bridge":false,"major":true},"geometry":{"type":"MultiLineString","coordinates":[[[138.59403133,35.35489617],[138.5950613,35.35519368],[138.59649897,35.35522868],[138.59669209,35.35528118],[138.59888077,35.3563487],[138.59946012,35.3566987],[138.59999657,35.35722371],[138.60016823,35.3575737],[138.60018969,35.3583787],[138.60029697,35.3585537],[138.60046864,35.35862369],[138.60139132,35.35872869],[138.60186338,35.35885119],[138.60276461,35.35890369],[138.60351562,35.35918368]],[[138.60351562,35.36782802],[138.60229254,35.36838795],[138.60212088,35.3686854],[138.60184193,35.36936781],[138.60164881,35.37146747],[138.60259295,35.37410946],[138.60265732,35.3743719],[138.60263586,35.37491429],[138.60280752,35.37566662],[138.60304356,35.37594656],[138.60351562,35.37620899]]]},"id":"gsi-12-3624-1617-road-21"},{"type":"Feature","properties":{"ftCode":2701,"motorway":9,"rnkWidth":2,"rdCtg":1,"tollSect":9,"source_layer":"road","kind":"road_centerline","bridge":false,"major":true},"geometry":{"type":"LineString","coordinates":[[138.59182119,35.31736633],[138.59167099,35.31775152],[138.59109163,35.3183293],[138.59096289,35.31866196],[138.59098434,35.31888957]]},"id":"gsi-12-3624-1617-road-22"},{"type":"Feature","properties":{"ftCode":2701,"motorway":9,"rnkWidth":2,"rdCtg":1,"tollSect":9,"source_layer":"road","kind":"road_centerline","bridge":false,"major":true},"geometry":{"type":"LineString","coordinates":[[138.57969761,35.31736633],[138.57941866,35.31395207],[138.57918262,35.31365441],[138.57740164,35.31202601],[138.57673645,35.31127309],[138.57720852,35.31101044],[138.57800245,35.31064273],[138.57875347,35.31018746],[138.57920408,35.31015244],[138.58055592,35.31039758],[138.58156443,35.31067775],[138.58306646,35.31153574],[138.58482599,35.31232368],[138.58675718,35.31346181]]},"id":"gsi-12-3624-1618-road-0"},{"type":"Feature","properties":{"ftCode":2701,"motorway":9,"rnkWidth":2,"rdCtg":0,"tollSect":9,"source_layer":"road","kind":"road_centerline","bridge":false,"major":true},"geometry":{"type":"LineString","coordinates":[[138.59827995,35.31444233],[138.59752893,35.31473999],[138.59598398,35.31523025],[138.59478235,35.3157205],[138.59370947,35.3163158],[138.59289408,35.3169111],[138.59240055,35.31736633]]},"id":"gsi-12-3624-1618-road-1"},{"type":"Feature","properties":{"ftCode":2701,"motorway":9,"rnkWidth":2,"rdCtg":1,"tollSect":9,"source_layer":"road","kind":"road_centerline","bridge":false,"major":true},"geometry":{"type":"LineString","coordinates":[[138.55502129,35.26093378],[138.55542898,35.26147692],[138.55581522,35.26244056],[138.55596542,35.26364946],[138.55618,35.26440283],[138.55628729,35.26545403],[138.55675936,35.26643514],[138.55686665,35.26764399],[138.55710268,35.26794182],[138.55742455,35.26818709],[138.55815411,35.26871267],[138.55929136,35.26934335],[138.55942011,35.26948351],[138.55954885,35.26967621],[138.55987072,35.27097261],[138.56010675,35.27296971],[138.56021404,35.27328504],[138.56060028,35.27377555],[138.56156588,35.27468649],[138.56210232,35.2748967],[138.56257439,35.27494925]]},"id":"gsi-12-3624-1618-road-16"},{"type":"Feature","properties":{"ftCode":2701,"motorway":9,"rnkWidth":1,"rdCtg":0,"tollSect":9,"source_layer":"road","kind":"road_centerline","bridge":false,"major":true},"geometry":{"type":"MultiLineString","coordinates":[[[138.54,35.25718575],[138.54015112,35.25725431],[138.54040861,35.25727183],[138.54053736,35.25755218],[138.54083776,35.25774492],[138.54109526,35.25804278],[138.54133129,35.25814791],[138.54128838,35.25832312],[138.54090214,35.25814791],[138.54077339,35.25814791],[138.5405159,35.25790261],[138.54,35.25772656]],[[138.54,35.25873398],[138.54105234,35.25926928],[138.54167461,35.25972483],[138.54309082,35.26004021],[138.54326248,35.26004021],[138.54347706,35.25988252],[138.54394913,35.26002269],[138.5441637,35.25998764],[138.54450703,35.26004021],[138.54500055,35.259865],[138.54508638,35.25993508],[138.54485035,35.26047823],[138.54491472,35.26060088],[138.54495764,35.26063592],[138.54532242,35.26056584],[138.54566574,35.26040815],[138.5458374,35.26072352],[138.54605198,35.26075857],[138.54682446,35.26054832],[138.54740381,35.26018037],[138.54781151,35.2601979],[138.54794025,35.26009277],[138.5479188,35.26002269],[138.54772568,35.25982995],[138.54757547,35.25953209],[138.54763985,35.25944449],[138.54776859,35.25942697],[138.54794025,35.25970731],[138.54830503,35.25991756],[138.54841232,35.26004021],[138.54879856,35.26107394],[138.54869127,35.26151196],[138.54879856,35.26161709],[138.54905605,35.26166965],[138.54920626,35.26163461],[138.54937792,35.26142436],[138.54997873,35.26130171],[138.55019331,35.26102138],[138.54980707,35.25979491],[138.54952812,35.25951457],[138.54959249,35.25909406],[138.54982853,35.25897141],[138.55004311,35.2590415],[138.55021477,35.25930432],[138.5504508,35.25942697],[138.55068684,35.26004021],[138.5510087,35.26011029],[138.55118036,35.26039063],[138.55150223,35.26072352],[138.55165243,35.260706],[138.55173826,35.26016285],[138.55195284,35.2596197],[138.5519743,35.25939192],[138.55186701,35.25909406],[138.5519743,35.25883124],[138.55214596,35.25874364],[138.55242491,35.2584633],[138.55285406,35.25834065],[138.55302572,35.258218],[138.55321884,35.25804278],[138.55332613,35.25777996],[138.55381966,35.25763979],[138.55420589,35.25765731],[138.55499983,35.25693892],[138.55585814,35.2563607]]]},"id":"gsi-12-3624-1618-road-17"},{"type":"Feature","properties":{"ftCode":2701,"motorway":9,"rnkWidth":1,"rdCtg":1,"tollSect":9,"source_layer":"road","kind":"road_centerline","bridge":false,"major":true},"geometry":{"type":"LineString","coordinates":[[138.55502129,35.26093378],[138.55463505,35.26032054],[138.55420589,35.25990004],[138.55399132,35.25954962],[138.55390549,35.25800774],[138.55420589,35.25765731]]},"id":"gsi-12-3624-1618-road-18"},{"type":"Feature","properties":{"ftCode":2703,"motorway":9,"rnkWidth":1,"rdCtg":0,"tollSect":9,"source_layer":"road","kind":"road_centerline","bridge":true,"major":true},"geometry":{"type":"LineString","coordinates":[[138.55585814,35.2563607],[138.55622292,35.25611539]]},"id":"gsi-12-3624-1618-road-19"},{"type":"Feature","properties":{"ftCode":2701,"motorway":9,"rnkWidth":2,"rdCtg":0,"tollSect":9,"source_layer":"road","kind":"road_centerline","bridge":false,"major":true},"geometry":{"type":"LineString","coordinates":[[138.55742455,35.25520425],[138.55746746,35.2556423],[138.56004238,35.25946201]]},"id":"gsi-12-3624-1618-road-20"},{"type":"Feature","properties":{"ftCode":2701,"motorway":9,"rnkWidth":1,"rdCtg":0,"tollSect":9,"source_layer":"road","kind":"road_centerline","bridge":false,"major":true},"geometry":{"type":"LineString","coordinates":[[138.55622292,35.25611539],[138.55671644,35.25576496],[138.55716705,35.25534443],[138.55742455,35.25520425]]},"id":"gsi-12-3624-1618-road-21"},{"type":"Feature","properties":{"ftCode":2701,"motorway":9,"rnkWidth":1,"rdCtg":1,"tollSect":9,"source_layer":"road","kind":"road_centerline","bridge":false,"major":true},"geometry":{"type":"LineString","coordinates":[[138.57510567,35.3058273],[138.57521296,35.30834887],[138.57628584,35.3107653],[138.57673645,35.31127309]]},"id":"gsi-12-3624-1618-road-22"},{"type":"Feature","properties":{"ftCode":2701,"motorway":9,"rnkWidth":2,"rdCtg":1,"tollSect":9,"source_layer":"road","kind":"road_centerline","bridge":false,"major":true},"geometry":{"type":"LineString","coordinates":[[138.57510567,35.3058273],[138.57512712,35.30446142],[138.57532024,35.30376096],[138.57583523,35.30250012]]},"id":"gsi-12-3624-1618-road-23"},{"type":"Feature","properties":{"ftCode":2703,"motorway":9,"rnkWidth":1,"rdCtg":1,"tollSect":9,"source_layer":"road","kind":"road_centerline","bridge":true,"major":true},"geometry":{"type":"LineString","coordinates":[[138.56907606,35.28179844],[138.56971979,35.28167582]]},"id":"gsi-12-3624-1618-road-24"},{"type":"Feature","properties":{"ftCode":2701,"motorway":9,"rnkWidth":1,"rdCtg":1,"tollSect":9,"source_layer":"road","kind":"road_centerline","bridge":false,"major":true},"geometry":{"type":"LineString","coordinates":[[138.57429028,35.28999567],[138.57444048,35.29024088],[138.5751915,35.2906262],[138.5757494,35.29141434],[138.57677937,35.29237762],[138.57703686,35.29292056],[138.57740164,35.29321829],[138.57780933,35.29393636],[138.57808828,35.29510977],[138.57830286,35.29537247],[138.5786891,35.29565268],[138.57894659,35.29617808],[138.57894659,35.29682607],[138.57877493,35.29707125],[138.5782814,35.29743903],[138.57768059,35.29843726],[138.57699394,35.29976822],[138.57583523,35.30250012]]},"id":"gsi-12-3624-1618-road-25"},{"type":"Feature","properties":{"ftCode":2701,"motorway":9,"rnkWidth":1,"rdCtg":1,"tollSect":9,"source_layer":"road","kind":"road_centerline","bridge":false,"major":true},"geometry":{"type":"LineString","coordinates":[[138.58450413,35.2958103],[138.58044863,35.29132677],[138.5793972,35.29083637],[138.57866764,35.29025839],[138.57785225,35.28913745],[138.57735872,35.28813911],[138.57688665,35.28622995]]},"id":"gsi-12-3624-1618-road-26"},{"type":"Feature","properties":{"ftCode":2701,"motorway":9,"rnkWidth":2,"rdCtg":1,"tollSect":9,"source_layer":"road","kind":"road_centerline","bridge":false,"major":true},"geometry":{"type":"LineString","coordinates":[[138.57429028,35.28999567],[138.57426882,35.28917248]]},"id":"gsi-12-3624-1618-road-27"},{"type":"Feature","properties":{"ftCode":2703,"motorway":9,"rnkWidth":2,"rdCtg":1,"tollSect":9,"source_layer":"road","kind":"road_centerline","bridge":true,"major":true},"geometry":{"type":"LineString","coordinates":[[138.57426882,35.28917248],[138.57444048,35.28875213]]},"id":"gsi-12-3624-1618-road-28"},{"type":"Feature","properties":{"ftCode":2701,"motorway":9,"rnkWidth":2,"rdCtg":1,"tollSect":9,"source_layer":"road","kind":"road_centerline","bridge":false,"major":true},"geometry":{"type":"LineString","coordinates":[[138.57611418,35.28698311],[138.57454777,35.28857698],[138.57444048,35.28875213]]},"id":"gsi-12-3624-1618-road-29"},{"type":"Feature","properties":{"ftCode":2701,"motorway":9,"rnkWidth":1,"rdCtg":1,"tollSect":9,"source_layer":"road","kind":"road_centerline","bridge":false,"major":true},"geometry":{"type":"LineString","coordinates":[[138.5768652,35.28614237],[138.57566357,35.28346247],[138.57394695,35.27889067]]},"id":"gsi-12-3624-1618-road-30"},{"type":"Feature","properties":{"ftCode":2701,"motorway":9,"rnkWidth":1,"rdCtg":1,"tollSect":9,"source_layer":"road","kind":"road_centerline","bridge":false,"major":true},"geometry":{"type":"LineString","coordinates":[[138.57611418,35.28698311],[138.57688665,35.28622995]]},"id":"gsi-12-3624-1618-road-31"},{"type":"Feature","properties":{"ftCode":2701,"motorway":9,"rnkWidth":1,"rdCtg":1,"tollSect":9,"source_layer":"road","kind":"road_centerline","bridge":false,"major":true},"geometry":{"type":"LineString","coordinates":[[138.57688665,35.28622995],[138.5768652,35.28614237]]},"id":"gsi-12-3624-1618-road-32"},{"type":"Feature","properties":{"ftCode":2703,"motorway":9,"rnkWidth":2,"rdCtg":1,"tollSect":9,"source_layer":"road","kind":"road_centerline","bridge":true,"major":true},"geometry":{"type":"LineString","coordinates":[[138.58675718,35.31346181],[138.58725071,35.31375947]]},"id":"gsi-12-3624-1618-road-33"},{"type":"Feature","properties":{"ftCode":2701,"motorway":9,"rnkWidth":2,"rdCtg":1,"tollSect":9,"source_layer":"road","kind":"road_centerline","bridge":false,"major":true},"geometry":{"type":"LineString","coordinates":[[138.58866692,35.3138295],[138.58851671,35.31377698],[138.58757257,35.31386452],[138.58725071,35.31375947]]},"id":"gsi-12-3624-1618-road-34"},{"type":"Feature","properties":{"ftCode":2701,"motorway":0,"rnkWidth":2,"rdCtg":1,"tollSect":0,"source_layer":"road","kind":"road_centerline","bridge":false,"major":true},"geometry":{"type":"LineString","coordinates":[[138.58883858,35.31417969],[138.58901024,35.3141972],[138.58905315,35.31405713],[138.58888149,35.31402211],[138.58881712,35.31407464],[138.58883858,35.31417969]]},"id":"gsi-12-3624-1618-road-35"},{"type":"Feature","properties":{"ftCode":2703,"motorway":9,"rnkWidth":2,"rdCtg":1,"tollSect":9,"source_layer":"road","kind":"road_centerline","bridge":true,"major":true},"geometry":{"type":"LineString","coordinates":[[138.58866692,35.3138295],[138.58888149,35.31403962]]},"id":"gsi-12-3624-1618-road-36"},{"type":"Feature","properties":{"ftCode":2701,"motorway":9,"rnkWidth":2,"rdCtg":1,"tollSect":9,"source_layer":"road","kind":"road_centerline","bridge":false,"major":true},"geometry":{"type":"LineString","coordinates":[[138.59313011,35.31255131],[138.59313011,35.31291901],[138.59272242,35.31468746],[138.59182119,35.31736633]]},"id":"gsi-12-3624-1618-road-37"},{"type":"Feature","properties":{"ftCode":2701,"motorway":9,"rnkWidth":2,"rdCtg":1,"tollSect":9,"source_layer":"road","kind":"road_centerline","bridge":false,"major":true},"geometry":{"type":"LineString","coordinates":[[138.58905315,35.31409214],[138.59137058,35.31370694],[138.59188557,35.31356686],[138.59250784,35.31319916],[138.59313011,35.31255131]]},"id":"gsi-12-3624-1618-road-38"},{"type":"Feature","properties":{"ftCode":2703,"motorway":9,"rnkWidth":2,"rdCtg":1,"tollSect":9,"source_layer":"road","kind":"road_centerline","bridge":true,"major":true},"geometry":{"type":"LineString","coordinates":[[138.59012604,35.30255265],[138.59059811,35.30234251]]},"id":"gsi-12-3624-1618-road-39"},{"type":"Feature","properties":{"ftCode":2701,"motorway":9,"rnkWidth":2,"rdCtg":1,"tollSect":9,"source_layer":"road","kind":"road_centerline","bridge":false,"major":true},"geometry":{"type":"LineString","coordinates":[[138.59392405,35.30206232],[138.59321594,35.30214988],[138.59113455,35.30214988],[138.59059811,35.30234251]]},"id":"gsi-12-3624-1618-road-40"},{"type":"Feature","properties":{"ftCode":2701,"motorway":9,"rnkWidth":2,"rdCtg":1,"tollSect":9,"source_layer":"road","kind":"road_centerline","bridge":false,"major":true},"geometry":{"type":"LineString","coordinates":[[138.59398842,35.30612499],[138.59351635,35.30899676],[138.59345198,35.31150072],[138.59313011,35.31255131]]},"id":"gsi-12-3624-1618-road-41"},{"type":"Feature","properties":{"ftCode":2701,"motorway":9,"rnkWidth":2,"rdCtg":1,"tollSect":9,"source_layer":"road","kind":"road_centerline","bridge":false,"major":true},"geometry":{"type":"LineString","coordinates":[[138.59793663,35.31171084],[138.59724998,35.31178088],[138.59413862,35.31230617],[138.59313011,35.31255131]]},"id":"gsi-12-3624-1618-road-42"},{"type":"Feature","properties":{"ftCode":2703,"motorway":9,"rnkWidth":2,"rdCtg":0,"tollSect":9,"source_layer":"road","kind":"road_centerline","bridge":true,"major":true},"geometry":{"type":"LineString","coordinates":[[138.59943867,35.31391705],[138.59827995,35.31444233]]},"id":"gsi-12-3624-1618-road-43"},{"type":"Feature","properties":{"ftCode":2703,"motorway":9,"rnkWidth":2,"rdCtg":1,"tollSect":9,"source_layer":"road","kind":"road_centerline","bridge":true,"major":true},"geometry":{"type":"LineString","coordinates":[[138.59793663,35.31171084],[138.5984087,35.31169333]]},"id":"gsi-12-3624-1618-road-44"},{"type":"Feature","properties":{"ftCode":2701,"motorway":9,"rnkWidth":2,"rdCtg":1,"tollSect":9,"source_layer":"road","kind":"road_centerline","bridge":false,"major":true},"geometry":{"type":"LineString","coordinates":[[138.60220671,35.31155325],[138.5984087,35.31169333]]},"id":"gsi-12-3624-1618-road-45"},{"type":"Feature","properties":{"ftCode":2701,"motorway":9,"rnkWidth":2,"rdCtg":0,"tollSect":9,"source_layer":"road","kind":"road_centerline","bridge":false,"major":true},"geometry":{"type":"LineString","coordinates":[[138.60351562,35.30999484],[138.60351562,35.30999485],[138.60289335,35.31099293],[138.6020565,35.31197348],[138.6011982,35.31277893],[138.59999657,35.31360188],[138.59943867,35.31391705]]},"id":"gsi-12-3624-1618-road-46"},{"type":"Feature","properties":{"ftCode":2704,"motorway":9,"rnkWidth":2,"rdCtg":1,"tollSect":9,"source_layer":"road","kind":"road_centerline","bridge":false,"major":true},"geometry":{"type":"LineString","coordinates":[[138.60220671,35.31155325],[138.60267878,35.31153574]]},"id":"gsi-12-3624-1618-road-47"},{"type":"Feature","properties":{"ftCode":2703,"motorway":9,"rnkWidth":2,"rdCtg":1,"tollSect":9,"source_layer":"road","kind":"road_centerline","bridge":true,"major":true},"geometry":{"type":"LineString","coordinates":[[138.59398842,35.30612499],[138.59407425,35.30563468]]},"id":"gsi-12-3624-1618-road-48"},{"type":"Feature","properties":{"ftCode":2701,"motorway":9,"rnkWidth":2,"rdCtg":1,"tollSect":9,"source_layer":"road","kind":"road_centerline","bridge":false,"major":true},"geometry":{"type":"LineString","coordinates":[[138.59392405,35.30206232],[138.59413862,35.30358584],[138.594203,35.30463654],[138.59407425,35.30563468]]},"id":"gsi-12-3624-1618-road-49"},{"type":"Feature","properties":{"ftCode":2701,"motorway":9,"rnkWidth":2,"rdCtg":1,"tollSect":9,"source_layer":"road","kind":"road_centerline","bridge":false,"major":true},"geometry":{"type":"LineString","coordinates":[[138.59012604,35.30255265],[138.58989,35.30253514],[138.58969688,35.30237753],[138.5891819,35.30111667],[138.58907461,35.30020603],[138.58879566,35.29957558],[138.58725071,35.29864741],[138.58450413,35.2958103]]},"id":"gsi-12-3624-1618-road-50"},{"type":"Feature","properties":{"ftCode":2701,"motorway":9,"rnkWidth":2,"rdCtg":1,"tollSect":9,"source_layer":"road","kind":"road_centerline","bridge":false,"major":true},"geometry":{"type":"LineString","coordinates":[[138.59392405,35.30206232],[138.59332323,35.29805198],[138.59330177,35.29749157],[138.59355927,35.29689612],[138.59375238,35.29663343],[138.59589815,35.29493463],[138.59641314,35.29444425],[138.59918118,35.29150191],[138.59969616,35.2911166],[138.60068321,35.2906262]]},"id":"gsi-12-3624-1618-road-51"},{"type":"Feature","properties":{"ftCode":2703,"motorway":9,"rnkWidth":2,"rdCtg":1,"tollSect":9,"source_layer":"road","kind":"road_centerline","bridge":true,"major":true},"geometry":{"type":"LineString","coordinates":[[138.60068321,35.2906262],[138.60106945,35.29041602]]},"id":"gsi-12-3624-1618-road-52"},{"type":"Feature","properties":{"ftCode":2701,"motorway":9,"rnkWidth":2,"rdCtg":1,"tollSect":9,"source_layer":"road","kind":"road_centerline","bridge":false,"major":true},"geometry":{"type":"LineString","coordinates":[[138.60297918,35.28721081],[138.60156298,35.28992562],[138.60143423,35.29013579],[138.60106945,35.29041602]]},"id":"gsi-12-3624-1618-road-53"},{"type":"Feature","properties":{"ftCode":2703,"motorway":9,"rnkWidth":2,"rdCtg":1,"tollSect":9,"source_layer":"road","kind":"road_centerline","bridge":true,"major":true},"geometry":{"type":"LineString","coordinates":[[138.60297918,35.28721081],[138.60312939,35.2869656]]},"id":"gsi-12-3624-1618-road-54"},{"type":"Feature","properties":{"ftCode":2701,"motorway":9,"rnkWidth":1,"rdCtg":1,"tollSect":9,"source_layer":"road","kind":"road_centerline","bridge":false,"major":true},"geometry":{"type":"LineString","coordinates":[[138.56257439,35.27494925],[138.5631752,35.27521202],[138.56328249,35.27531713],[138.56347561,35.27621053],[138.56379747,35.27685867],[138.56431246,35.27743675],[138.56510639,35.27901329]]},"id":"gsi-12-3624-1618-road-55"},{"type":"Feature","properties":{"ftCode":2701,"motorway":9,"rnkWidth":1,"rdCtg":1,"tollSect":9,"source_layer":"road","kind":"road_centerline","bridge":false,"major":true},"geometry":{"type":"LineString","coordinates":[[138.56559992,35.27920597],[138.56566429,35.27957383],[138.56600761,35.27981906],[138.5665226,35.28001175],[138.56703758,35.27990665],[138.56735945,35.27997672],[138.56871128,35.28129046],[138.56892586,35.28153569],[138.56899023,35.2817634],[138.56907606,35.28179844]]},"id":"gsi-12-3624-1618-road-56"},{"type":"Feature","properties":{"ftCode":2703,"motorway":9,"rnkWidth":1,"rdCtg":1,"tollSect":9,"source_layer":"road","kind":"road_centerline","bridge":true,"major":true},"geometry":{"type":"LineString","coordinates":[[138.56510639,35.27901329],[138.56559992,35.27920597]]},"id":"gsi-12-3624-1618-road-57"},{"type":"Feature","properties":{"ftCode":2701,"motorway":9,"rnkWidth":1,"rdCtg":1,"tollSect":9,"source_layer":"road","kind":"road_centerline","bridge":false,"major":true},"geometry":{"type":"LineString","coordinates":[[138.5696125,35.27857536],[138.56956959,35.27866295],[138.56963396,35.2789257],[138.57004166,35.27939866],[138.57027769,35.27983658],[138.57081413,35.28043215],[138.57089996,35.28060732],[138.57059956,35.28099268],[138.5700202,35.28151817],[138.56971979,35.28167582]]},"id":"gsi-12-3624-1618-road-58"},{"type":"Feature","properties":{"ftCode":2703,"motorway":9,"rnkWidth":1,"rdCtg":1,"tollSect":9,"source_layer":"road","kind":"road_centerline","bridge":true,"major":true},"geometry":{"type":"LineString","coordinates":[[138.56976271,35.27841771],[138.5696125,35.27857536]]},"id":"gsi-12-3624-1618-road-59"},{"type":"Feature","properties":{"ftCode":2701,"motorway":9,"rnkWidth":1,"rdCtg":0,"tollSect":9,"source_layer":"road","kind":"road_centerline","bridge":false,"major":true},"geometry":{"type":"LineString","coordinates":[[138.56004238,35.25946201],[138.56336832,35.26403491],[138.56375456,35.26499851],[138.56441975,35.26566427],[138.56472015,35.26608475],[138.56482744,35.2664877],[138.56523514,35.26704833],[138.56536388,35.26734616],[138.56542826,35.26776662],[138.5654068,35.26841484],[138.56579304,35.26915064],[138.56592178,35.26988644],[138.56622219,35.27018426],[138.56650114,35.27034193],[138.5666728,35.27055216],[138.56682301,35.27102516],[138.56838942,35.27426606],[138.56920481,35.27515947],[138.56982708,35.27522954],[138.57004166,35.27533464],[138.57261658,35.27803233],[138.57394695,35.27889067]]},"id":"gsi-12-3624-1618-road-60"},{"type":"Feature","properties":{"ftCode":2701,"motorway":9,"rnkWidth":1,"rdCtg":1,"tollSect":9,"source_layer":"road","kind":"road_centerline","bridge":false,"major":true},"geometry":{"type":"LineString","coordinates":[[138.57165098,35.27705137],[138.57130766,35.27755937],[138.57081413,35.27780461],[138.5705781,35.2781024],[138.57004166,35.27826006],[138.56976271,35.27841771]]},"id":"gsi-12-3624-1618-road-61"},{"type":"Feature","properties":{"ftCode":2701,"motorway":9,"rnkWidth":2,"rdCtg":0,"tollSect":9,"source_layer":"road","kind":"road_centerline","bridge":false,"major":true},"geometry":{"type":"LineString","coordinates":[[138.57448339,35.27804985],[138.57420444,35.27827757],[138.57394695,35.27889067]]},"id":"gsi-12-3624-1618-road-62"},{"type":"Feature","properties":{"ftCode":2703,"motorway":9,"rnkWidth":2,"rdCtg":0,"tollSect":9,"source_layer":"road","kind":"road_centerline","bridge":true,"major":true},"geometry":{"type":"LineString","coordinates":[[138.5746336,35.27797978],[138.57448339,35.27804985]]},"id":"gsi-12-3624-1618-road-63"},{"type":"Feature","properties":{"ftCode":2701,"motorway":9,"rnkWidth":2,"rdCtg":0,"tollSect":9,"source_layer":"road","kind":"road_centerline","bridge":false,"major":true},"geometry":{"type":"LineString","coordinates":[[138.57501984,35.27782213],[138.5746336,35.27797978]]},"id":"gsi-12-3624-1618-road-64"},{"type":"Feature","properties":{"ftCode":2703,"motorway":9,"rnkWidth":2,"rdCtg":0,"tollSect":9,"source_layer":"road","kind":"road_centerline","bridge":true,"major":true},"geometry":{"type":"LineString","coordinates":[[138.57521296,35.27769951],[138.57501984,35.27782213]]},"id":"gsi-12-3624-1618-road-65"},{"type":"Feature","properties":{"ftCode":2701,"motorway":9,"rnkWidth":1,"rdCtg":1,"tollSect":9,"source_layer":"road","kind":"road_centerline","bridge":false,"major":true},"geometry":{"type":"LineString","coordinates":[[138.5768652,35.28614237],[138.57692957,35.28607231],[138.57697248,35.28421566],[138.57753038,35.28333986],[138.57920408,35.28153569],[138.57937574,35.27971396],[138.57931137,35.27922349],[138.57864618,35.27743675],[138.57864618,35.27445875],[138.57768059,35.27202372],[138.57740164,35.2707799],[138.57677937,35.26997404],[138.57609272,35.26848492]]},"id":"gsi-12-3624-1618-road-66"},{"type":"Feature","properties":{"ftCode":2701,"motorway":9,"rnkWidth":2,"rdCtg":0,"tollSect":9,"source_layer":"road","kind":"road_centerline","bridge":false,"major":true},"geometry":{"type":"LineString","coordinates":[[138.57521296,35.27769951],[138.57652187,35.27691123],[138.57817411,35.27659591],[138.57849598,35.27647329],[138.58197212,35.2763857]]},"id":"gsi-12-3624-1618-road-67"},{"type":"Feature","properties":{"ftCode":2701,"motorway":0,"rnkWidth":2,"rdCtg":1,"tollSect":0,"source_layer":"road","kind":"road_centerline","bridge":false,"major":true},"geometry":{"type":"LineString","coordinates":[[138.57538462,35.26704833],[138.57501984,35.26725856],[138.57426882,35.26752135],[138.57381821,35.26780166],[138.57319593,35.26843236],[138.5729599,35.26880026],[138.57283115,35.26923824],[138.57289553,35.26981637],[138.57332468,35.27065727],[138.57416153,35.27288212],[138.57446194,35.27473904],[138.5746336,35.2750894],[138.57510567,35.27575507]]},"id":"gsi-12-3624-1618-road-68"},{"type":"Feature","properties":{"ftCode":2701,"motorway":9,"rnkWidth":2,"rdCtg":1,"tollSect":9,"source_layer":"road","kind":"road_centerline","bridge":false,"major":true},"geometry":{"type":"LineString","coordinates":[[138.57609272,35.26848492],[138.57555628,35.26734616]]},"id":"gsi-12-3624-1618-road-69"},{"type":"Feature","properties":{"ftCode":2701,"motorway":0,"rnkWidth":2,"rdCtg":1,"tollSect":0,"source_layer":"road","kind":"road_centerline","bridge":false,"major":true},"geometry":{"type":"LineString","coordinates":[[138.57555628,35.26734616],[138.57538462,35.26704833]]},"id":"gsi-12-3624-1618-road-70"},{"type":"Feature","properties":{"ftCode":2701,"motorway":0,"rnkWidth":2,"rdCtg":1,"tollSect":0,"source_layer":"road","kind":"road_centerline","bridge":false,"major":true},"geometry":{"type":"LineString","coordinates":[[138.57615709,35.26604971],[138.5758996,35.2665753],[138.57538462,35.26704833]]},"id":"gsi-12-3624-1618-road-71"},{"type":"Feature","properties":{"ftCode":2701,"motorway":9,"rnkWidth":1,"rdCtg":1,"tollSect":9,"source_layer":"road","kind":"road_centerline","bridge":false,"major":true},"geometry":{"type":"LineString","coordinates":[[138.55742455,35.25520425],[138.55772495,35.25502903],[138.55933428,35.25467859],[138.55984926,35.25443327],[138.5603857,35.25376743],[138.56130838,35.25296139],[138.56235981,35.25183994],[138.56242418,35.25126168],[138.56255293,35.2508937],[138.56399059,35.2502103],[138.56396914,35.2499124],[138.56384039,35.24964955],[138.56392622,35.24905376],[138.56435537,35.24865072],[138.56441975,35.24847548],[138.56439829,35.2483353],[138.56411934,35.24786216],[138.56411934,35.24765187],[138.56472015,35.24644273],[138.56542826,35.24561909]]},"id":"gsi-12-3624-1618-road-72"},{"type":"Feature","properties":{"ftCode":2701,"motorway":9,"rnkWidth":2,"rdCtg":1,"tollSect":9,"source_layer":"road","kind":"road_centerline","bridge":false,"major":true},"geometry":{"type":"LineString","coordinates":[[138.57615709,35.26604971],[138.57753038,35.26165213],[138.57774496,35.26116155],[138.57804537,35.26088121],[138.57825994,35.26077609],[138.5803628,35.2601979],[138.58143568,35.25981243]]},"id":"gsi-12-3624-1618-road-73"},{"type":"Feature","properties":{"ftCode":2703,"motorway":9,"rnkWidth":2,"rdCtg":0,"tollSect":9,"source_layer":"road","kind":"road_centerline","bridge":true,"major":true},"geometry":{"type":"LineString","coordinates":[[138.58197212,35.2763857],[138.58253002,35.27633315]]},"id":"gsi-12-3624-1618-road-74"},{"type":"Feature","properties":{"ftCode":2701,"motorway":9,"rnkWidth":2,"rdCtg":0,"tollSect":9,"source_layer":"road","kind":"road_centerline","bridge":false,"major":true},"geometry":{"type":"LineString","coordinates":[[138.58253002,35.27633315],[138.58476162,35.27614046],[138.58667135,35.27610542]]},"id":"gsi-12-3624-1618-road-75"},{"type":"Feature","properties":{"ftCode":2703,"motorway":9,"rnkWidth":2,"rdCtg":0,"tollSect":9,"source_layer":"road","kind":"road_centerline","bridge":true,"major":true},"geometry":{"type":"LineString","coordinates":[[138.58667135,35.27610542],[138.58785152,35.27607039],[138.58800173,35.27612294]]},"id":"gsi-12-3624-1618-road-76"},{"type":"Feature","properties":{"ftCode":2701,"motorway":9,"rnkWidth":2,"rdCtg":0,"tollSect":9,"source_layer":"road","kind":"road_centerline","bridge":false,"major":true},"geometry":{"type":"LineString","coordinates":[[138.58800173,35.27612294],[138.58836651,35.27631563],[138.58935356,35.27719151],[138.58982563,35.2773842],[138.5902977,35.27743675],[138.59081268,35.2773842],[138.59413862,35.27666598],[138.59482527,35.27663095],[138.59519005,35.27675357],[138.59542608,35.27696378],[138.59583378,35.27719151],[138.59802246,35.27780461]]},"id":"gsi-12-3624-1618-road-77"},{"type":"Feature","properties":{"ftCode":2703,"motorway":9,"rnkWidth":2,"rdCtg":0,"tollSect":9,"source_layer":"road","kind":"road_centerline","bridge":true,"major":true},"geometry":{"type":"LineString","coordinates":[[138.59802246,35.27780461],[138.59847307,35.27757689]]},"id":"gsi-12-3624-1618-road-78"},{"type":"Feature","properties":{"ftCode":2701,"motorway":9,"rnkWidth":1,"rdCtg":1,"tollSect":9,"source_layer":"road","kind":"road_centerline","bridge":false,"major":true},"geometry":{"type":"LineString","coordinates":[[138.58143568,35.25981243],[138.58173609,35.25949705],[138.581779,35.25921671],[138.58180046,35.25813039],[138.58165026,35.25646583],[138.58165026,35.25534443],[138.58180046,35.25417044],[138.58190775,35.25406531],[138.58205795,35.25403026],[138.58259439,35.25418796],[138.58287334,35.25410035],[138.58325958,35.25355716],[138.58334541,35.25308405],[138.58362436,35.25268103],[138.58426809,35.25229553],[138.58495474,35.25143691],[138.58557701,35.25092874],[138.58589888,35.25000002]]},"id":"gsi-12-3624-1618-road-79"},{"type":"Feature","properties":{"ftCode":2701,"motorway":0,"rnkWidth":3,"rdCtg":1,"tollSect":0,"source_layer":"road","kind":"road_centerline","bridge":false,"major":true},"geometry":{"type":"LineString","coordinates":[[138.58589888,35.25000002],[138.58622074,35.24954441],[138.58647823,35.24929909],[138.58924627,35.24714368],[138.5895896,35.24651282],[138.58976126,35.24561909]]},"id":"gsi-12-3624-1618-road-80"},{"type":"Feature","properties":{"ftCode":2701,"motorway":9,"rnkWidth":1,"rdCtg":1,"tollSect":9,"source_layer":"road","kind":"road_centerline","bridge":false,"major":true},"geometry":{"type":"LineString","coordinates":[[138.56753111,35.2459871],[138.56686592,35.24574176],[138.56680155,35.24561909]]},"id":"gsi-12-3624-1618-road-83"},{"type":"Feature","properties":{"ftCode":2701,"motorway":9,"rnkWidth":2,"rdCtg":1,"tollSect":9,"source_layer":"road","kind":"road_centerline","bridge":false,"major":true},"geometry":{"type":"LineString","coordinates":[[138.5685396,35.24561909],[138.56813192,35.24568919],[138.56753111,35.2459871]]},"id":"gsi-12-3624-1618-road-84"},{"type":"Feature","properties":{"ftCode":2701,"motorway":9,"rnkWidth":2,"rdCtg":1,"tollSect":9,"source_layer":"road","kind":"road_centerline","bridge":false,"major":true},"geometry":{"type":"LineString","coordinates":[[138.60351562,35.3113081],[138.60351562,35.31130811],[138.60312939,35.31151823],[138.60267878,35.31153574]]},"id":"gsi-12-3624-1618-road-86"},{"type":"Feature","properties":{"ftCode":2701,"motorway":9,"rnkWidth":2,"rdCtg":0,"tollSect":9,"source_layer":"road","kind":"road_centerline","bridge":false,"major":true},"geometry":{"type":"LineString","coordinates":[[138.60351562,35.3020098],[138.60351562,35.30200978],[138.60336542,35.30120423],[138.60330105,35.30001339],[138.60351562,35.29854234],[138.60351562,35.29854232]]},"id":"gsi-12-3624-1618-road-88"},{"type":"Feature","properties":{"ftCode":2701,"motorway":9,"rnkWidth":2,"rdCtg":0,"tollSect":9,"source_layer":"road","kind":"road_centerline","bridge":false,"major":true},"geometry":{"type":"LineString","coordinates":[[138.59847307,35.27757689],[138.59877348,35.27741923],[138.60066175,35.27673605],[138.60126257,35.27666598],[138.60188484,35.27649081],[138.60351562,35.27631563]]},"id":"gsi-12-3624-1618-road-89"},{"type":"Feature","properties":{"ftCode":2701,"motorway":9,"rnkWidth":2,"rdCtg":1,"tollSect":9,"source_layer":"road","kind":"road_centerline","bridge":false,"major":true},"geometry":{"type":"MultiLineString","coordinates":[[[138.60351562,35.26571682],[138.60351562,35.26571683],[138.60334396,35.26611978],[138.60334396,35.26647018],[138.60351562,35.26680305],[138.60351562,35.26680306]],[[138.60351562,35.27084998],[138.60276461,35.27132298],[138.60242128,35.2716208],[138.60216379,35.27202372],[138.60207796,35.27240913],[138.60218525,35.27312738],[138.60239983,35.2735303],[138.60351562,35.27431861]],[[138.60351562,35.28221882],[138.60351562,35.28221883],[138.60282898,35.28423317],[138.60255003,35.28545927],[138.60263586,35.2858271],[138.6031723,35.28684299],[138.60312939,35.2869656]]]},"id":"gsi-12-3624-1618-road-90"},{"type":"Feature","properties":{"ftCode":2701,"motorway":9,"rnkWidth":1,"rdCtg":1,"tollSect":9,"source_layer":"road","kind":"road_centerline","bridge":false,"major":true},"geometry":{"type":"LineString","coordinates":[[138.56542826,35.24561909],[138.56549263,35.245549]]},"id":"gsi-12-3624-1619-road-4"},{"type":"Feature","properties":{"ftCode":2701,"motorway":0,"rnkWidth":3,"rdCtg":1,"tollSect":0,"source_layer":"road","kind":"road_centerline","bridge":false,"major":true},"geometry":{"type":"LineString","coordinates":[[138.58976126,35.24561909],[138.58991146,35.24514594],[138.59042645,35.24437487],[138.59237909,35.24260488],[138.59300137,35.24223686],[138.59355927,35.24207913],[138.5939455,35.24206161]]},"id":"gsi-12-3624-1619-road-5"},{"type":"Feature","properties":{"ftCode":2701,"motorway":9,"rnkWidth":1,"rdCtg":1,"tollSect":9,"source_layer":"road","kind":"road_centerline","bridge":false,"major":true},"geometry":{"type":"LineString","coordinates":[[138.56549263,35.245549],[138.56542826,35.24530366],[138.56566429,35.24409448]]},"id":"gsi-12-3624-1619-road-75"},{"type":"Feature","properties":{"ftCode":2701,"motorway":9,"rnkWidth":1,"rdCtg":1,"tollSect":9,"source_layer":"road","kind":"road_centerline","bridge":false,"major":true},"geometry":{"type":"LineString","coordinates":[[138.56680155,35.24561909],[138.56654406,35.24507584],[138.56635094,35.24502327],[138.56585741,35.24516346],[138.56549263,35.245549]]},"id":"gsi-12-3624-1619-road-76"},{"type":"Feature","properties":{"ftCode":2701,"motorway":9,"rnkWidth":2,"rdCtg":1,"tollSect":9,"source_layer":"road","kind":"road_centerline","bridge":false,"major":true},"geometry":{"type":"LineString","coordinates":[[138.57006311,35.24491812],[138.56899023,35.24551395],[138.56853962,35.24561909],[138.5685396,35.24561909]]},"id":"gsi-12-3624-1619-road-77"},{"type":"Feature","properties":{"ftCode":2701,"motorway":0,"rnkWidth":2,"rdCtg":1,"tollSect":9,"source_layer":"road","kind":"road_centerline","bridge":false,"major":true},"geometry":{"type":"LineString","coordinates":[[138.57006311,35.24491812],[138.57019186,35.24465526],[138.57021332,35.24440992],[138.57014894,35.24390171]]},"id":"gsi-12-3624-1619-road-78"},{"type":"Feature","properties":{"ftCode":2701,"motorway":9,"rnkWidth":2,"rdCtg":1,"tollSect":9,"source_layer":"road","kind":"road_centerline","bridge":false,"major":true},"geometry":{"type":"LineString","coordinates":[[138.56566429,35.24409448],[138.56585741,35.24370894],[138.56607199,35.2429729],[138.56609344,35.24249973],[138.56583595,35.24185131],[138.5659647,35.24074723],[138.56613636,35.24050187],[138.56718694,35.24]]},"id":"gsi-12-3624-1619-road-79"},{"type":"Feature","properties":{"ftCode":2701,"motorway":9,"rnkWidth":1,"rdCtg":1,"tollSect":9,"source_layer":"road","kind":"road_centerline","bridge":false,"major":true},"geometry":{"type":"LineString","coordinates":[[138.5727561,35.24],[138.57227325,35.2403792],[138.5718441,35.24151833],[138.57014894,35.24390171]]},"id":"gsi-12-3624-1619-road-82"},{"type":"Feature","properties":{"ftCode":2703,"motorway":0,"rnkWidth":3,"rdCtg":1,"tollSect":0,"source_layer":"road","kind":"road_centerline","bridge":true,"major":true},"geometry":{"type":"LineString","coordinates":[[138.5939455,35.24206161],[138.59486818,35.24200903]]},"id":"gsi-12-3624-1619-road-89"},{"type":"Feature","properties":{"ftCode":2701,"motorway":0,"rnkWidth":3,"rdCtg":1,"tollSect":0,"source_layer":"road","kind":"road_centerline","bridge":false,"major":true},"geometry":{"type":"LineString","coordinates":[[138.59486818,35.24200903],[138.59589815,35.24197398]]},"id":"gsi-12-3624-1619-road-90"},{"type":"Feature","properties":{"ftCode":2701,"motorway":0,"rnkWidth":2,"rdCtg":1,"tollSect":0,"source_layer":"road","kind":"road_centerline","bridge":false,"major":true},"geometry":{"type":"LineString","coordinates":[[138.596735,35.24200903],[138.59589815,35.24197398]]},"id":"gsi-12-3624-1619-road-91"},{"type":"Feature","properties":{"ftCode":2701,"motorway":0,"rnkWidth":1,"rdCtg":1,"tollSect":0,"source_layer":"road","kind":"road_centerline","bridge":false,"major":true},"geometry":{"type":"LineString","coordinates":[[138.60089003,35.24],[138.6003828,35.24122041],[138.59999657,35.24134308],[138.59965324,35.24136061],[138.59789371,35.24186883],[138.59720707,35.24199151],[138.596735,35.24200903]]},"id":"gsi-12-3624-1619-road-92"},{"type":"Feature","properties":{"ftCode":2701,"motorway":9,"rnkWidth":2,"rdCtg":1,"tollSect":9,"source_layer":"road","kind":"road_centerline","bridge":false,"major":true},"geometry":{"type":"LineString","coordinates":[[138.60673846,35.61],[138.60772133,35.60816746]]},"id":"gsi-12-3625-1613-road-86"},{"type":"Feature","properties":{"ftCode":2701,"motorway":9,"rnkWidth":2,"rdCtg":1,"tollSect":9,"source_layer":"road","kind":"road_centerline","bridge":false,"major":true},"geometry":{"type":"LineString","coordinates":[[138.60772133,35.60816746],[138.60746384,35.60794067],[138.60737801,35.60766154],[138.60735655,35.60727774],[138.60750675,35.60685904],[138.60937357,35.60516678],[138.61025333,35.60469574]]},"id":"gsi-12-3625-1613-road-87"},{"type":"Feature","properties":{"ftCode":2703,"motorway":1,"rnkWidth":4,"rdCtg":3,"tollSect":1,"source_layer":"road","kind":"road_centerline","bridge":true,"major":true},"geometry":{"type":"LineString","coordinates":[[138.60973835,35.60399788],[138.61033916,35.6044166]]},"id":"gsi-12-3625-1613-road-88"},{"type":"Feature","properties":{"ftCode":2701,"motorway":1,"rnkWidth":4,"rdCtg":3,"tollSect":1,"source_layer":"road","kind":"road_centerline","bridge":false,"major":true},"geometry":{"type":"LineString","coordinates":[[138.61033916,35.6044166],[138.61188412,35.6055506]]},"id":"gsi-12-3625-1613-road-89"},{"type":"Feature","properties":{"ftCode":2704,"motorway":9,"rnkWidth":2,"rdCtg":1,"tollSect":9,"source_layer":"road","kind":"road_centerline","bridge":false,"major":true},"geometry":{"type":"LineString","coordinates":[[138.61083269,35.60446893],[138.61025333,35.60469574]]},"id":"gsi-12-3625-1613-road-90"},{"type":"Feature","properties":{"ftCode":2701,"motorway":9,"rnkWidth":2,"rdCtg":1,"tollSect":9,"source_layer":"road","kind":"road_centerline","bridge":false,"major":true},"geometry":{"type":"LineString","coordinates":[[138.61928701,35.60748708],[138.61829996,35.60750453],[138.61729145,35.60766154],[138.61664772,35.60783599],[138.61602545,35.60809768],[138.61486673,35.60869082],[138.61452341,35.60879549],[138.61396551,35.60886527],[138.61334324,35.60883038],[138.60950232,35.6076092],[138.60885859,35.60759176],[138.6084938,35.60767898],[138.60812902,35.60785344],[138.60772133,35.60816746]]},"id":"gsi-12-3625-1613-road-91"},{"type":"Feature","properties":{"ftCode":2701,"motorway":1,"rnkWidth":4,"rdCtg":3,"tollSect":1,"source_layer":"road","kind":"road_centerline","bridge":false,"major":true},"geometry":{"type":"LineString","coordinates":[[138.61237764,35.60591696],[138.61540318,35.60811512]]},"id":"gsi-12-3625-1613-road-92"},{"type":"Feature","properties":{"ftCode":2703,"motorway":1,"rnkWidth":4,"rdCtg":3,"tollSect":1,"source_layer":"road","kind":"road_centerline","bridge":true,"major":true},"geometry":{"type":"LineString","coordinates":[[138.61188412,35.6055506],[138.61237764,35.60591696]]},"id":"gsi-12-3625-1613-road-93"},{"type":"Feature","properties":{"ftCode":2703,"motorway":1,"rnkWidth":4,"rdCtg":3,"tollSect":1,"source_layer":"road","kind":"road_centerline","bridge":true,"major":true},"geometry":{"type":"LineString","coordinates":[[138.61540318,35.60811512],[138.61593962,35.60851637]]},"id":"gsi-12-3625-1613-road-99"},{"type":"Feature","properties":{"ftCode":2701,"motorway":1,"rnkWidth":4,"rdCtg":3,"tollSect":1,"source_layer":"road","kind":"road_centerline","bridge":false,"major":true},"geometry":{"type":"LineString","coordinates":[[138.61593962,35.60851637],[138.61797053,35.61]]},"id":"gsi-12-3625-1613-road-101"},{"type":"Feature","properties":{"ftCode":2703,"motorway":9,"rnkWidth":2,"rdCtg":1,"tollSect":9,"source_layer":"road","kind":"road_centerline","bridge":true,"major":true},"geometry":{"type":"LineString","coordinates":[[138.61986637,35.60984221],[138.61992609,35.61]]},"id":"gsi-12-3625-1613-road-102"},{"type":"Feature","properties":{"ftCode":2701,"motorway":9,"rnkWidth":2,"rdCtg":1,"tollSect":9,"source_layer":"road","kind":"road_centerline","bridge":false,"major":true},"geometry":{"type":"LineString","coordinates":[[138.61928701,35.60748708],[138.61935139,35.60815001],[138.61986637,35.60984221]]},"id":"gsi-12-3625-1613-road-103"},{"type":"Feature","properties":{"ftCode":2701,"motorway":9,"rnkWidth":2,"rdCtg":1,"tollSect":9,"source_layer":"road","kind":"road_centerline","bridge":false,"major":true},"geometry":{"type":"MultiLineString","coordinates":[[[138.61083269,35.60446893],[138.61252785,35.60439915],[138.61347198,35.60425958],[138.61430883,35.60406767],[138.61581087,35.60398044],[138.61699104,35.60399788],[138.61735582,35.6039281],[138.61787081,35.60371874]],[[138.61896516,35.60371874],[138.6193943,35.60375363]]]},"id":"gsi-12-3625-1613-road-104"},{"type":"Feature","properties":{"ftCode":2701,"motorway":9,"rnkWidth":2,"rdCtg":1,"tollSect":9,"source_layer":"road","kind":"road_centerline","bridge":false,"major":true},"geometry":{"type":"LineString","coordinates":[[138.61928701,35.60748708],[138.61952305,35.60514934],[138.6193943,35.60375363]]},"id":"gsi-12-3625-1613-road-105"},{"type":"Feature","properties":{"ftCode":2701,"motorway":9,"rnkWidth":2,"rdCtg":1,"tollSect":9,"source_layer":"road","kind":"road_centerline","bridge":false,"major":true},"geometry":{"type":"LineString","coordinates":[[138.62617493,35.60663224],[138.62471581,35.60720795],[138.62340689,35.60750453],[138.62284899,35.60753942],[138.61928701,35.60748708]]},"id":"gsi-12-3625-1613-road-110"},{"type":"Feature","properties":{"ftCode":2701,"motorway":9,"rnkWidth":2,"rdCtg":1,"tollSect":9,"source_layer":"road","kind":"road_centerline","bridge":false,"major":true},"geometry":{"type":"LineString","coordinates":[[138.6193943,35.60375363],[138.62154007,35.60375363],[138.62205505,35.60387576],[138.62254858,35.60413745],[138.62617493,35.60663224]]},"id":"gsi-12-3625-1613-road-111"},{"type":"Feature","properties":{"ftCode":2701,"motorway":9,"rnkWidth":2,"rdCtg":1,"tollSect":9,"source_layer":"road","kind":"road_centerline","bridge":false,"major":true},"geometry":{"type":"LineString","coordinates":[[138.6321031,35.61],[138.63117456,35.60870827],[138.63095999,35.60860359],[138.63010168,35.6083768]]},"id":"gsi-12-3625-1613-road-148"},{"type":"Feature","properties":{"ftCode":2703,"motorway":9,"rnkWidth":2,"rdCtg":1,"tollSect":9,"source_layer":"road","kind":"road_centerline","bridge":true,"major":true},"geometry":{"type":"LineString","coordinates":[[138.6295867,35.60823724],[138.63010168,35.6083768]]},"id":"gsi-12-3625-1613-road-149"},{"type":"Feature","properties":{"ftCode":2701,"motorway":9,"rnkWidth":2,"rdCtg":1,"tollSect":9,"source_layer":"road","kind":"road_centerline","bridge":false,"major":true},"geometry":{"type":"LineString","coordinates":[[138.62617493,35.60663224],[138.62802029,35.60769643],[138.62885714,35.60808023],[138.6295867,35.60823724]]},"id":"gsi-12-3625-1613-road-150"},{"type":"Feature","properties":{"ftCode":2701,"motorway":9,"rnkWidth":2,"rdCtg":1,"tollSect":9,"source_layer":"road","kind":"road_centerline","bridge":false,"major":true},"geometry":{"type":"LineString","coordinates":[[138.62617493,35.60663224],[138.62684011,35.60637056],[138.62769842,35.60612631],[138.63306284,35.60506211],[138.63357782,35.60506211],[138.63430738,35.60527146]]},"id":"gsi-12-3625-1613-road-151"},{"type":"Feature","properties":{"ftCode":2701,"motorway":9,"rnkWidth":2,"rdCtg":1,"tollSect":9,"source_layer":"road","kind":"road_centerline","bridge":false,"major":true},"geometry":{"type":"LineString","coordinates":[[138.65681648,35.60504466],[138.6564517,35.60584718],[138.65434885,35.60682415],[138.65409136,35.6070335],[138.65325451,35.6082198],[138.65155935,35.60940608],[138.65048385,35.61]]},"id":"gsi-12-3625-1613-road-205"},{"type":"Feature","properties":{"ftCode":2701,"motorway":9,"rnkWidth":2,"rdCtg":1,"tollSect":9,"source_layer":"road","kind":"road_centerline","bridge":false,"major":true},"geometry":{"type":"LineString","coordinates":[[138.66229179,35.61],[138.66097927,35.60870827],[138.66055012,35.60823724],[138.6599493,35.60734752],[138.65793228,35.60598675],[138.65711689,35.60523657],[138.65681648,35.60504466]]},"id":"gsi-12-3625-1613-road-207"},{"type":"Feature","properties":{"ftCode":2701,"motorway":1,"rnkWidth":4,"rdCtg":3,"tollSect":1,"source_layer":"road","kind":"road_centerline","bridge":false,"major":true},"geometry":{"type":"LineString","coordinates":[[138.60933065,35.60371874],[138.60973835,35.60399788]]},"id":"gsi-12-3625-1613-road-234"},{"type":"Feature","properties":{"ftCode":2701,"motorway":9,"rnkWidth":2,"rdCtg":1,"tollSect":9,"source_layer":"road","kind":"road_centerline","bridge":false,"major":true},"geometry":{"type":"LineString","coordinates":[[138.61937284,35.60371874],[138.6193943,35.60375363]]},"id":"gsi-12-3625-1613-road-236"},{"type":"Feature","properties":{"ftCode":2701,"motorway":9,"rnkWidth":2,"rdCtg":1,"tollSect":9,"source_layer":"road","kind":"road_centerline","bridge":false,"major":true},"geometry":{"type":"LineString","coordinates":[[138.65681648,35.60504466],[138.65690231,35.60410256],[138.65694523,35.6038932],[138.65705252,35.60371874]]},"id":"gsi-12-3625-1613-road-237"},{"type":"Feature","properties":{"ftCode":2701,"motorway":9,"rnkWidth":2,"rdCtg":1,"tollSect":9,"source_layer":"road","kind":"road_centerline","bridge":false,"major":true},"geometry":{"type":"LineString","coordinates":[[138.61787081,35.60371874],[138.61810684,35.60364895],[138.61896515,35.60371874],[138.61896516,35.60371874]]},"id":"gsi-12-3625-1614-road-4"},{"type":"Feature","properties":{"ftCode":2701,"motorway":9,"rnkWidth":2,"rdCtg":1,"tollSect":9,"source_layer":"road","kind":"road_centerline","bridge":false,"major":true},"geometry":{"type":"LineString","coordinates":[[138.60351562,35.58838185],[138.60510349,35.58801541],[138.60572577,35.58768386],[138.60752821,35.58714291],[138.60795736,35.58695096],[138.60857964,35.5865147],[138.60896587,35.58571199],[138.60924482,35.58534553],[138.60956669,35.58511868],[138.61130476,35.58511868],[138.61164808,35.58524083],[138.61192703,35.58555494]]},"id":"gsi-12-3625-1614-road-10"},{"type":"Feature","properties":{"ftCode":2701,"motorway":9,"rnkWidth":1,"rdCtg":1,"tollSect":9,"source_layer":"road","kind":"road_centerline","bridge":false,"major":true},"geometry":{"type":"LineString","coordinates":[[138.60641241,35.53266278],[138.60647678,35.53280247],[138.60591888,35.53327394],[138.60510349,35.53351841],[138.60465288,35.53393749],[138.6042881,35.53416449],[138.60375166,35.5341121],[138.60351562,35.53414703]]},"id":"gsi-12-3625-1614-road-11"},{"type":"Feature","properties":{"ftCode":2701,"motorway":1,"rnkWidth":4,"rdCtg":3,"tollSect":1,"source_layer":"road","kind":"road_centerline","bridge":false,"major":true},"geometry":{"type":"LineString","coordinates":[[138.60351562,35.60052598],[138.60506058,35.60117152],[138.60641241,35.60185195],[138.60832214,35.60300343],[138.60933065,35.60371874]]},"id":"gsi-12-3625-1614-road-12"},{"type":"Feature","properties":{"ftCode":2701,"motorway":1,"rnkWidth":1,"rdCtg":3,"tollSect":1,"source_layer":"road","kind":"road_centerline","bridge":false,"major":true},"geometry":{"type":"LineString","coordinates":[[138.60351562,35.5998979],[138.60364437,35.60033406],[138.60435247,35.60073534],[138.60435247,35.60092726],[138.60441685,35.60099705],[138.60491037,35.60132854],[138.6049962,35.60152046],[138.60495329,35.60174727],[138.60501766,35.60181706],[138.60583305,35.60223578],[138.60600471,35.60221833],[138.60632658,35.60206131],[138.60718489,35.60246259],[138.60752821,35.60249748]]},"id":"gsi-12-3625-1614-road-13"},{"type":"Feature","properties":{"ftCode":2703,"motorway":9,"rnkWidth":2,"rdCtg":1,"tollSect":9,"source_layer":"road","kind":"road_centerline","bridge":true,"major":true},"geometry":{"type":"LineString","coordinates":[[138.61192703,35.58555494],[138.61252785,35.58635765]]},"id":"gsi-12-3625-1614-road-14"},{"type":"Feature","properties":{"ftCode":2701,"motorway":9,"rnkWidth":2,"rdCtg":1,"tollSect":9,"source_layer":"road","kind":"road_centerline","bridge":false,"major":true},"geometry":{"type":"LineString","coordinates":[[138.61845016,35.59933956],[138.61887932,35.59974085],[138.61913681,35.60209621],[138.61937284,35.60371874]]},"id":"gsi-12-3625-1614-road-15"},{"type":"Feature","properties":{"ftCode":2703,"motorway":9,"rnkWidth":2,"rdCtg":1,"tollSect":9,"source_layer":"road","kind":"road_centerline","bridge":true,"major":true},"geometry":{"type":"LineString","coordinates":[[138.61845016,35.59933956],[138.61821413,35.5990953]]},"id":"gsi-12-3625-1614-road-16"},{"type":"Feature","properties":{"ftCode":2701,"motorway":9,"rnkWidth":2,"rdCtg":1,"tollSect":9,"source_layer":"road","kind":"road_centerline","bridge":false,"major":true},"geometry":{"type":"LineString","coordinates":[[138.61821413,35.5990953],[138.61804247,35.59885104],[138.61804247,35.59871146],[138.6186862,35.59775184],[138.61877203,35.59736798],[138.61872911,35.59649559],[138.618536,35.59588491],[138.61791372,35.59461118],[138.61718416,35.59215092]]},"id":"gsi-12-3625-1614-road-17"},{"type":"Feature","properties":{"ftCode":2701,"motorway":9,"rnkWidth":1,"rdCtg":1,"tollSect":9,"source_layer":"road","kind":"road_centerline","bridge":false,"major":true},"geometry":{"type":"LineString","coordinates":[[138.61718416,35.59215092],[138.61690521,35.59115632],[138.61720562,35.58888789]]},"id":"gsi-12-3625-1614-road-18"},{"type":"Feature","properties":{"ftCode":2701,"motorway":9,"rnkWidth":2,"rdCtg":1,"tollSect":9,"source_layer":"road","kind":"road_centerline","bridge":false,"major":true},"geometry":{"type":"LineString","coordinates":[[138.61252785,35.58635765],[138.61302137,35.58707311],[138.61327887,35.58827715],[138.61355782,35.58862615],[138.61428738,35.58921944],[138.61456633,35.58925434],[138.61602545,35.58895769],[138.61664772,35.58890534],[138.61746311,35.58887044],[138.61864328,35.58895769],[138.61879349,35.58813755],[138.61937284,35.58731741],[138.619802,35.58579924],[138.62055302,35.58450791],[138.621068,35.58300714],[138.62164736,35.58178556],[138.62220526,35.57995316],[138.62323523,35.57855702],[138.62342834,35.57846976]]},"id":"gsi-12-3625-1614-road-19"},{"type":"Feature","properties":{"ftCode":2703,"motorway":9,"rnkWidth":2,"rdCtg":1,"tollSect":9,"source_layer":"road","kind":"road_centerline","bridge":true,"major":true},"geometry":{"type":"LineString","coordinates":[[138.62342834,35.57846976],[138.62375021,35.57855702]]},"id":"gsi-12-3625-1614-road-20"},{"type":"Feature","properties":{"ftCode":2701,"motorway":9,"rnkWidth":2,"rdCtg":1,"tollSect":9,"source_layer":"road","kind":"road_centerline","bridge":false,"major":true},"geometry":{"type":"LineString","coordinates":[[138.62375021,35.57855702],[138.62437248,35.5793249],[138.62458706,35.57944706],[138.62480164,35.57941216],[138.62499475,35.57922019],[138.62486601,35.57869664],[138.62490892,35.5783825],[138.6252737,35.57784149],[138.62572432,35.5775448],[138.62602472,35.57757971],[138.62701178,35.57803346],[138.62744093,35.57803346],[138.62804174,35.57792875],[138.62823486,35.57782404],[138.62842798,35.57759716],[138.62844944,35.57730047],[138.62767696,35.57588683],[138.62819195,35.57517128]]},"id":"gsi-12-3625-1614-road-21"},{"type":"Feature","properties":{"ftCode":2701,"motorway":9,"rnkWidth":1,"rdCtg":1,"tollSect":9,"source_layer":"road","kind":"road_centerline","bridge":false,"major":true},"geometry":{"type":"LineString","coordinates":[[138.62819195,35.57517128],[138.62877131,35.57515382],[138.62883568,35.57510147],[138.62885714,35.57473496],[138.62941504,35.57407175],[138.62954378,35.5734609],[138.62995148,35.5723439],[138.6301446,35.57220427],[138.63057375,35.57204719],[138.63072395,35.5718552],[138.63053083,35.57155849]]},"id":"gsi-12-3625-1614-road-22"},{"type":"Feature","properties":{"ftCode":2701,"motorway":9,"rnkWidth":0,"rdCtg":1,"tollSect":9,"source_layer":"road","kind":"road_centerline","bridge":false,"major":true},"geometry":{"type":"LineString","coordinates":[[138.63332033,35.56908007],[138.63312721,35.56941169],[138.63261223,35.56983058],[138.63214016,35.57004003],[138.63111019,35.57072072],[138.63093853,35.5711047],[138.63053083,35.57155849]]},"id":"gsi-12-3625-1614-road-23"},{"type":"Feature","properties":{"ftCode":2701,"motorway":0,"rnkWidth":0,"rdCtg":1,"tollSect":0,"source_layer":"road","kind":"road_centerline","bridge":false,"major":true},"geometry":{"type":"LineString","coordinates":[[138.63332033,35.56908007],[138.63355637,35.56894043]]},"id":"gsi-12-3625-1614-road-24"},{"type":"Feature","properties":{"ftCode":2701,"motorway":9,"rnkWidth":2,"rdCtg":0,"tollSect":9,"source_layer":"road","kind":"road_centerline","bridge":false,"major":true},"geometry":{"type":"LineString","coordinates":[[138.60351562,35.53332633],[138.60411644,35.5334311],[138.60441685,35.5334311],[138.60559702,35.53322156],[138.6059618,35.53301201],[138.60688448,35.53222623]]},"id":"gsi-12-3625-1614-road-25"},{"type":"Feature","properties":{"ftCode":2721,"motorway":0,"rnkWidth":0,"rdCtg":1,"tollSect":0,"source_layer":"road","kind":"road_centerline","bridge":false,"major":true},"geometry":{"type":"LineString","coordinates":[[138.63355637,35.56894043],[138.6337924,35.56885316],[138.63402843,35.56885316],[138.63402843,35.56916734],[138.63404989,35.5692197],[138.63417864,35.56923715],[138.63460779,35.56894043],[138.63473654,35.56892298],[138.63480091,35.56914988],[138.6349082,35.56918479],[138.63544464,35.5688008],[138.63608837,35.56873099],[138.63681793,35.56839936],[138.63780499,35.56782337],[138.63786936,35.56757901],[138.63834143,35.56729974],[138.6388135,35.56658411],[138.63926411,35.56621756],[138.63924265,35.56614774],[138.63900661,35.5661652],[138.63889933,35.56593829],[138.63868475,35.56604302],[138.63851309,35.56586847],[138.63831997,35.56585101],[138.63829851,35.5656241],[138.63819122,35.56553683],[138.63791227,35.56564156],[138.63780499,35.56548446],[138.63731146,35.56537974],[138.63726854,35.56513537],[138.63795519,35.56433244],[138.63838434,35.56347714],[138.63900661,35.56297094],[138.63956451,35.56272656],[138.63943577,35.56215053],[138.63945723,35.56187125],[138.6396718,35.56150468],[138.6402297,35.56119048],[138.64029408,35.56099846],[138.64018679,35.56075408],[138.64044428,35.5605097]]},"id":"gsi-12-3625-1614-road-26"},{"type":"Feature","properties":{"ftCode":2701,"motorway":9,"rnkWidth":2,"rdCtg":1,"tollSect":9,"source_layer":"road","kind":"road_centerline","bridge":false,"major":true},"geometry":{"type":"LineString","coordinates":[[138.62220526,35.53222623],[138.62241983,35.53259293],[138.62257004,35.53308186],[138.62254858,35.53334379],[138.62226963,35.53409464],[138.622334,35.53432164],[138.62248421,35.53444387],[138.62272024,35.53449626],[138.62297773,35.53444387],[138.62310648,35.53428672],[138.62340689,35.5341121],[138.62362146,35.53409464],[138.62368584,35.53414703],[138.62381458,35.53440895],[138.62392187,35.53498518],[138.6244154,35.53575348],[138.62482309,35.53659161],[138.6252737,35.53685353],[138.62611055,35.53708052],[138.62649679,35.53727259],[138.62684011,35.5375345],[138.62707615,35.53795356],[138.62707615,35.53812817],[138.62681866,35.53854723],[138.6267972,35.53870437],[138.62709761,35.53898374],[138.62748384,35.53907104],[138.62821341,35.53896628],[138.62874985,35.53880914],[138.62907171,35.53880914],[138.62935066,35.53887898],[138.63003731,35.53880914],[138.63031626,35.53886152],[138.63050938,35.53905358],[138.6308527,35.53961232],[138.63108873,35.53982184],[138.6315608,35.53999645],[138.63280535,35.54003137],[138.6330843,35.54013613],[138.63389969,35.54079962],[138.63535881,35.5412885],[138.63557339,35.54127104],[138.63576651,35.54118374],[138.63615274,35.54090438],[138.63720417,35.54038057],[138.63836288,35.54015359],[138.6388135,35.54015359],[138.63915682,35.54025835],[138.63984346,35.54071232],[138.64065886,35.54144564],[138.64072323,35.54158532],[138.64053011,35.54254561],[138.64057302,35.54305195],[138.64070177,35.54338368],[138.64130259,35.54425665],[138.64151716,35.54446616],[138.64177465,35.54455346],[138.64265442,35.544536],[138.64293337,35.54458838],[138.64304066,35.54479789],[138.64299774,35.54521691],[138.64314795,35.5454788],[138.64441395,35.54607241],[138.64583015,35.54724215],[138.64615202,35.54739928],[138.64773989,35.54718978],[138.64812613,35.54724215],[138.64849091,35.54741674],[138.64900589,35.54790558],[138.64928484,35.54808017],[138.65055084,35.54851663],[138.65160227,35.54905784],[138.65211725,35.54924988],[138.65256786,35.54924988],[138.65353346,35.54898801],[138.65471363,35.5494943],[138.65567923,35.55000059],[138.65597963,35.55038467],[138.65595818,35.55090841],[138.65606546,35.55125756],[138.65617275,35.5514496],[138.65651608,35.5517813],[138.65662336,35.55183367],[138.65694523,35.55183367],[138.65733147,35.55176384]]},"id":"gsi-12-3625-1614-road-27"},{"type":"Feature","properties":{"ftCode":2701,"motorway":9,"rnkWidth":2,"rdCtg":1,"tollSect":9,"source_layer":"road","kind":"road_centerline","bridge":false,"major":true},"geometry":{"type":"LineString","coordinates":[[138.65705252,35.60371874],[138.65769625,35.60310811],[138.65803957,35.60263705],[138.65876913,35.60124131],[138.65894079,35.60043874],[138.65930557,35.60019448],[138.66020679,35.59940935],[138.66112947,35.59834506],[138.66138697,35.59815313],[138.66269588,35.59747267],[138.66336107,35.59742033],[138.66372585,35.59721095],[138.6644125,35.59703648],[138.66466999,35.59691434],[138.66561413,35.59633856],[138.66634369,35.59569298],[138.66662264,35.59509974],[138.66737366,35.59429711],[138.66825342,35.59312805],[138.66915464,35.59206367],[138.66932631,35.59176704],[138.66954088,35.59105162],[138.67093563,35.58916709],[138.67102146,35.58892279]]},"id":"gsi-12-3625-1614-road-28"},{"type":"Feature","properties":{"ftCode":2703,"motorway":9,"rnkWidth":2,"rdCtg":1,"tollSect":9,"source_layer":"road","kind":"road_centerline","bridge":true,"major":true},"geometry":{"type":"LineString","coordinates":[[138.67108583,35.5887134],[138.67102146,35.58892279]]},"id":"gsi-12-3625-1614-road-29"},{"type":"Feature","properties":{"ftCode":2701,"motorway":9,"rnkWidth":2,"rdCtg":1,"tollSect":9,"source_layer":"road","kind":"road_centerline","bridge":false,"major":true},"geometry":{"type":"LineString","coordinates":[[138.67649317,35.57927255],[138.67623568,35.57941216],[138.67499113,35.58115732],[138.67134333,35.58801541],[138.67108583,35.5887134]]},"id":"gsi-12-3625-1614-road-30"},{"type":"Feature","properties":{"ftCode":2703,"motorway":9,"rnkWidth":2,"rdCtg":1,"tollSect":9,"source_layer":"road","kind":"road_centerline","bridge":true,"major":true},"geometry":{"type":"LineString","coordinates":[[138.67649317,35.57927255],[138.67683649,35.5793249]]},"id":"gsi-12-3625-1614-road-31"},{"type":"Feature","properties":{"ftCode":2701,"motorway":9,"rnkWidth":2,"rdCtg":1,"tollSect":9,"source_layer":"road","kind":"road_centerline","bridge":false,"major":true},"geometry":{"type":"LineString","coordinates":[[138.68507624,35.57410666],[138.68514061,35.5743859],[138.68507624,35.57457788],[138.68368149,35.576009],[138.6831665,35.57661983],[138.68295193,35.57677691],[138.68196487,35.57724812],[138.68093491,35.57799856],[138.6799264,35.57827779],[138.67943287,35.57855702],[138.67853165,35.5792551],[138.67720127,35.58086064],[138.67690086,35.5809828],[138.67666483,35.58087809],[138.67660046,35.58077339],[138.67660046,35.58063377],[138.67702961,35.57967394],[138.67696524,35.57941216],[138.67683649,35.5793249]]},"id":"gsi-12-3625-1614-road-32"},{"type":"Feature","properties":{"ftCode":2703,"motorway":9,"rnkWidth":2,"rdCtg":1,"tollSect":9,"source_layer":"road","kind":"road_centerline","bridge":true,"major":true},"geometry":{"type":"LineString","coordinates":[[138.68507624,35.57410666],[138.68496895,35.57386232]]},"id":"gsi-12-3625-1614-road-33"},{"type":"Feature","properties":{"ftCode":2701,"motorway":9,"rnkWidth":2,"rdCtg":1,"tollSect":9,"source_layer":"road","kind":"road_centerline","bridge":false,"major":true},"geometry":{"type":"LineString","coordinates":[[138.68496895,35.57386232],[138.68469,35.57361798],[138.68374586,35.57337363],[138.68363857,35.57323401],[138.68368149,35.57300712],[138.68385315,35.57288495],[138.68458271,35.57286749],[138.68471146,35.57283259],[138.6848402,35.57269296],[138.68477583,35.57248352],[138.68453979,35.57239626],[138.68396044,35.57258824],[138.68381023,35.57257079],[138.68370295,35.57248352],[138.6837244,35.57222172],[138.68417501,35.57164576],[138.68417501,35.57120943],[138.68404627,35.5711047],[138.68383169,35.57105234],[138.68333817,35.57113961],[138.6831665,35.5711047],[138.68198633,35.57049383],[138.68192196,35.57033674],[138.68200779,35.57023202],[138.68327379,35.57031929],[138.68338108,35.57016221],[138.68325233,35.57002258],[138.68157864,35.56906261],[138.68153572,35.56895789],[138.68164301,35.56883571],[138.68224382,35.56897534],[138.68235111,35.5688008],[138.68091345,35.56785828],[138.68082762,35.56771864],[138.68099928,35.56756156],[138.68114948,35.56761392],[138.68140697,35.56784082],[138.68155718,35.56784082],[138.68164301,35.5677361],[138.68162155,35.56761392],[138.68082762,35.56703792],[138.6807847,35.56691574],[138.68084908,35.56682847],[138.68106365,35.56681102],[138.68160009,35.56726483],[138.68177176,35.56721247],[138.68181467,35.5671252],[138.68177176,35.56702047],[138.68061304,35.56607792],[138.68057013,35.5659732],[138.68067741,35.56585101],[138.68087053,35.56586847],[138.68185759,35.56661902],[138.68228674,35.56682847],[138.68252277,35.56684593],[138.68275881,35.5667412],[138.6828661,35.56661902],[138.6828661,35.56637465],[138.6826086,35.56614774],[138.68200779,35.56604302],[138.68181467,35.56593829],[138.68162155,35.5656241],[138.68144989,35.56482118],[138.68059158,35.56414044],[138.68009806,35.56358187]]},"id":"gsi-12-3625-1614-road-34"},{"type":"Feature","properties":{"ftCode":2701,"motorway":9,"rnkWidth":1,"rdCtg":1,"tollSect":9,"source_layer":"road","kind":"road_centerline","bridge":false,"major":true},"geometry":{"type":"LineString","coordinates":[[138.65733147,35.55176384],[138.65803957,35.55125756],[138.65825415,35.55101315],[138.65855455,35.55040212],[138.65872622,35.54972126],[138.65887642,35.54940701],[138.65921974,35.54924988],[138.65949869,35.54930226],[138.65962744,35.54945938],[138.65967035,35.54986092]]},"id":"gsi-12-3625-1614-road-35"},{"type":"Feature","properties":{"ftCode":2701,"motorway":9,"rnkWidth":2,"rdCtg":1,"tollSect":9,"source_layer":"road","kind":"road_centerline","bridge":false,"major":true},"geometry":{"type":"LineString","coordinates":[[138.65967035,35.54986092],[138.65986347,35.55029737],[138.66076469,35.55151943],[138.66108656,35.55186859],[138.66153717,35.55218283],[138.66164446,35.55230503],[138.66175175,35.55261927],[138.66194487,35.55277638],[138.66383314,35.55324774],[138.66421938,35.55330011],[138.66557121,35.55336994],[138.66627932,35.55335248],[138.66692305,35.55317791],[138.66724491,35.55316045],[138.66821051,35.55368417],[138.66881132,35.55385874],[138.66932631,35.55419043],[138.67046356,35.55433009],[138.6708498,35.55443483],[138.67127895,35.55471415],[138.67170811,35.5553426],[138.67198706,35.55544734],[138.67278099,35.55518549],[138.67312431,35.55495855],[138.67351055,35.55450466],[138.67430449,35.55429518],[138.67520571,35.55415552],[138.67537737,35.55415552],[138.67608547,35.55434755],[138.67700815,35.5547316],[138.67756605,35.55508075]]},"id":"gsi-12-3625-1614-road-36"},{"type":"Feature","properties":{"ftCode":2704,"motorway":9,"rnkWidth":2,"rdCtg":1,"tollSect":9,"source_layer":"road","kind":"road_centerline","bridge":false,"major":true},"geometry":{"type":"LineString","coordinates":[[138.68009806,35.56358187],[138.67969036,35.56272656],[138.67870331,35.56124284],[138.67786646,35.55974164]]},"id":"gsi-12-3625-1614-road-37"},{"type":"Feature","properties":{"ftCode":2701,"motorway":9,"rnkWidth":2,"rdCtg":1,"tollSect":9,"source_layer":"road","kind":"road_centerline","bridge":false,"major":true},"geometry":{"type":"LineString","coordinates":[[138.67786646,35.55974164],[138.67782354,35.55965436],[138.67812395,35.55878155]]},"id":"gsi-12-3625-1614-road-38"},{"type":"Feature","properties":{"ftCode":2703,"motorway":9,"rnkWidth":2,"rdCtg":1,"tollSect":9,"source_layer":"road","kind":"road_centerline","bridge":true,"major":true},"geometry":{"type":"LineString","coordinates":[[138.67812395,35.55878155],[138.67829561,35.55850225]]},"id":"gsi-12-3625-1614-road-39"},{"type":"Feature","properties":{"ftCode":2703,"motorway":9,"rnkWidth":2,"rdCtg":1,"tollSect":9,"source_layer":"road","kind":"road_centerline","bridge":true,"major":true},"geometry":{"type":"LineString","coordinates":[[138.67756605,35.55508075],[138.67773771,35.55513312],[138.6779952,35.55508075]]},"id":"gsi-12-3625-1614-road-40"},{"type":"Feature","properties":{"ftCode":2701,"motorway":9,"rnkWidth":2,"rdCtg":1,"tollSect":9,"source_layer":"road","kind":"road_centerline","bridge":false,"major":true},"geometry":{"type":"LineString","coordinates":[[138.67829561,35.55850225],[138.67874622,35.55801347],[138.67934704,35.55764689],[138.67969036,35.55754215],[138.67981911,35.55743741],[138.6800766,35.55689626],[138.68035555,35.5567566],[138.68067741,35.55677406],[138.68104219,35.55689626],[138.68140697,35.55748978],[138.68162155,35.55761198],[138.68196487,35.55761198],[138.68217945,35.5574025],[138.68235111,35.5568788],[138.68252277,35.55666932],[138.68438959,35.55583139],[138.68469,35.55555208],[138.6848402,35.55516803],[138.68503332,35.55494109],[138.68627787,35.55457449],[138.68745804,35.55401586],[138.6876297,35.55382383],[138.68765116,35.55333502],[138.68773699,35.55317791],[138.68793011,35.55309062],[138.68883133,35.55291604],[138.68917465,35.55267164],[138.68921757,35.55253198],[138.68913174,35.55232249]]},"id":"gsi-12-3625-1614-road-41"},{"type":"Feature","properties":{"ftCode":2701,"motorway":9,"rnkWidth":2,"rdCtg":1,"tollSect":9,"source_layer":"road","kind":"road_centerline","bridge":false,"major":true},"geometry":{"type":"LineString","coordinates":[[138.6779952,35.55508075],[138.67878914,35.55453958],[138.68016243,35.55433009],[138.68170738,35.55333502],[138.68278027,35.55298587],[138.68303776,35.55302079],[138.68408918,35.55336994],[138.68464708,35.55333502],[138.68576288,35.55307316],[138.68599892,35.55307316]]},"id":"gsi-12-3625-1614-road-42"},{"type":"Feature","properties":{"ftCode":2703,"motorway":9,"rnkWidth":2,"rdCtg":1,"tollSect":9,"source_layer":"road","kind":"road_centerline","bridge":true,"major":true},"geometry":{"type":"LineString","coordinates":[[138.68638515,35.55316045],[138.68599892,35.55307316]]},"id":"gsi-12-3625-1614-road-43"},{"type":"Feature","properties":{"ftCode":2701,"motorway":9,"rnkWidth":2,"rdCtg":1,"tollSect":9,"source_layer":"road","kind":"road_centerline","bridge":false,"major":true},"geometry":{"type":"LineString","coordinates":[[138.68638515,35.55316045],[138.6865139,35.55321282],[138.6866641,35.55317791],[138.68752241,35.55267164],[138.68773699,35.55260181],[138.68831635,35.55247961],[138.6887455,35.55230503],[138.68893862,35.55227011],[138.68913174,35.55232249]]},"id":"gsi-12-3625-1614-road-44"},{"type":"Feature","properties":{"ftCode":2701,"motorway":9,"rnkWidth":2,"rdCtg":1,"tollSect":9,"source_layer":"road","kind":"road_centerline","bridge":false,"major":true},"geometry":{"type":"LineString","coordinates":[[138.68913174,35.55232249],[138.6894536,35.55202571]]},"id":"gsi-12-3625-1614-road-45"},{"type":"Feature","properties":{"ftCode":2703,"motorway":9,"rnkWidth":2,"rdCtg":1,"tollSect":9,"source_layer":"road","kind":"road_centerline","bridge":true,"major":true},"geometry":{"type":"LineString","coordinates":[[138.6894536,35.55202571],[138.68971109,35.55179876]]},"id":"gsi-12-3625-1614-road-46"},{"type":"Feature","properties":{"ftCode":2701,"motorway":9,"rnkWidth":2,"rdCtg":1,"tollSect":9,"source_layer":"road","kind":"road_centerline","bridge":false,"major":true},"geometry":{"type":"LineString","coordinates":[[138.68971109,35.55179876],[138.68994713,35.55162418],[138.69020462,35.55158926],[138.69086981,35.5517813],[138.69140625,35.55181621]]},"id":"gsi-12-3625-1614-road-49"},{"type":"Feature","properties":{"ftCode":2701,"motorway":9,"rnkWidth":2,"rdCtg":0,"tollSect":9,"source_layer":"road","kind":"road_centerline","bridge":false,"major":true},"geometry":{"type":"LineString","coordinates":[[138.60574722,35.46267985],[138.60488892,35.46267985],[138.60452414,35.46273228],[138.60394478,35.46315173],[138.60351562,35.46371098]]},"id":"gsi-12-3625-1615-road-1"},{"type":"Feature","properties":{"ftCode":2701,"motorway":9,"rnkWidth":2,"rdCtg":0,"tollSect":9,"source_layer":"road","kind":"road_centerline","bridge":false,"major":true},"geometry":{"type":"LineString","coordinates":[[138.60688448,35.53222623],[138.60769987,35.53126581],[138.60832214,35.53079433],[138.60879421,35.53058478],[138.60935211,35.53046255],[138.61141205,35.53049747],[138.61413717,35.53037523],[138.61480236,35.53046255],[138.61559629,35.53077687],[138.61624002,35.53084672],[138.61731291,35.53060224],[138.61902952,35.52988628],[138.61971617,35.5298339],[138.61999512,35.52985136],[138.62046719,35.53004345],[138.62083197,35.53028792],[138.62128258,35.53072448]]},"id":"gsi-12-3625-1615-road-2"},{"type":"Feature","properties":{"ftCode":2701,"motorway":9,"rnkWidth":2,"rdCtg":1,"tollSect":9,"source_layer":"road","kind":"road_centerline","bridge":false,"major":true},"geometry":{"type":"LineString","coordinates":[[138.62115383,35.53061971],[138.62104654,35.53086418],[138.621068,35.53130074],[138.62132549,35.53159759],[138.62151861,35.53175475],[138.62205505,35.53201668],[138.62220526,35.53222623]]},"id":"gsi-12-3625-1615-road-3"},{"type":"Feature","properties":{"ftCode":2701,"motorway":9,"rnkWidth":1,"rdCtg":1,"tollSect":9,"source_layer":"road","kind":"road_centerline","bridge":false,"major":true},"geometry":{"type":"LineString","coordinates":[[138.61036062,35.51532122],[138.61027479,35.51525136],[138.61031771,35.51519896],[138.61078978,35.5150243],[138.61166954,35.51505923],[138.61267805,35.5149719],[138.61304283,35.51521642],[138.6135149,35.51519896],[138.61357927,35.51523389],[138.61353636,35.51539108],[138.61338615,35.51546094],[138.61291409,35.51535615],[138.61261368,35.5151291],[138.61235619,35.51526882],[138.61235619,35.51535615],[138.61252785,35.51546094],[138.61360073,35.51582772]]},"id":"gsi-12-3625-1615-road-4"},{"type":"Feature","properties":{"ftCode":2703,"motorway":9,"rnkWidth":1,"rdCtg":1,"tollSect":9,"source_layer":"road","kind":"road_centerline","bridge":true,"major":true},"geometry":{"type":"LineString","coordinates":[[138.61360073,35.51582772],[138.6139226,35.51596745]]},"id":"gsi-12-3625-1615-road-5"},{"type":"Feature","properties":{"ftCode":2701,"motorway":9,"rnkWidth":1,"rdCtg":1,"tollSect":9,"source_layer":"road","kind":"road_centerline","bridge":false,"major":true},"geometry":{"type":"LineString","coordinates":[[138.62031698,35.52882106],[138.61975908,35.52887345],[138.61915827,35.52901315],[138.61759186,35.52972912],[138.61651897,35.53058478],[138.61621857,35.53065463],[138.61525297,35.53067209]]},"id":"gsi-12-3625-1615-road-6"},{"type":"Feature","properties":{"ftCode":2701,"motorway":9,"rnkWidth":1,"rdCtg":1,"tollSect":9,"source_layer":"road","kind":"road_centerline","bridge":false,"major":true},"geometry":{"type":"LineString","coordinates":[[138.6166048,35.52307561],[138.6166048,35.52325025],[138.61651897,35.52340743],[138.61626148,35.52366939],[138.61624002,35.52403613],[138.61636877,35.52422823],[138.61684084,35.52462989],[138.61735582,35.52569517],[138.61726999,35.52670804],[138.61739874,35.52765105],[138.61795664,35.52786061],[138.61928701,35.52800031],[138.61988783,35.52824479],[138.62048864,35.52840196],[138.62066031,35.52855912],[138.62068176,35.52862897],[138.62059593,35.52875121]]},"id":"gsi-12-3625-1615-road-7"},{"type":"Feature","properties":{"ftCode":2703,"motorway":9,"rnkWidth":2,"rdCtg":0,"tollSect":9,"source_layer":"road","kind":"road_centerline","bridge":true,"major":true},"geometry":{"type":"LineString","coordinates":[[138.62280607,35.53121342],[138.62248421,35.53123089],[138.62186193,35.53112611],[138.62128258,35.53072448]]},"id":"gsi-12-3625-1615-road-8"},{"type":"Feature","properties":{"ftCode":2703,"motorway":9,"rnkWidth":1,"rdCtg":1,"tollSect":9,"source_layer":"road","kind":"road_centerline","bridge":true,"major":true},"geometry":{"type":"LineString","coordinates":[[138.62059593,35.52875121],[138.62031698,35.52882106]]},"id":"gsi-12-3625-1615-road-9"},{"type":"Feature","properties":{"ftCode":2701,"motorway":9,"rnkWidth":2,"rdCtg":0,"tollSect":9,"source_layer":"road","kind":"road_centerline","bridge":false,"major":true},"geometry":{"type":"LineString","coordinates":[[138.62280607,35.53121342],[138.62312794,35.53105626],[138.62332106,35.53072448],[138.62334251,35.53028792],[138.62319231,35.52967673],[138.6234498,35.52944972],[138.62439394,35.52917032],[138.62467289,35.52899569],[138.62478018,35.5286639],[138.62469435,35.52847181],[138.62334251,35.5272494],[138.62284899,35.5269176],[138.62250566,35.52676043],[138.62194777,35.52660326],[138.62156153,35.52656834],[138.62087488,35.52656834],[138.61887932,35.52674297],[138.61862183,35.52672551],[138.61838579,35.52660326],[138.61823559,35.52637624],[138.61823559,35.52627146],[138.61851454,35.52569517],[138.61862183,35.52513634],[138.618536,35.5247696],[138.61817122,35.52412344],[138.61817122,35.52391388],[138.6182785,35.5237567],[138.618536,35.52366939],[138.61943722,35.52372178],[138.62048864,35.52347728],[138.62096071,35.52344235],[138.62267733,35.52345982],[138.62375021,35.52363446]]},"id":"gsi-12-3625-1615-road-10"},{"type":"Feature","properties":{"ftCode":2703,"motorway":9,"rnkWidth":2,"rdCtg":0,"tollSect":9,"source_layer":"road","kind":"road_centerline","bridge":true,"major":true},"geometry":{"type":"LineString","coordinates":[[138.62437248,35.52366939],[138.62417936,35.52370431],[138.62375021,35.52363446]]},"id":"gsi-12-3625-1615-road-11"},{"type":"Feature","properties":{"ftCode":2703,"motorway":9,"rnkWidth":1,"rdCtg":1,"tollSect":9,"source_layer":"road","kind":"road_centerline","bridge":true,"major":true},"geometry":{"type":"LineString","coordinates":[[138.61639023,35.52286604],[138.6166048,35.52307561]]},"id":"gsi-12-3625-1615-road-12"},{"type":"Feature","properties":{"ftCode":2701,"motorway":9,"rnkWidth":1,"rdCtg":1,"tollSect":9,"source_layer":"road","kind":"road_centerline","bridge":false,"major":true},"geometry":{"type":"LineString","coordinates":[[138.6139226,35.51596745],[138.61467361,35.51650888],[138.61493111,35.51682325],[138.61516714,35.51732975],[138.61598253,35.51752187],[138.61615419,35.51762666],[138.61632586,35.5178537],[138.61641169,35.51944302],[138.61628294,35.51967006],[138.61572504,35.52001935],[138.61561775,35.52017653],[138.61568213,35.52104976],[138.61555338,35.52180073],[138.61608982,35.52267394],[138.61639023,35.52286604]]},"id":"gsi-12-3625-1615-road-13"},{"type":"Feature","properties":{"ftCode":2701,"motorway":9,"rnkWidth":2,"rdCtg":0,"tollSect":9,"source_layer":"road","kind":"road_centerline","bridge":false,"major":true},"geometry":{"type":"LineString","coordinates":[[138.619802,35.51355716],[138.619802,35.51376676],[138.61960888,35.51394142],[138.61879349,35.51415101],[138.6175704,35.51518149],[138.61761332,35.51539108],[138.61802101,35.51582772],[138.61808538,35.51633422],[138.61866474,35.51682325],[138.61857891,35.51746947],[138.61879349,35.51764412],[138.61932993,35.51781877],[138.61945868,35.51797596],[138.61950159,35.51815061],[138.61935139,35.51837766],[138.61849308,35.51874442],[138.61832142,35.51912865],[138.61814976,35.52003682],[138.61817122,35.52031625],[138.61821413,35.52042104],[138.61842871,35.52057822],[138.61905098,35.52080526],[138.61941576,35.52120694],[138.61969471,35.52134666],[138.62059593,35.52136412],[138.62156153,35.52110215],[138.622334,35.52099737]]},"id":"gsi-12-3625-1615-road-14"},{"type":"Feature","properties":{"ftCode":2703,"motorway":9,"rnkWidth":2,"rdCtg":0,"tollSect":9,"source_layer":"road","kind":"road_centerline","bridge":true,"major":true},"geometry":{"type":"LineString","coordinates":[[138.622334,35.52099737],[138.62257004,35.5209799]]},"id":"gsi-12-3625-1615-road-15"},{"type":"Feature","properties":{"ftCode":2701,"motorway":9,"rnkWidth":2,"rdCtg":0,"tollSect":9,"source_layer":"road","kind":"road_centerline","bridge":false,"major":true},"geometry":{"type":"LineString","coordinates":[[138.62257004,35.5209799],[138.62287045,35.52110215]]},"id":"gsi-12-3625-1615-road-16"},{"type":"Feature","properties":{"ftCode":2701,"motorway":9,"rnkWidth":2,"rdCtg":0,"tollSect":9,"source_layer":"road","kind":"road_centerline","bridge":false,"major":true},"geometry":{"type":"LineString","coordinates":[[138.62293482,35.52139905],[138.62267733,35.52181819],[138.62276316,35.52213255],[138.62375021,35.52253423],[138.6244154,35.52302322],[138.62454414,35.52321532],[138.6245656,35.52340743],[138.62450123,35.5235646],[138.62437248,35.52366939]]},"id":"gsi-12-3625-1615-road-17"},{"type":"Feature","properties":{"ftCode":2703,"motorway":9,"rnkWidth":2,"rdCtg":0,"tollSect":9,"source_layer":"road","kind":"road_centerline","bridge":true,"major":true},"geometry":{"type":"LineString","coordinates":[[138.62287045,35.52110215],[138.62295628,35.52125933],[138.62293482,35.52139905]]},"id":"gsi-12-3625-1615-road-18"},{"type":"Feature","properties":{"ftCode":2704,"motorway":9,"rnkWidth":2,"rdCtg":0,"tollSect":9,"source_layer":"road","kind":"road_centerline","bridge":false,"major":true},"geometry":{"type":"LineString","coordinates":[[138.61046791,35.49785363],[138.61048937,35.49802832],[138.61385822,35.5049634],[138.61471653,35.50695472]]},"id":"gsi-12-3625-1615-road-19"},{"type":"Feature","properties":{"ftCode":2701,"motorway":9,"rnkWidth":0,"rdCtg":1,"tollSect":9,"source_layer":"road","kind":"road_centerline","bridge":false,"major":true},"geometry":{"type":"LineString","coordinates":[[138.60995293,35.50103301],[138.61003876,35.50073604],[138.60980272,35.50043907],[138.60975981,35.50026438],[138.6098671,35.49904154],[138.61006021,35.4985524],[138.60991001,35.49797591],[138.60995293,35.49715485],[138.60971689,35.49636871],[138.60952377,35.49519822],[138.60922337,35.49448195]]},"id":"gsi-12-3625-1615-road-20"},{"type":"Feature","properties":{"ftCode":2703,"motorway":9,"rnkWidth":2,"rdCtg":0,"tollSect":9,"source_layer":"road","kind":"road_centerline","bridge":true,"major":true},"geometry":{"type":"LineString","coordinates":[[138.61956596,35.51333011],[138.61973763,35.5134349],[138.619802,35.51355716]]},"id":"gsi-12-3625-1615-road-21"},{"type":"Feature","properties":{"ftCode":2701,"motorway":9,"rnkWidth":2,"rdCtg":0,"tollSect":9,"source_layer":"road","kind":"road_centerline","bridge":false,"major":true},"geometry":{"type":"LineString","coordinates":[[138.61662626,35.50878878],[138.61651897,35.50891105],[138.61598253,35.50919053],[138.6158967,35.5093652],[138.6158967,35.5095224],[138.61621857,35.50999401],[138.61628294,35.51022108],[138.61621857,35.51093721],[138.61593962,35.51195027],[138.61596107,35.51236946],[138.61608982,35.51270132],[138.61654043,35.51312051],[138.61677647,35.51326024],[138.61707687,35.51334757],[138.61761332,35.51331264],[138.61847162,35.51310305],[138.61956596,35.51333011]]},"id":"gsi-12-3625-1615-road-22"},{"type":"Feature","properties":{"ftCode":2721,"motorway":0,"rnkWidth":0,"rdCtg":1,"tollSect":0,"source_layer":"road","kind":"road_centerline","bridge":false,"major":true},"geometry":{"type":"LineString","coordinates":[[138.61937284,35.51397635],[138.61877203,35.514413],[138.61847162,35.51484964],[138.61819267,35.51509416],[138.61819267,35.51519896],[138.61832142,35.51519896],[138.61864328,35.51490204],[138.61907244,35.51434313],[138.62014532,35.51388902],[138.62027407,35.51366196],[138.62083197,35.51305065],[138.62113237,35.51250919],[138.62111092,35.51231706],[138.62085342,35.51217733],[138.6205101,35.51217733],[138.61969471,35.51245679],[138.61917973,35.51233453],[138.61877203,35.5124044],[138.61849308,35.51236946],[138.61810684,35.51247426],[138.61754894,35.51252666],[138.61724854,35.51236946],[138.61707687,35.51200267],[138.61709833,35.51125161],[138.61699104,35.51081494],[138.61714125,35.51051801],[138.61707687,35.51023854],[138.61720562,35.50995907],[138.61714125,35.50933026],[138.61722708,35.50927786],[138.61782789,35.50922546],[138.61817122,35.50898092],[138.61879349,35.50877132],[138.61892223,35.50859665],[138.61866474,35.50795036],[138.61842871,35.50756608],[138.61819267,35.50737394],[138.6179781,35.50732153],[138.61722708,35.50732153],[138.61675501,35.50716433],[138.61654043,35.50714686],[138.61634731,35.50702459],[138.61606836,35.50616868],[138.6163044,35.50566211],[138.61576796,35.50508567],[138.61548901,35.50505074],[138.6151886,35.50482365],[138.61482382,35.50489352],[138.6147809,35.50473631],[138.61484528,35.50454416],[138.61424446,35.50454416],[138.61433029,35.50424721],[138.61428738,35.5041948],[138.61390114,35.50431708],[138.61383677,35.50429961],[138.61383677,35.50410746],[138.61347198,35.50403759],[138.61360073,35.5037581],[138.61362219,35.50361835],[138.61355782,35.50354848],[138.61319304,35.50368823],[138.61312866,35.50351354],[138.61248493,35.50353101],[138.61201286,35.50363582],[138.61158371,35.5038105],[138.61160517,35.50323405],[138.611691,35.50312924],[138.61162663,35.5030419],[138.61136913,35.50311177],[138.61126184,35.50333886],[138.61117601,35.50333886],[138.61117601,35.50326899],[138.61106873,35.50323405],[138.61093998,35.50340873],[138.61076832,35.50326899],[138.61044645,35.50326899],[138.61044645,35.5030943],[138.61031771,35.50302443],[138.61033916,35.50281481],[138.61023188,35.50272747],[138.61027479,35.5024305],[138.61014605,35.50236063],[138.60993147,35.50206366],[138.60958815,35.50194138],[138.60935211,35.50194138],[138.60928774,35.50183657],[138.6094594,35.50143479],[138.60943794,35.50117276],[138.60950232,35.50106795],[138.60995293,35.50103301]]},"id":"gsi-12-3625-1615-road-23"},{"type":"Feature","properties":{"ftCode":2701,"motorway":9,"rnkWidth":2,"rdCtg":0,"tollSect":9,"source_layer":"road","kind":"road_centerline","bridge":false,"major":true},"geometry":{"type":"LineString","coordinates":[[138.61636877,35.50826477],[138.61568213,35.50822984],[138.61529589,35.5080901],[138.6151886,35.50798529],[138.61486673,35.50726913]]},"id":"gsi-12-3625-1615-road-24"},{"type":"Feature","properties":{"ftCode":2703,"motorway":9,"rnkWidth":2,"rdCtg":0,"tollSect":9,"source_layer":"road","kind":"road_centerline","bridge":true,"major":true},"geometry":{"type":"LineString","coordinates":[[138.61662626,35.50878878],[138.61669064,35.50863158],[138.61664772,35.50845691],[138.61654043,35.50833464],[138.61636877,35.50826477]]},"id":"gsi-12-3625-1615-road-25"},{"type":"Feature","properties":{"ftCode":2703,"motorway":9,"rnkWidth":2,"rdCtg":0,"tollSect":9,"source_layer":"road","kind":"road_centerline","bridge":true,"major":true},"geometry":{"type":"LineString","coordinates":[[138.61486673,35.50726913],[138.61475945,35.50700712]]},"id":"gsi-12-3625-1615-road-26"},{"type":"Feature","properties":{"ftCode":2701,"motorway":9,"rnkWidth":2,"rdCtg":0,"tollSect":9,"source_layer":"road","kind":"road_centerline","bridge":false,"major":true},"geometry":{"type":"LineString","coordinates":[[138.61475945,35.50700712],[138.61471653,35.50695472]]},"id":"gsi-12-3625-1615-road-27"},{"type":"Feature","properties":{"ftCode":2701,"motorway":9,"rnkWidth":2,"rdCtg":1,"tollSect":9,"source_layer":"road","kind":"road_centerline","bridge":false,"major":true},"geometry":{"type":"MultiLineString","coordinates":[[[138.60591888,35.48506494],[138.6055541,35.48513483],[138.60463142,35.48516978],[138.6041379,35.48543186],[138.60398769,35.48562405],[138.60381603,35.48592108],[138.60379457,35.48620063],[138.60396624,35.48663743],[138.60456705,35.48749355],[138.60458851,35.48782551],[138.60392332,35.48913588],[138.60375166,35.48915335],[138.60351562,35.48904852]],[[138.60351562,35.49163425],[138.60433102,35.49193125],[138.60454559,35.49193125],[138.6052537,35.49173907],[138.6058116,35.4918439],[138.60617638,35.49207102],[138.60641241,35.49240296],[138.6065197,35.49336384],[138.60673428,35.49350361],[138.60774279,35.49387049],[138.60888004,35.49442953],[138.60928774,35.49448195],[138.61038208,35.49411507]]]},"id":"gsi-12-3625-1615-road-28"},{"type":"Feature","properties":{"ftCode":2701,"motorway":9,"rnkWidth":1,"rdCtg":1,"tollSect":9,"source_layer":"road","kind":"road_centerline","bridge":false,"major":true},"geometry":{"type":"LineString","coordinates":[[138.61121893,35.49385302],[138.61044645,35.49415001],[138.61038208,35.49411507]]},"id":"gsi-12-3625-1615-road-29"},{"type":"Feature","properties":{"ftCode":2704,"motorway":9,"rnkWidth":1,"rdCtg":1,"tollSect":9,"source_layer":"road","kind":"road_centerline","bridge":false,"major":true},"geometry":{"type":"LineString","coordinates":[[138.61164808,35.49360843],[138.61121893,35.49385302]]},"id":"gsi-12-3625-1615-road-30"},{"type":"Feature","properties":{"ftCode":2701,"motorway":9,"rnkWidth":1,"rdCtg":1,"tollSect":9,"source_layer":"road","kind":"road_centerline","bridge":false,"major":true},"geometry":{"type":"LineString","coordinates":[[138.61104727,35.49290961],[138.61130476,35.49297949],[138.61160517,35.49329396],[138.611691,35.49341625],[138.61164808,35.49360843]]},"id":"gsi-12-3625-1615-road-31"},{"type":"Feature","properties":{"ftCode":2704,"motorway":9,"rnkWidth":2,"rdCtg":1,"tollSect":9,"source_layer":"road","kind":"road_centerline","bridge":false,"major":true},"geometry":{"type":"LineString","coordinates":[[138.60591888,35.48506494],[138.60619783,35.48490769],[138.60641241,35.48466308],[138.60649824,35.4842088]]},"id":"gsi-12-3625-1615-road-32"},{"type":"Feature","properties":{"ftCode":2701,"motorway":9,"rnkWidth":2,"rdCtg":1,"tollSect":9,"source_layer":"road","kind":"road_centerline","bridge":false,"major":true},"geometry":{"type":"LineString","coordinates":[[138.60649824,35.4842088],[138.60649824,35.48399913],[138.60669136,35.48347495],[138.60662699,35.48321286],[138.60649824,35.48310802],[138.60572577,35.48289835],[138.6055541,35.48275857],[138.60551119,35.48249648],[138.60615492,35.48115106],[138.60634804,35.48095885],[138.6070776,35.48078412],[138.60838652,35.48074918],[138.6100173,35.48057444],[138.61091852,35.48067928]]},"id":"gsi-12-3625-1615-road-33"},{"type":"Feature","properties":{"ftCode":2701,"motorway":9,"rnkWidth":2,"rdCtg":0,"tollSect":9,"source_layer":"road","kind":"road_centerline","bridge":false,"major":true},"geometry":{"type":"LineString","coordinates":[[138.61046791,35.49785363],[138.61036062,35.49734701],[138.61040354,35.49664822],[138.61059666,35.49621148],[138.61151934,35.49486629],[138.61162663,35.49446448],[138.61147642,35.4938006],[138.6107254,35.49228067],[138.6107254,35.49200114],[138.61083269,35.49186137],[138.61102581,35.49175654],[138.6118412,35.4914246],[138.61214161,35.49114506],[138.61231327,35.49072576],[138.61231327,35.49055105],[138.61209869,35.49006186],[138.61130476,35.48948531],[138.6112833,35.48931059],[138.61149788,35.48915335],[138.61252785,35.48882139],[138.61495256,35.48850691],[138.61514568,35.48838461],[138.6153388,35.48803517],[138.61527443,35.48730136],[138.61512423,35.48686457],[138.61514568,35.48663743],[138.61529589,35.48646271],[138.61563921,35.48634041],[138.61774206,35.4859735],[138.61909389,35.48550175]]},"id":"gsi-12-3625-1615-road-34"},{"type":"Feature","properties":{"ftCode":2703,"motorway":9,"rnkWidth":2,"rdCtg":0,"tollSect":9,"source_layer":"road","kind":"road_centerline","bridge":true,"major":true},"geometry":{"type":"LineString","coordinates":[[138.61971617,35.48698687],[138.61984491,35.48730136],[138.62014532,35.4876508],[138.6203599,35.48782551],[138.62138987,35.48838461]]},"id":"gsi-12-3625-1615-road-35"},{"type":"Feature","properties":{"ftCode":2701,"motorway":9,"rnkWidth":2,"rdCtg":0,"tollSect":9,"source_layer":"road","kind":"road_centerline","bridge":false,"major":true},"geometry":{"type":"LineString","coordinates":[[138.62138987,35.48838461],[138.62186193,35.48864668]]},"id":"gsi-12-3625-1615-road-36"},{"type":"Feature","properties":{"ftCode":2703,"motorway":9,"rnkWidth":2,"rdCtg":0,"tollSect":9,"source_layer":"road","kind":"road_centerline","bridge":true,"major":true},"geometry":{"type":"LineString","coordinates":[[138.62186193,35.48864668],[138.62306356,35.48932806],[138.62336397,35.48943289],[138.62375021,35.48952025],[138.62413645,35.48953772],[138.62443686,35.48948531]]},"id":"gsi-12-3625-1615-road-37"},{"type":"Feature","properties":{"ftCode":2701,"motorway":9,"rnkWidth":2,"rdCtg":0,"tollSect":9,"source_layer":"road","kind":"road_centerline","bridge":false,"major":true},"geometry":{"type":"LineString","coordinates":[[138.62443686,35.48948531],[138.62508059,35.48920576]]},"id":"gsi-12-3625-1615-road-38"},{"type":"Feature","properties":{"ftCode":2701,"motorway":9,"rnkWidth":2,"rdCtg":0,"tollSect":9,"source_layer":"road","kind":"road_centerline","bridge":false,"major":true},"geometry":{"type":"LineString","coordinates":[[138.61971617,35.48698687],[138.61909389,35.48550175]]},"id":"gsi-12-3625-1615-road-39"},{"type":"Feature","properties":{"ftCode":2701,"motorway":9,"rnkWidth":2,"rdCtg":0,"tollSect":9,"source_layer":"road","kind":"road_centerline","bridge":false,"major":true},"geometry":{"type":"LineString","coordinates":[[138.60574722,35.46267985],[138.60570431,35.46437511],[138.60589743,35.46467222],[138.61299992,35.46991506],[138.61325741,35.4703869],[138.61332178,35.4707364],[138.61362219,35.47148784],[138.61357927,35.47188977],[138.61325741,35.47234412],[138.61244202,35.47295575],[138.61166954,35.47386444],[138.6107254,35.47454595],[138.61048937,35.47463332],[138.61003876,35.47465079],[138.60836506,35.47438868],[138.60806465,35.47438868],[138.60787153,35.47442363],[138.60761404,35.47459837],[138.60748529,35.47500028],[138.60765696,35.47548957],[138.60774279,35.47608369],[138.60769987,35.47629338],[138.6070776,35.47751657],[138.60697031,35.47793594],[138.60705614,35.47837278],[138.60782862,35.47880963],[138.60922337,35.47931636],[138.61102581,35.48074918],[138.61323595,35.48167525],[138.61662626,35.48298572],[138.61782789,35.48352737],[138.61823559,35.48384187],[138.61855745,35.48419132],[138.61892223,35.48485528],[138.61909389,35.48550175]]},"id":"gsi-12-3625-1615-road-40"},{"type":"Feature","properties":{"ftCode":2703,"motorway":9,"rnkWidth":2,"rdCtg":0,"tollSect":9,"source_layer":"road","kind":"road_centerline","bridge":true,"major":true},"geometry":{"type":"LineString","coordinates":[[138.62508059,35.48920576],[138.62649679,35.48836713]]},"id":"gsi-12-3625-1615-road-41"},{"type":"Feature","properties":{"ftCode":2721,"motorway":0,"rnkWidth":0,"rdCtg":1,"tollSect":0,"source_layer":"road","kind":"road_centerline","bridge":false,"major":true},"geometry":{"type":"LineString","coordinates":[[138.61787081,35.48356231],[138.61866474,35.48387682],[138.61872911,35.4838244],[138.61911535,35.48387682],[138.61928701,35.48384187],[138.61960888,35.48366715],[138.619802,35.48344001],[138.62016678,35.48326528],[138.62044573,35.4829333],[138.62066031,35.48279352],[138.6209178,35.48226933],[138.6209178,35.4816403],[138.621068,35.48122095],[138.62160444,35.48074918],[138.62211943,35.48050455],[138.62267733,35.48008519],[138.62342834,35.47886205],[138.62407207,35.47811068],[138.62424374,35.47669529],[138.62450123,35.47617106],[138.62495184,35.47580411],[138.62565994,35.47552452],[138.62587452,35.47500028],[138.62673283,35.47435373],[138.62673283,35.47367221],[138.62690449,35.47327029],[138.62690449,35.47302565],[138.62703323,35.47265867],[138.62748384,35.47230917],[138.62780571,35.47145289],[138.62797737,35.47068398],[138.62840652,35.46986263],[138.62877131,35.4697403],[138.6293292,35.46932088],[138.6295867,35.46921603],[138.6298871,35.46923351],[138.63035917,35.46912865],[138.63106728,35.46907622],[138.6319685,35.46912865],[138.6325264,35.46900632],[138.6332345,35.46872671],[138.63336325,35.46874419],[138.63359928,35.46891894],[138.63387823,35.46891894],[138.63396406,35.46816748],[138.63413572,35.46753834],[138.63471508,35.46600043],[138.63471508,35.46573829],[138.63454342,35.46517904],[138.63469362,35.46472465],[138.63497257,35.46442754],[138.63538027,35.46420034],[138.63557339,35.46371099],[138.63608837,35.46329154],[138.63649607,35.46313425],[138.63718271,35.46306434],[138.63750458,35.46285462],[138.6382556,35.46203319],[138.63844872,35.46161373],[138.63885641,35.4610195],[138.6389637,35.46066995]]},"id":"gsi-12-3625-1615-road-42"},{"type":"Feature","properties":{"ftCode":2703,"motorway":9,"rnkWidth":2,"rdCtg":1,"tollSect":9,"source_layer":"road","kind":"road_centerline","bridge":true,"major":true},"geometry":{"type":"LineString","coordinates":[[138.68488312,35.50386291],[138.6852479,35.50386291]]},"id":"gsi-12-3625-1615-road-43"},{"type":"Feature","properties":{"ftCode":2701,"motorway":9,"rnkWidth":2,"rdCtg":1,"tollSect":9,"source_layer":"road","kind":"road_centerline","bridge":false,"major":true},"geometry":{"type":"LineString","coordinates":[[138.64417791,35.48812253],[138.64426374,35.48833219],[138.64492893,35.48869909],[138.6465168,35.48979979],[138.6470747,35.4900968],[138.64872694,35.49072576],[138.64924192,35.49107518],[138.6498642,35.49276985],[138.64982128,35.4931542],[138.64928484,35.49448195],[138.6493063,35.49521569],[138.64949942,35.49635124],[138.64977837,35.49685786],[138.64999294,35.4970675],[138.65185976,35.49836024],[138.65297556,35.49888432],[138.65593672,35.49930358],[138.65735292,35.49921624],[138.65846872,35.49944334],[138.65872622,35.4996355],[138.65881205,35.49982766],[138.65896225,35.5012077],[138.65915537,35.50152214],[138.65952015,35.5017667],[138.66001368,35.50187151],[138.6617732,35.50152214],[138.6631465,35.50157454],[138.66394043,35.50150467],[138.66563559,35.50059629],[138.6660862,35.50015957],[138.66640806,35.4996355],[138.66677284,35.49944334],[138.66698742,35.49951321],[138.66859674,35.5004216],[138.66900444,35.50096314],[138.66915464,35.50105048],[138.66984129,35.50119023],[138.67080688,35.50087579],[138.67089272,35.50080592],[138.67102146,35.50056135],[138.67106438,35.50010716],[138.67117167,35.49981019],[138.67127895,35.49974031],[138.67142916,35.49974031],[138.67265224,35.50059629],[138.67290974,35.50150467],[138.67338181,35.50195885],[138.67383242,35.50213354],[138.67499113,35.50211607],[138.67522717,35.50202873],[138.67662191,35.50101554],[138.67692232,35.50098061],[138.6779952,35.50208113],[138.67866039,35.50234316],[138.67917538,35.50244797],[138.68061304,35.50192392],[138.68123531,35.50190645],[138.68140697,35.5020462],[138.68162155,35.5030419],[138.68185759,35.50325152],[138.68488312,35.50386291]]},"id":"gsi-12-3625-1615-road-44"},{"type":"Feature","properties":{"ftCode":2701,"motorway":9,"rnkWidth":2,"rdCtg":1,"tollSect":9,"source_layer":"road","kind":"road_centerline","bridge":false,"major":true},"geometry":{"type":"LineString","coordinates":[[138.65915537,35.4794212],[138.66046429,35.48043466],[138.66198778,35.48132579],[138.66361856,35.4831255],[138.66402626,35.48377198],[138.66443396,35.48461066],[138.66464853,35.4848378],[138.66486311,35.48492516],[138.66516352,35.48496011],[138.66557121,35.48496011],[138.66606474,35.48487275],[138.66688013,35.48539692],[138.66696596,35.48576383],[138.66703033,35.48677721],[138.66713762,35.48707423],[138.66741657,35.48731883],[138.6679101,35.48756344],[138.66827488,35.48784299],[138.66859674,35.48859426],[138.669734,35.49028898],[138.66977692,35.49072576],[138.67110729,35.49151195],[138.67187977,35.49154689],[138.67260933,35.49138966],[138.67288828,35.49140713],[138.67366076,35.49231561],[138.67376804,35.49334637],[138.67709398,35.49235055],[138.68198633,35.49229814],[138.68247986,35.49212343],[138.68267298,35.49198366],[138.68295193,35.49158184],[138.68318796,35.49144207],[138.68417501,35.49131977],[138.68447542,35.49144207],[138.6853981,35.49217584],[138.68569851,35.49249032],[138.68576288,35.49275237],[138.68593454,35.49299696],[138.68644953,35.49320661],[138.68715763,35.49338131],[138.68752241,35.49367831],[138.68801594,35.49451689],[138.68786573,35.49512834],[138.68801594,35.49533798],[138.68911028,35.49511087],[138.68923903,35.49512834],[138.68958235,35.49533798],[138.69016171,35.49547774],[138.69140625,35.49547774]]},"id":"gsi-12-3625-1615-road-45"},{"type":"Feature","properties":{"ftCode":2701,"motorway":9,"rnkWidth":2,"rdCtg":0,"tollSect":9,"source_layer":"road","kind":"road_centerline","bridge":false,"major":true},"geometry":{"type":"LineString","coordinates":[[138.62649679,35.48836713],[138.6275053,35.48780804],[138.62825632,35.48749355],[138.63269806,35.48569394],[138.63321304,35.48558911],[138.63362074,35.48567647],[138.63535881,35.48637535],[138.63810539,35.48599097],[138.63857746,35.48600844],[138.63913536,35.48618316],[138.64312649,35.4878954],[138.64411354,35.48814],[138.64447832,35.48807012],[138.64503622,35.48780804],[138.65323305,35.48260132],[138.65851164,35.4797532],[138.66033554,35.4788271],[138.66059303,35.47863489],[138.661623,35.47748162],[138.66192341,35.47725446],[138.66215944,35.47718456],[138.66265297,35.47721951],[138.66454124,35.47784857],[138.66769552,35.47800584],[138.67183685,35.47790099],[138.6754632,35.47859994],[138.67589235,35.47858247],[138.67630005,35.47847763],[138.67797375,35.47769131],[138.67853165,35.47762141],[138.68069887,35.47748162],[138.68252277,35.47797089],[138.6831665,35.47811068],[138.68350983,35.47812815],[138.68795156,35.47746415],[138.68872404,35.47760394],[138.68938923,35.47779615],[138.69016171,35.47818057],[138.69140625,35.47893194]]},"id":"gsi-12-3625-1615-road-46"},{"type":"Feature","properties":{"ftCode":2701,"motorway":9,"rnkWidth":2,"rdCtg":1,"tollSect":9,"source_layer":"road","kind":"road_centerline","bridge":false,"major":true},"geometry":{"type":"LineString","coordinates":[[138.6852479,35.50386291],[138.68640661,35.50388038],[138.68904591,35.50436948],[138.68926048,35.50435202],[138.69026899,35.50395025],[138.69140625,35.50417733]]},"id":"gsi-12-3625-1615-road-47"},{"type":"Feature","properties":{"ftCode":2701,"motorway":9,"rnkWidth":2,"rdCtg":0,"tollSect":9,"source_layer":"road","kind":"road_centerline","bridge":false,"major":true},"geometry":{"type":"LineString","coordinates":[[138.60765696,35.46066995],[138.60645533,35.46122923],[138.60621929,35.46140401],[138.60583305,35.46192833],[138.60574722,35.46267985]]},"id":"gsi-12-3625-1615-road-49"},{"type":"Feature","properties":{"ftCode":2701,"motorway":9,"rnkWidth":2,"rdCtg":1,"tollSect":9,"source_layer":"road","kind":"road_centerline","bridge":false,"major":true},"geometry":{"type":"LineString","coordinates":[[138.65634441,35.46066995],[138.65754604,35.46140401],[138.6582756,35.46161373],[138.65947723,35.46222544],[138.65962744,35.46240021],[138.65971327,35.46273228],[138.66044283,35.46413044],[138.66224527,35.4650567],[138.66252422,35.46565091],[138.66295338,35.46582567],[138.66346836,35.46633249],[138.66424084,35.46694416],[138.66501331,35.46738106],[138.6660862,35.46773058],[138.66745949,35.4690937],[138.66844654,35.46935584],[138.66919756,35.46979273],[138.6725235,35.47140047],[138.6732316,35.47181987],[138.67400408,35.47253635],[138.67529154,35.4725713],[138.67773771,35.47472069],[138.67904663,35.47552452],[138.67979765,35.47608369],[138.68031263,35.47664287],[138.6806345,35.47718456],[138.68069887,35.47748162]]},"id":"gsi-12-3625-1615-road-50"},{"type":"Feature","properties":{"ftCode":2721,"motorway":0,"rnkWidth":0,"rdCtg":1,"tollSect":0,"source_layer":"road","kind":"road_centerline","bridge":false,"major":true},"geometry":{"type":"LineString","coordinates":[[138.6389637,35.46066995],[138.63909245,35.46007571],[138.63941431,35.45970868],[138.63962889,35.45925426],[138.64029408,35.45853766],[138.64044428,35.45806575],[138.64106655,35.45757636],[138.64125967,35.45715688],[138.64186049,35.45678984],[138.64224672,35.45588095],[138.64237547,35.4557586],[138.6430192,35.45549642],[138.64351273,35.4549371],[138.64424229,35.45460501],[138.64516497,35.45350383],[138.64570141,35.45311929],[138.64628077,35.45283962],[138.64677429,35.45269978],[138.64789009,35.45273474]]},"id":"gsi-12-3625-1616-road-0"},{"type":"Feature","properties":{"ftCode":2701,"motorway":9,"rnkWidth":2,"rdCtg":0,"tollSect":9,"source_layer":"road","kind":"road_centerline","bridge":false,"major":true},"geometry":{"type":"LineString","coordinates":[[138.60851526,35.45269978],[138.60782862,35.45193069],[138.60765696,35.4515811],[138.6076355,35.45100427],[138.60791445,35.44962337],[138.60872984,35.44719361],[138.6087513,35.44659927],[138.60860109,35.44617974],[138.60823631,35.44560287],[138.60731363,35.44462394],[138.60656261,35.44404706],[138.6055541,35.44354011],[138.60531807,35.44336529],[138.60480309,35.442701],[138.60351562,35.44076054]]},"id":"gsi-12-3625-1616-road-2"},{"type":"Feature","properties":{"ftCode":2701,"motorway":9,"rnkWidth":2,"rdCtg":0,"tollSect":9,"source_layer":"road","kind":"road_centerline","bridge":false,"major":true},"geometry":{"type":"LineString","coordinates":[[138.60898733,35.45364366],[138.60903025,35.45484971],[138.60860109,35.45570617],[138.60857964,35.45630044],[138.60840797,35.45696462],[138.60840797,35.4572268],[138.60862255,35.45757636],[138.60911608,35.45792593],[138.60950232,35.45831044],[138.60958815,35.45862505],[138.60926628,35.45935912],[138.60885859,35.45991841],[138.60836506,35.46028544],[138.60765696,35.46066995]]},"id":"gsi-12-3625-1616-road-3"},{"type":"Feature","properties":{"ftCode":2703,"motorway":9,"rnkWidth":2,"rdCtg":0,"tollSect":9,"source_layer":"road","kind":"road_centerline","bridge":true,"major":true},"geometry":{"type":"LineString","coordinates":[[138.60898733,35.45364366],[138.60881567,35.45313676],[138.60851526,35.45269978]]},"id":"gsi-12-3625-1616-road-4"},{"type":"Feature","properties":{"ftCode":2701,"motorway":9,"rnkWidth":2,"rdCtg":1,"tollSect":9,"source_layer":"road","kind":"road_centerline","bridge":false,"major":true},"geometry":{"type":"LineString","coordinates":[[138.60765696,35.38904997],[138.60660553,35.39120159],[138.6063695,35.39153395],[138.60647678,35.3918838],[138.60731363,35.3932657],[138.60845089,35.39386043],[138.60950232,35.39562711],[138.6107254,35.39641423],[138.61102581,35.39702644],[138.61121893,35.39805842],[138.61194849,35.39916036],[138.61188412,35.40068205],[138.61192703,35.4013292],[138.61252785,35.40243109],[138.61381531,35.40390026],[138.61409426,35.40503709],[138.61540318,35.40664613],[138.61718416,35.40865737],[138.61806393,35.41003898],[138.61845016,35.41052866],[138.61917973,35.41129815],[138.61986637,35.41187526],[138.62025261,35.41288957],[138.62053156,35.41343169],[138.62216234,35.41622969],[138.62353563,35.41762866],[138.62407207,35.41848551],[138.62437248,35.41908006],[138.62443686,35.41935985],[138.6244154,35.41995439],[138.62435102,35.42014674],[138.62443686,35.42205273],[138.62424374,35.42385376],[138.62447977,35.42460564],[138.62490892,35.42502529],[138.62550974,35.42530505],[138.62626076,35.42581212],[138.62771988,35.42661644],[138.62913609,35.4275781],[138.62960815,35.42801522],[138.62962961,35.42827749],[138.62980127,35.42855724],[138.6301446,35.42880203],[138.63104582,35.42899436],[138.63325596,35.42932656],[138.63503695,35.43151208],[138.63917828,35.43597035],[138.63973618,35.43694939],[138.63971472,35.43728156],[138.63950014,35.4375438],[138.63887787,35.43789345],[138.6384058,35.43803331],[138.63795519,35.43806828],[138.63759041,35.43817317],[138.63656044,35.43895988],[138.63604546,35.43965917],[138.63585234,35.44007874],[138.63580942,35.44044586],[138.63615274,35.44107521],[138.63636732,35.44133743],[138.63683939,35.4416521],[138.63726854,35.44180944],[138.63868475,35.4420367],[138.6391139,35.44217655],[138.63980055,35.44252619],[138.64027262,35.44287581],[138.6407876,35.44413447],[138.6407876,35.44439669],[138.6406374,35.44490364],[138.64055157,35.44610982],[138.64177465,35.44831236],[138.64211798,35.44951849],[138.64299774,35.45027012],[138.6435771,35.45061972],[138.644135,35.45079452],[138.64499331,35.45091687],[138.64600182,35.45168598],[138.64864111,35.45315424],[138.64907026,35.45350383],[138.64979982,35.45429038],[138.65070105,35.45554886],[138.65108728,35.45665001],[138.6511302,35.45720932],[138.65136623,35.45750645],[138.65228891,35.45799584],[138.65299702,35.45820558],[138.6533618,35.45862505],[138.65353346,35.45895713],[138.65417719,35.45935912],[138.6546278,35.45972616],[138.65486383,35.46004076],[138.65634441,35.46066995]]},"id":"gsi-12-3625-1616-road-5"},{"type":"Feature","properties":{"ftCode":2721,"motorway":0,"rnkWidth":0,"rdCtg":1,"tollSect":0,"source_layer":"road","kind":"road_centerline","bridge":false,"major":true},"geometry":{"type":"LineString","coordinates":[[138.64754677,35.45254247],[138.64829779,35.4526823],[138.64868402,35.45254247],[138.6488986,35.45233272],[138.64979982,35.45228028],[138.65029335,35.45201809],[138.65104437,35.4521754],[138.65121603,35.45214044],[138.65155935,35.45196565],[138.65203142,35.45152866],[138.65334034,35.45114411],[138.65357637,35.45089939],[138.6539197,35.45077704],[138.65441322,35.45032256],[138.65486383,35.45000793],[138.65499258,35.44981565],[138.66061449,35.45182581],[138.66303921,35.45159858],[138.66548538,35.44906401],[138.67348909,35.44210663]]},"id":"gsi-12-3625-1616-road-6"},{"type":"Feature","properties":{"ftCode":2701,"motorway":9,"rnkWidth":0,"rdCtg":1,"tollSect":9,"source_layer":"road","kind":"road_centerline","bridge":false,"major":true},"geometry":{"type":"LineString","coordinates":[[138.67348909,35.44210663],[138.67518425,35.4406032],[138.67552757,35.44039341],[138.67580652,35.44037593],[138.67642879,35.44062068],[138.67724419,35.44058571],[138.67876768,35.43999133],[138.6789608,35.43985147],[138.67923975,35.43948434],[138.67941141,35.43901232],[138.67943287,35.4385403],[138.67928267,35.43796338],[138.67926121,35.43752632],[138.67956161,35.43502627],[138.67975473,35.43408217],[138.68003368,35.43357515],[138.68031263,35.4333129],[138.68198633,35.43212401],[138.68303776,35.4317044],[138.68320942,35.43177434],[138.68338108,35.43175685],[138.68368149,35.43117988],[138.6841321,35.43074278],[138.68453979,35.43062039],[138.68475437,35.43048052],[138.68535519,35.42976367],[138.68732929,35.42846982],[138.68876696,35.42784037],[138.68913174,35.42743822],[138.68951797,35.42686122],[138.69069815,35.42637165],[138.69086981,35.42623176],[138.69140625,35.42516517]]},"id":"gsi-12-3625-1616-road-7"},{"type":"Feature","properties":{"ftCode":2701,"motorway":9,"rnkWidth":2,"rdCtg":1,"tollSect":1,"source_layer":"road","kind":"road_centerline","bridge":false,"major":true},"geometry":{"type":"LineString","coordinates":[[138.69046211,35.38904997],[138.69005442,35.38983715],[138.68996859,35.39013453],[138.69009733,35.39109664],[138.69026899,35.39181383],[138.69140625,35.3939304]]},"id":"gsi-12-3625-1616-road-9"},{"type":"Feature","properties":{"ftCode":2701,"motorway":9,"rnkWidth":2,"rdCtg":1,"tollSect":9,"source_layer":"road","kind":"road_centerline","bridge":false,"major":true},"geometry":{"type":"MultiLineString","coordinates":[[[138.60351562,35.35918368],[138.60430956,35.35927118],[138.60460997,35.35939368],[138.60523224,35.36000616],[138.60548973,35.36047864],[138.60572577,35.36131861],[138.6055541,35.36366346],[138.60574722,35.36441589],[138.60572577,35.36487085],[138.60559702,35.36529081],[138.60508204,35.36627071],[138.60403061,35.36737308],[138.60351562,35.36782802]],[[138.60351562,35.37620899],[138.60390186,35.37638395],[138.60407352,35.3765939],[138.60506058,35.37815102],[138.60463142,35.37965561],[138.60394478,35.38089776],[138.60383749,35.38117768],[138.60385895,35.38140511],[138.60497475,35.38229734],[138.60521078,35.38289215],[138.6058116,35.38509642],[138.60602617,35.38530635],[138.60699177,35.38576119],[138.60714197,35.38588365],[138.60737801,35.38625102],[138.60769987,35.38702074],[138.60765696,35.38754554],[138.60802174,35.38807035],[138.60800028,35.38828027],[138.60765696,35.38904997]]]},"id":"gsi-12-3625-1617-road-0"},{"type":"Feature","properties":{"ftCode":2701,"motorway":9,"rnkWidth":2,"rdCtg":1,"tollSect":1,"source_layer":"road","kind":"road_centerline","bridge":false,"major":true},"geometry":{"type":"LineString","coordinates":[[138.69140625,35.37711878],[138.69106293,35.37771363],[138.69063377,35.37872837],[138.69029045,35.3804079],[138.69029045,35.38098524],[138.69086981,35.38290965],[138.69063377,35.38493898],[138.69022608,35.38724816],[138.69024754,35.38772048],[138.69059086,35.38857765],[138.69059086,35.38875258],[138.69046211,35.38904997]]},"id":"gsi-12-3625-1617-road-1"},{"type":"Feature","properties":{"ftCode":2701,"motorway":9,"rnkWidth":2,"rdCtg":0,"tollSect":9,"source_layer":"road","kind":"road_centerline","bridge":false,"major":true},"geometry":{"type":"LineString","coordinates":[[138.6042881,35.3080687],[138.60394478,35.3090668],[138.60351562,35.30999484]]},"id":"gsi-12-3625-1618-road-1"},{"type":"Feature","properties":{"ftCode":2701,"motorway":9,"rnkWidth":2,"rdCtg":1,"tollSect":9,"source_layer":"road","kind":"road_centerline","bridge":false,"major":true},"geometry":{"type":"LineString","coordinates":[[138.60529661,35.30925942],[138.60445976,35.3097322],[138.60415936,35.30999485],[138.60392332,35.31087036],[138.60351562,35.3113081]]},"id":"gsi-12-3625-1618-road-5"},{"type":"Feature","properties":{"ftCode":2703,"motorway":9,"rnkWidth":2,"rdCtg":1,"tollSect":9,"source_layer":"road","kind":"road_centerline","bridge":true,"major":true},"geometry":{"type":"LineString","coordinates":[[138.60529661,35.30925942],[138.60572577,35.30903178]]},"id":"gsi-12-3625-1618-road-6"},{"type":"Feature","properties":{"ftCode":2703,"motorway":9,"rnkWidth":2,"rdCtg":0,"tollSect":9,"source_layer":"road","kind":"road_centerline","bridge":true,"major":true},"geometry":{"type":"LineString","coordinates":[[138.6042881,35.3080687],[138.60441685,35.30731574]]},"id":"gsi-12-3625-1618-road-7"},{"type":"Feature","properties":{"ftCode":2701,"motorway":9,"rnkWidth":2,"rdCtg":1,"tollSect":9,"source_layer":"road","kind":"road_centerline","bridge":false,"major":true},"geometry":{"type":"LineString","coordinates":[[138.60572577,35.30903178],[138.60712051,35.30824381],[138.60737801,35.30817376],[138.60772133,35.30817376],[138.61209869,35.30917186],[138.61345053,35.30918937],[138.6193943,35.30733325],[138.62102509,35.30700054],[138.62143278,35.30701805],[138.62323523,35.30768346],[138.62387896,35.30721067],[138.62774134,35.30390105],[138.62900734,35.30024105],[138.63091707,35.29850731]]},"id":"gsi-12-3625-1618-road-8"},{"type":"Feature","properties":{"ftCode":2701,"motorway":9,"rnkWidth":2,"rdCtg":0,"tollSect":9,"source_layer":"road","kind":"road_centerline","bridge":false,"major":true},"geometry":{"type":"MultiLineString","coordinates":[[[138.60441685,35.30731574],[138.60448122,35.30649272],[138.60441685,35.30533699],[138.60418081,35.30418124],[138.60366583,35.30265772],[138.60351562,35.3020098]],[[138.60351562,35.29854232],[138.60383749,35.29743903],[138.60433102,35.29645829],[138.6049962,35.29544252],[138.61025333,35.28927757],[138.61085415,35.28841935],[138.61164808,35.28700063],[138.61205578,35.28603728],[138.61233473,35.28516151],[138.6125493,35.28423317],[138.61265659,35.28333986],[138.61269951,35.28199112],[138.61265659,35.28125543],[138.61246347,35.2800643],[138.61190557,35.27754185],[138.6118412,35.27699881],[138.61188412,35.27577259],[138.61214161,35.27456386],[138.61263514,35.27325001],[138.61426592,35.27039449],[138.61475945,35.26908057],[138.61499548,35.26778414],[138.61503839,35.26701329],[138.61508131,35.26203758]]]},"id":"gsi-12-3625-1618-road-9"},{"type":"Feature","properties":{"ftCode":2703,"motorway":9,"rnkWidth":2,"rdCtg":1,"tollSect":9,"source_layer":"road","kind":"road_centerline","bridge":true,"major":true},"geometry":{"type":"LineString","coordinates":[[138.63091707,35.29850731],[138.63136768,35.29812203]]},"id":"gsi-12-3625-1618-road-10"},{"type":"Feature","properties":{"ftCode":2701,"motorway":9,"rnkWidth":2,"rdCtg":1,"tollSect":9,"source_layer":"road","kind":"road_centerline","bridge":false,"major":true},"geometry":{"type":"LineString","coordinates":[[138.63136768,35.29812203],[138.63295555,35.29666845],[138.63314867,35.29640576],[138.6336422,35.29535496],[138.63377094,35.29521485],[138.63477945,35.29449679],[138.63477945,35.29314824],[138.63497257,35.29265785],[138.63540173,35.29232508],[138.63632441,35.29204485],[138.63823414,35.29071377],[138.63870621,35.29027591],[138.63958597,35.2873159],[138.6402297,35.28587964],[138.64035845,35.28512647],[138.64104509,35.28400547],[138.64186049,35.2830596],[138.64207506,35.28290196],[138.64243984,35.28276183],[138.64422083,35.28232393],[138.64503622,35.28235896],[138.64544392,35.28228889],[138.64600182,35.28204366],[138.64677429,35.28148314],[138.64709616,35.28141308],[138.64769697,35.28144811],[138.64881277,35.28165831],[138.6496067,35.28169334],[138.65014315,35.28181595],[138.65059376,35.28174589],[138.65087271,35.28155321],[138.65121603,35.28074745],[138.65203142,35.27955631],[138.65291119,35.27875053],[138.65346909,35.27780461],[138.6536622,35.2775944],[138.65426302,35.27754185],[138.65443468,35.27747178],[138.65516424,35.27682364]]},"id":"gsi-12-3625-1618-road-11"},{"type":"Feature","properties":{"ftCode":2701,"motorway":9,"rnkWidth":2,"rdCtg":0,"tollSect":9,"source_layer":"road","kind":"road_centerline","bridge":false,"major":true},"geometry":{"type":"LineString","coordinates":[[138.60351562,35.27631563],[138.60594034,35.27550982],[138.60842943,35.27522954],[138.61008167,35.27468649],[138.61068249,35.27456386],[138.61106873,35.27456386]]},"id":"gsi-12-3625-1618-road-12"},{"type":"Feature","properties":{"ftCode":2701,"motorway":9,"rnkWidth":2,"rdCtg":0,"tollSect":9,"source_layer":"road","kind":"road_centerline","bridge":false,"major":true},"geometry":{"type":"LineString","coordinates":[[138.61106873,35.27456386],[138.611691,35.27468649]]},"id":"gsi-12-3625-1618-road-13"},{"type":"Feature","properties":{"ftCode":2701,"motorway":9,"rnkWidth":1,"rdCtg":0,"tollSect":9,"source_layer":"road","kind":"road_centerline","bridge":false,"major":true},"geometry":{"type":"LineString","coordinates":[[138.61147642,35.27339015],[138.61162663,35.27332008],[138.61190557,35.27332008],[138.61207724,35.27354781],[138.61179829,35.2751945],[138.61177683,35.27559741],[138.61188412,35.27577259]]},"id":"gsi-12-3625-1618-road-14"},{"type":"Feature","properties":{"ftCode":2703,"motorway":9,"rnkWidth":2,"rdCtg":0,"tollSect":9,"source_layer":"road","kind":"road_centerline","bridge":true,"major":true},"geometry":{"type":"LineString","coordinates":[[138.611691,35.27468649],[138.61237764,35.27479159]]},"id":"gsi-12-3625-1618-road-15"},{"type":"Feature","properties":{"ftCode":2701,"motorway":9,"rnkWidth":2,"rdCtg":0,"tollSect":9,"source_layer":"road","kind":"road_centerline","bridge":false,"major":true},"geometry":{"type":"LineString","coordinates":[[138.6125493,35.27303979],[138.61218452,35.27302227],[138.61158371,35.27325001],[138.61130476,35.27365292],[138.61106873,35.27456386]]},"id":"gsi-12-3625-1618-road-16"},{"type":"Feature","properties":{"ftCode":2701,"motorway":9,"rnkWidth":1,"rdCtg":0,"tollSect":9,"source_layer":"road","kind":"road_centerline","bridge":false,"major":true},"geometry":{"type":"LineString","coordinates":[[138.61194849,35.27533464],[138.61209869,35.2751945],[138.61229181,35.274704],[138.61261368,35.27428357],[138.61319304,35.27391569],[138.61297846,35.27393321],[138.61272097,35.27379307],[138.61263514,35.27325001]]},"id":"gsi-12-3625-1618-road-17"},{"type":"Feature","properties":{"ftCode":2701,"motorway":9,"rnkWidth":2,"rdCtg":0,"tollSect":9,"source_layer":"road","kind":"road_centerline","bridge":false,"major":true},"geometry":{"type":"LineString","coordinates":[[138.61289263,35.27316241],[138.61306429,35.27326752],[138.61330032,35.27354781],[138.61332178,35.27377555],[138.61319304,35.27391569]]},"id":"gsi-12-3625-1618-road-18"},{"type":"Feature","properties":{"ftCode":2703,"motorway":9,"rnkWidth":2,"rdCtg":0,"tollSect":9,"source_layer":"road","kind":"road_centerline","bridge":true,"major":true},"geometry":{"type":"LineString","coordinates":[[138.6125493,35.27303979],[138.61289263,35.27316241]]},"id":"gsi-12-3625-1618-road-19"},{"type":"Feature","properties":{"ftCode":2701,"motorway":9,"rnkWidth":2,"rdCtg":1,"tollSect":9,"source_layer":"road","kind":"road_centerline","bridge":false,"major":true},"geometry":{"type":"MultiLineString","coordinates":[[[138.60825777,35.25434566],[138.60705614,35.2565184],[138.60684156,35.25707909],[138.60615492,35.26179229],[138.6059618,35.26254568],[138.60572577,35.26300121],[138.60351562,35.26571682]],[[138.60351562,35.26680306],[138.60476017,35.26890538],[138.60478163,35.26904553],[138.60476017,35.26937839],[138.60458851,35.26972877],[138.60405207,35.27041201],[138.60351562,35.27084998]],[[138.60351562,35.27431861],[138.60424519,35.27484415],[138.60437393,35.27500181],[138.60452414,35.2753872],[138.6046958,35.27822502],[138.60450268,35.27929356],[138.60351562,35.28221882]]]},"id":"gsi-12-3625-1618-road-20"},{"type":"Feature","properties":{"ftCode":2701,"motorway":9,"rnkWidth":1,"rdCtg":0,"tollSect":9,"source_layer":"road","kind":"road_centerline","bridge":false,"major":true},"geometry":{"type":"LineString","coordinates":[[138.61130476,35.27365292],[138.61130476,35.27342519],[138.61156225,35.2731449],[138.61222744,35.27282957],[138.6125493,35.27260183],[138.61364365,35.27130546],[138.61383677,35.27118283]]},"id":"gsi-12-3625-1618-road-21"},{"type":"Feature","properties":{"ftCode":2701,"motorway":9,"rnkWidth":2,"rdCtg":0,"tollSect":9,"source_layer":"road","kind":"road_centerline","bridge":false,"major":true},"geometry":{"type":"LineString","coordinates":[[138.61237764,35.27479159],[138.61278534,35.27482663],[138.61293554,35.27475656],[138.61379385,35.27395073],[138.61490965,35.27351278],[138.61527443,35.27291716],[138.61546755,35.27270694],[138.61563921,35.27261935],[138.61778498,35.27211131],[138.61814976,35.27197117],[138.61965179,35.27065727],[138.62001657,35.27048208],[138.62166882,35.27013171],[138.62351418,35.26960614],[138.62761259,35.26923824],[138.63072395,35.26801189],[138.63095999,35.2677491],[138.63119602,35.26689065]]},"id":"gsi-12-3625-1618-road-22"},{"type":"Feature","properties":{"ftCode":2703,"motorway":9,"rnkWidth":2,"rdCtg":1,"tollSect":9,"source_layer":"road","kind":"road_centerline","bridge":true,"major":true},"geometry":{"type":"LineString","coordinates":[[138.60825777,35.25434566],[138.60836506,35.2541354]]},"id":"gsi-12-3625-1618-road-23"},{"type":"Feature","properties":{"ftCode":2701,"motorway":9,"rnkWidth":2,"rdCtg":1,"tollSect":9,"source_layer":"road","kind":"road_centerline","bridge":false,"major":true},"geometry":{"type":"LineString","coordinates":[[138.60836506,35.2541354],[138.61021042,35.25070095],[138.61038208,35.25000002]]},"id":"gsi-12-3625-1618-road-24"},{"type":"Feature","properties":{"ftCode":2701,"motorway":9,"rnkWidth":3,"rdCtg":0,"tollSect":9,"source_layer":"road","kind":"road_centerline","bridge":false,"major":true},"geometry":{"type":"LineString","coordinates":[[138.61508131,35.26203758],[138.61503839,35.26005773]]},"id":"gsi-12-3625-1618-road-25"},{"type":"Feature","properties":{"ftCode":2701,"motorway":9,"rnkWidth":4,"rdCtg":0,"tollSect":9,"source_layer":"road","kind":"road_centerline","bridge":false,"major":true},"geometry":{"type":"LineString","coordinates":[[138.61503839,35.26005773],[138.61529589,35.25723679],[138.61557484,35.25550213],[138.61688375,35.25000002]]},"id":"gsi-12-3625-1618-road-26"},{"type":"Feature","properties":{"ftCode":2703,"motorway":9,"rnkWidth":2,"rdCtg":0,"tollSect":9,"source_layer":"road","kind":"road_centerline","bridge":true,"major":true},"geometry":{"type":"LineString","coordinates":[[138.63119602,35.26689065],[138.6312604,35.26671545]]},"id":"gsi-12-3625-1618-road-27"},{"type":"Feature","properties":{"ftCode":2701,"motorway":9,"rnkWidth":2,"rdCtg":0,"tollSect":9,"source_layer":"road","kind":"road_centerline","bridge":false,"major":true},"geometry":{"type":"LineString","coordinates":[[138.6312604,35.26671545],[138.63138914,35.26629498],[138.63233328,35.26517371]]},"id":"gsi-12-3625-1618-road-28"},{"type":"Feature","properties":{"ftCode":2701,"motorway":9,"rnkWidth":3,"rdCtg":0,"tollSect":9,"source_layer":"road","kind":"road_centerline","bridge":false,"major":true},"geometry":{"type":"LineString","coordinates":[[138.63233328,35.26517371],[138.63265514,35.26491091]]},"id":"gsi-12-3625-1618-road-29"},{"type":"Feature","properties":{"ftCode":2701,"motorway":0,"rnkWidth":3,"rdCtg":0,"tollSect":0,"source_layer":"road","kind":"road_centerline","bridge":false,"major":true},"geometry":{"type":"LineString","coordinates":[[138.64222527,35.26447291],[138.64070177,35.26489339],[138.6395216,35.26501603],[138.638556,35.26492843],[138.63668919,35.26450795],[138.63591671,35.26443787],[138.63469362,35.26445539],[138.63417864,35.26452547],[138.63265514,35.26491091]]},"id":"gsi-12-3625-1618-road-30"},{"type":"Feature","properties":{"ftCode":2701,"motorway":9,"rnkWidth":2,"rdCtg":1,"tollSect":0,"source_layer":"road","kind":"road_centerline","bridge":false,"major":true},"geometry":{"type":"LineString","coordinates":[[138.63735437,35.25820047],[138.63389969,35.26228287],[138.63340616,35.26294865],[138.63269806,35.26449043],[138.63261223,35.26475323],[138.63265514,35.26491091]]},"id":"gsi-12-3625-1618-road-31"},{"type":"Feature","properties":{"ftCode":2701,"motorway":9,"rnkWidth":2,"rdCtg":1,"tollSect":9,"source_layer":"road","kind":"road_centerline","bridge":false,"major":true},"geometry":{"type":"LineString","coordinates":[[138.63492966,35.25000002],[138.63696814,35.25063085],[138.63735437,35.25080608]]},"id":"gsi-12-3625-1618-road-32"},{"type":"Feature","properties":{"ftCode":2701,"motorway":0,"rnkWidth":2,"rdCtg":1,"tollSect":0,"source_layer":"road","kind":"road_centerline","bridge":false,"major":true},"geometry":{"type":"LineString","coordinates":[[138.62898588,35.24561909],[138.62986565,35.24691587],[138.63151789,35.24824768],[138.63441467,35.24980726],[138.63492966,35.25000002]]},"id":"gsi-12-3625-1618-road-33"},{"type":"Feature","properties":{"ftCode":2701,"motorway":9,"rnkWidth":2,"rdCtg":1,"tollSect":9,"source_layer":"road","kind":"road_centerline","bridge":false,"major":true},"geometry":{"type":"LineString","coordinates":[[138.62741947,35.25000002],[138.63063812,35.25574743],[138.63402843,35.26498099],[138.63422155,35.26555915],[138.63437176,35.26682057],[138.63557339,35.26901049],[138.63578796,35.26923824],[138.63660336,35.26964118],[138.63692522,35.26972877],[138.64025116,35.27009667],[138.64085197,35.27009667],[138.64306211,35.26990396],[138.64340544,35.26997404],[138.6452508,35.27142809],[138.64552975,35.27179598],[138.64576578,35.27226898],[138.64576578,35.27235657],[138.6455512,35.27261935],[138.64486456,35.27296971],[138.64467144,35.2731449],[138.64462852,35.27337263],[138.6448431,35.27370548],[138.64516497,35.27386314],[138.64567995,35.27391569],[138.64765406,35.27374051],[138.64829779,35.27365292],[138.64913464,35.27340767],[138.6494565,35.27340767],[138.6505723,35.27388066],[138.65235329,35.27524706],[138.65516424,35.27682364]]},"id":"gsi-12-3625-1618-road-34"},{"type":"Feature","properties":{"ftCode":2703,"motorway":9,"rnkWidth":2,"rdCtg":1,"tollSect":0,"source_layer":"road","kind":"road_centerline","bridge":true,"major":true},"geometry":{"type":"LineString","coordinates":[[138.63735437,35.25820047],[138.63780499,35.25767483]]},"id":"gsi-12-3625-1618-road-35"},{"type":"Feature","properties":{"ftCode":2701,"motorway":9,"rnkWidth":2,"rdCtg":1,"tollSect":0,"source_layer":"road","kind":"road_centerline","bridge":false,"major":true},"geometry":{"type":"LineString","coordinates":[[138.63735437,35.25080608],[138.63814831,35.25169975],[138.63924265,35.25276864],[138.63995075,35.25385504],[138.64010096,35.2542931],[138.64003658,35.25539699],[138.63975763,35.25594018],[138.63962889,35.25606283],[138.63887787,35.25643079],[138.63780499,35.25767483]]},"id":"gsi-12-3625-1618-road-36"},{"type":"Feature","properties":{"ftCode":2701,"motorway":9,"rnkWidth":2,"rdCtg":1,"tollSect":9,"source_layer":"road","kind":"road_centerline","bridge":false,"major":true},"geometry":{"type":"LineString","coordinates":[[138.65658045,35.27540472],[138.65516424,35.27682364]]},"id":"gsi-12-3625-1618-road-37"},{"type":"Feature","properties":{"ftCode":2701,"motorway":9,"rnkWidth":1,"rdCtg":1,"tollSect":9,"source_layer":"road","kind":"road_centerline","bridge":false,"major":true},"geometry":{"type":"LineString","coordinates":[[138.65658045,35.27540472],[138.65668774,35.27533464]]},"id":"gsi-12-3625-1618-road-38"},{"type":"Feature","properties":{"ftCode":2703,"motorway":9,"rnkWidth":1,"rdCtg":1,"tollSect":9,"source_layer":"road","kind":"road_centerline","bridge":true,"major":true},"geometry":{"type":"LineString","coordinates":[[138.65713835,35.27493174],[138.65668774,35.27533464]]},"id":"gsi-12-3625-1618-road-39"},{"type":"Feature","properties":{"ftCode":2701,"motorway":9,"rnkWidth":1,"rdCtg":1,"tollSect":9,"source_layer":"road","kind":"road_centerline","bridge":false,"major":true},"geometry":{"type":"LineString","coordinates":[[138.65748167,35.26731112],[138.6574173,35.26746879],[138.65735292,35.26878274],[138.6574173,35.26899297],[138.65791082,35.26950102],[138.65795374,35.26974629],[138.65786791,35.27023682],[138.65836143,35.27079742],[138.65823269,35.27137554],[138.65840435,35.27169087],[138.65857601,35.27298723],[138.6585331,35.27317993],[138.65765333,35.2744062],[138.65713835,35.27493174]]},"id":"gsi-12-3625-1618-road-40"},{"type":"Feature","properties":{"ftCode":2701,"motorway":9,"rnkWidth":2,"rdCtg":1,"tollSect":9,"source_layer":"road","kind":"road_centerline","bridge":false,"major":true},"geometry":{"type":"LineString","coordinates":[[138.66012096,35.26186238],[138.66048574,35.26214271],[138.66070032,35.26321146],[138.66119385,35.26401739],[138.66104364,35.26487587],[138.66078615,35.26527883],[138.65997076,35.26615482],[138.65971327,35.26627746],[138.65870476,35.26654026],[138.65803957,35.26690817],[138.65748167,35.26731112]]},"id":"gsi-12-3625-1618-road-41"},{"type":"Feature","properties":{"ftCode":2701,"motorway":9,"rnkWidth":3,"rdCtg":0,"tollSect":9,"source_layer":"road","kind":"road_centerline","bridge":false,"major":true},"geometry":{"type":"LineString","coordinates":[[138.64222527,35.26447291],[138.64407063,35.26385971],[138.64480019,35.26371954],[138.64533663,35.26370202],[138.64621639,35.26378963],[138.6516881,35.26480579],[138.65308285,35.26480579],[138.65437031,35.26452547],[138.65831852,35.26331658],[138.65881205,35.26307129],[138.66033554,35.26168717]]},"id":"gsi-12-3625-1618-road-42"},{"type":"Feature","properties":{"ftCode":2701,"motorway":9,"rnkWidth":2,"rdCtg":0,"tollSect":9,"source_layer":"road","kind":"road_centerline","bridge":false,"major":true},"geometry":{"type":"LineString","coordinates":[[138.66252422,35.26021542],[138.66222382,35.2602855],[138.66158009,35.26058336],[138.66108656,35.2609513],[138.66033554,35.26168717]]},"id":"gsi-12-3625-1618-road-43"},{"type":"Feature","properties":{"ftCode":2703,"motorway":9,"rnkWidth":2,"rdCtg":0,"tollSect":9,"source_layer":"road","kind":"road_centerline","bridge":true,"major":true},"geometry":{"type":"LineString","coordinates":[[138.66252422,35.26021542],[138.66295338,35.26014533]]},"id":"gsi-12-3625-1618-road-44"},{"type":"Feature","properties":{"ftCode":2701,"motorway":9,"rnkWidth":2,"rdCtg":0,"tollSect":9,"source_layer":"road","kind":"road_centerline","bridge":false,"major":true},"geometry":{"type":"LineString","coordinates":[[138.66565704,35.25997012],[138.66295338,35.26014533]]},"id":"gsi-12-3625-1618-road-45"},{"type":"Feature","properties":{"ftCode":2703,"motorway":9,"rnkWidth":2,"rdCtg":0,"tollSect":9,"source_layer":"road","kind":"road_centerline","bridge":true,"major":true},"geometry":{"type":"LineString","coordinates":[[138.66649389,35.25991756],[138.66565704,35.25997012]]},"id":"gsi-12-3625-1618-road-46"},{"type":"Feature","properties":{"ftCode":2701,"motorway":9,"rnkWidth":2,"rdCtg":0,"tollSect":9,"source_layer":"road","kind":"road_centerline","bridge":false,"major":true},"geometry":{"type":"LineString","coordinates":[[138.66649389,35.25991756],[138.66758823,35.259865],[138.66883278,35.25963722],[138.67003441,35.25912911],[138.67104292,35.2585509]]},"id":"gsi-12-3625-1618-road-47"},{"type":"Feature","properties":{"ftCode":2703,"motorway":9,"rnkWidth":2,"rdCtg":0,"tollSect":9,"source_layer":"road","kind":"road_centerline","bridge":true,"major":true},"geometry":{"type":"LineString","coordinates":[[138.67104292,35.2585509],[138.67138624,35.25835817]]},"id":"gsi-12-3625-1618-road-48"},{"type":"Feature","properties":{"ftCode":2701,"motorway":9,"rnkWidth":2,"rdCtg":0,"tollSect":9,"source_layer":"road","kind":"road_centerline","bridge":false,"major":true},"geometry":{"type":"LineString","coordinates":[[138.6739397,35.25770987],[138.67271662,35.257815],[138.67241621,35.25788509],[138.67209435,35.25799022],[138.67138624,35.25835817]]},"id":"gsi-12-3625-1618-road-49"},{"type":"Feature","properties":{"ftCode":2703,"motorway":9,"rnkWidth":2,"rdCtg":0,"tollSect":9,"source_layer":"road","kind":"road_centerline","bridge":true,"major":true},"geometry":{"type":"LineString","coordinates":[[138.67451906,35.25765731],[138.6739397,35.25770987]]},"id":"gsi-12-3625-1618-road-50"},{"type":"Feature","properties":{"ftCode":2701,"motorway":9,"rnkWidth":2,"rdCtg":0,"tollSect":9,"source_layer":"road","kind":"road_centerline","bridge":false,"major":true},"geometry":{"type":"LineString","coordinates":[[138.67451906,35.25765731],[138.67559195,35.25758722],[138.67614985,35.25744705],[138.67711544,35.25706157],[138.67771626,35.25662353],[138.67812395,35.25644831],[138.68144989,35.25543204],[138.68273735,35.25464354],[138.68331671,35.25439823],[138.68481874,35.25417044],[138.68642807,35.25436319],[138.68683577,35.25431062],[138.6874795,35.25401274],[138.68863821,35.25313662],[138.68934631,35.25292635],[138.68992567,35.25290882],[138.69029045,35.25296139],[138.69140625,35.25324175]]},"id":"gsi-12-3625-1618-road-51"},{"type":"Feature","properties":{"ftCode":2701,"motorway":0,"rnkWidth":2,"rdCtg":1,"tollSect":0,"source_layer":"road","kind":"road_centerline","bridge":false,"major":true},"geometry":{"type":"LineString","coordinates":[[138.61040354,35.24561909],[138.61051083,35.24698597],[138.61048937,35.24896614],[138.61038208,35.25000002]]},"id":"gsi-12-3625-1618-road-52"},{"type":"Feature","properties":{"ftCode":2701,"motorway":0,"rnkWidth":2,"rdCtg":1,"tollSect":0,"source_layer":"road","kind":"road_centerline","bridge":false,"major":true},"geometry":{"type":"LineString","coordinates":[[138.62392187,35.24561909],[138.62668991,35.24875586],[138.62741947,35.25000002]]},"id":"gsi-12-3625-1618-road-53"},{"type":"Feature","properties":{"ftCode":2701,"motorway":0,"rnkWidth":4,"rdCtg":0,"tollSect":0,"source_layer":"road","kind":"road_centerline","bridge":false,"major":true},"geometry":{"type":"LineString","coordinates":[[138.61688375,35.25000002],[138.61793518,35.24561909]]},"id":"gsi-12-3625-1618-road-54"},{"type":"Feature","properties":{"ftCode":2701,"motorway":9,"rnkWidth":2,"rdCtg":1,"tollSect":9,"source_layer":"road","kind":"road_centerline","bridge":false,"major":true},"geometry":{"type":"LineString","coordinates":[[138.65516424,35.27682364],[138.65902662,35.27894322],[138.65956306,35.27934611],[138.66115093,35.28095765],[138.661623,35.28146563],[138.66175175,35.28174589],[138.66170883,35.28227138],[138.66149426,35.28274431],[138.66138697,35.28330483],[138.66175175,35.28458349],[138.66220236,35.28656274],[138.6625886,35.28785887],[138.66267443,35.28857698],[138.66243839,35.28910243],[138.66185904,35.28975047],[138.66155863,35.29020585],[138.66149426,35.29048608],[138.66173029,35.29085388],[138.66211653,35.29094146],[138.66389751,35.29101151],[138.66413355,35.29106406],[138.66445541,35.29132677],[138.66447687,35.2918522],[138.66436958,35.29204485],[138.66398335,35.29218497],[138.66327524,35.29230756],[138.66280317,35.29255276],[138.66263151,35.29299061],[138.6627388,35.29320078],[138.66299629,35.29342846],[138.66336107,35.29351603],[138.66372585,35.29346349],[138.66449833,35.29283299],[138.6649704,35.29269287],[138.66572142,35.29271039],[138.66585016,35.29276293],[138.66593599,35.2929731],[138.6656785,35.29351603],[138.66398335,35.29588036],[138.66396189,35.29630068],[138.66421938,35.29649332],[138.66464853,35.29658089],[138.66748095,35.29560014],[138.66885424,35.29519734],[138.66936922,35.29510977],[138.67076397,35.29512728],[138.67121458,35.29523236],[138.67134333,35.29531993],[138.67147207,35.29560014],[138.67130041,35.29591538],[138.6701417,35.2963357],[138.66911173,35.29735146],[138.66889715,35.29777177],[138.66889715,35.29840223],[138.66921902,35.29877],[138.669734,35.29892762],[138.67179394,35.29894513],[138.67310286,35.29877],[138.67329597,35.29877],[138.67357492,35.29889259],[138.67374659,35.29912025],[138.67374659,35.29941797],[138.67226601,35.30055628],[138.67209435,35.30083647],[138.6721158,35.30106413],[138.67237329,35.30125676],[138.67269516,35.30136184],[138.67499113,35.30134432],[138.67529154,35.30143188],[138.67539883,35.30160701],[138.67537737,35.30207983],[138.67404699,35.30390105],[138.6739397,35.30428631],[138.67417574,35.30453147],[138.67441177,35.30460151],[138.67460489,35.304584],[138.67741585,35.30369091],[138.67775917,35.30363838],[138.67803812,35.30377847],[138.67816687,35.30400612],[138.67814541,35.3042688],[138.67700815,35.30589735],[138.67698669,35.30623006],[138.67711544,35.30649272],[138.67730856,35.30656277],[138.67780209,35.30658028],[138.6806345,35.30572224],[138.68160009,35.30481165],[138.68423939,35.30172959],[138.68505478,35.30115169],[138.68672848,35.30015349],[138.68754387,35.29978573],[138.68795156,35.29969817],[138.68990421,35.29952304],[138.69140625,35.29945299]]},"id":"gsi-12-3625-1618-road-57"},{"type":"Feature","properties":{"ftCode":2701,"motorway":0,"rnkWidth":2,"rdCtg":1,"tollSect":0,"source_layer":"road","kind":"road_centerline","bridge":false,"major":true},"geometry":{"type":"LineString","coordinates":[[138.6286211,35.24505832],[138.62898588,35.24561909]]},"id":"gsi-12-3625-1619-road-6"},{"type":"Feature","properties":{"ftCode":2701,"motorway":0,"rnkWidth":2,"rdCtg":1,"tollSect":0,"source_layer":"road","kind":"road_centerline","bridge":false,"major":true},"geometry":{"type":"LineString","coordinates":[[138.60974183,35.24],[138.60993147,35.24207913],[138.61040354,35.24561909]]},"id":"gsi-12-3625-1619-road-7"},{"type":"Feature","properties":{"ftCode":2701,"motorway":0,"rnkWidth":2,"rdCtg":1,"tollSect":0,"source_layer":"road","kind":"road_centerline","bridge":false,"major":true},"geometry":{"type":"LineString","coordinates":[[138.61892949,35.24],[138.62001657,35.24109773],[138.62392187,35.24561909]]},"id":"gsi-12-3625-1619-road-8"},{"type":"Feature","properties":{"ftCode":2701,"motorway":0,"rnkWidth":4,"rdCtg":0,"tollSect":0,"source_layer":"road","kind":"road_centerline","bridge":false,"major":true},"geometry":{"type":"LineString","coordinates":[[138.61793518,35.24561909],[138.619319,35.24]]},"id":"gsi-12-3625-1619-road-9"},{"type":"Feature","properties":{"ftCode":2701,"motorway":0,"rnkWidth":1,"rdCtg":1,"tollSect":0,"source_layer":"road","kind":"road_centerline","bridge":false,"major":true},"geometry":{"type":"LineString","coordinates":[[138.63050055,35.24],[138.63038063,35.24015137],[138.63018751,35.24055445],[138.62947941,35.24123793],[138.62930775,35.24148328],[138.62900734,35.24158843],[138.6286211,35.24505832]]},"id":"gsi-12-3625-1619-road-28"},{"type":"Feature","properties":{"ftCode":2701,"motorway":0,"rnkWidth":2,"rdCtg":1,"tollSect":0,"source_layer":"road","kind":"road_centerline","bridge":false,"major":true},"geometry":{"type":"LineString","coordinates":[[138.65360343,35.24],[138.65437031,35.24067713],[138.65460634,35.2407998],[138.65643024,35.24136061],[138.65698814,35.24144823],[138.65761042,35.24130803],[138.659091,35.24018642],[138.65953228,35.24]]},"id":"gsi-12-3625-1619-road-94"},{"type":"Feature","properties":{"ftCode":2701,"motorway":9,"rnkWidth":2,"rdCtg":1,"tollSect":9,"source_layer":"road","kind":"road_centerline","bridge":false,"major":true},"geometry":{"type":"LineString","coordinates":[[138.69140625,35.24560157],[138.69046211,35.24516346],[138.69009733,35.24507584],[138.68554831,35.24448001],[138.68511915,35.24433982],[138.68426085,35.24388418],[138.68252277,35.24348112],[138.68140697,35.24330587],[138.67838144,35.2431131],[138.67786646,35.24313062],[138.67745876,35.2431832],[138.67597818,35.24356874],[138.67548466,35.24358626],[138.67533445,35.24349864],[138.67492676,35.24302548],[138.67424011,35.24253478],[138.67361784,35.24195646],[138.67263079,35.24157091],[138.67233038,35.24134308],[138.67187977,35.2408699],[138.67160082,35.24015137],[138.67148962,35.24]]},"id":"gsi-12-3625-1619-road-100"},{"type":"Feature","properties":{"ftCode":2701,"motorway":9,"rnkWidth":2,"rdCtg":0,"tollSect":9,"source_layer":"road","kind":"road_centerline","bridge":false,"major":true},"geometry":{"type":"LineString","coordinates":[[138.70172739,35.6085687],[138.70047278,35.61]]},"id":"gsi-12-3626-1613-road-65"},{"type":"Feature","properties":{"ftCode":2703,"motorway":9,"rnkWidth":2,"rdCtg":0,"tollSect":9,"source_layer":"road","kind":"road_centerline","bridge":true,"major":true},"geometry":{"type":"LineString","coordinates":[[138.70172739,35.6085687],[138.70189905,35.60828958]]},"id":"gsi-12-3626-1613-road-66"},{"type":"Feature","properties":{"ftCode":2701,"motorway":9,"rnkWidth":2,"rdCtg":0,"tollSect":9,"source_layer":"road","kind":"road_centerline","bridge":false,"major":true},"geometry":{"type":"LineString","coordinates":[[138.70189905,35.60828958],[138.70312214,35.60603908],[138.70348692,35.60549826],[138.70434523,35.60450383]]},"id":"gsi-12-3626-1613-road-67"},{"type":"Feature","properties":{"ftCode":2703,"motorway":9,"rnkWidth":2,"rdCtg":0,"tollSect":9,"source_layer":"road","kind":"road_centerline","bridge":true,"major":true},"geometry":{"type":"LineString","coordinates":[[138.70434523,35.60450383],[138.70449543,35.60434681]]},"id":"gsi-12-3626-1613-road-68"},{"type":"Feature","properties":{"ftCode":2701,"motorway":9,"rnkWidth":2,"rdCtg":0,"tollSect":9,"source_layer":"road","kind":"road_centerline","bridge":false,"major":true},"geometry":{"type":"LineString","coordinates":[[138.70449543,35.60434681],[138.70516062,35.60371874]]},"id":"gsi-12-3626-1613-road-141"},{"type":"Feature","properties":{"ftCode":2701,"motorway":9,"rnkWidth":2,"rdCtg":0,"tollSect":9,"source_layer":"road","kind":"road_centerline","bridge":false,"major":true},"geometry":{"type":"LineString","coordinates":[[138.70516062,35.60371874],[138.70599747,35.60303833],[138.70711327,35.60193918],[138.70779991,35.60108429],[138.70852947,35.60000256],[138.70895863,35.59951404],[138.70934486,35.59918254],[138.71046066,35.59841485],[138.7114048,35.5976297],[138.71258497,35.59630366],[138.71325016,35.59565808]]},"id":"gsi-12-3626-1614-road-3"},{"type":"Feature","properties":{"ftCode":2703,"motorway":9,"rnkWidth":2,"rdCtg":0,"tollSect":9,"source_layer":"road","kind":"road_centerline","bridge":true,"major":true},"geometry":{"type":"LineString","coordinates":[[138.71397972,35.59509974],[138.71325016,35.59565808]]},"id":"gsi-12-3626-1614-road-4"},{"type":"Feature","properties":{"ftCode":2701,"motorway":9,"rnkWidth":2,"rdCtg":0,"tollSect":9,"source_layer":"road","kind":"road_centerline","bridge":false,"major":true},"geometry":{"type":"LineString","coordinates":[[138.71397972,35.59509974],[138.71515989,35.59452394],[138.71730566,35.59359917],[138.71921539,35.59286632],[138.72073889,35.59256969],[138.72221947,35.59256969],[138.72254133,35.59251734],[138.72520208,35.59187173],[138.72603893,35.5915751],[138.72719765,35.59089458],[138.72878551,35.59023151],[138.72947216,35.59000466],[138.73028755,35.58988252],[138.73206854,35.58946373],[138.73399973,35.58941138],[138.73466492,35.58927179],[138.73530865,35.58895769],[138.73687506,35.5883295],[138.73732567,35.58805031],[138.73846292,35.58714291],[138.73917103,35.58689861],[138.740201,35.5866892],[138.74086618,35.58667175],[138.74238968,35.58684626],[138.74277592,35.58682881],[138.74348402,35.5866543]]},"id":"gsi-12-3626-1614-road-5"},{"type":"Feature","properties":{"ftCode":2701,"motorway":9,"rnkWidth":2,"rdCtg":1,"tollSect":9,"source_layer":"road","kind":"road_centerline","bridge":false,"major":true},"geometry":{"type":"LineString","coordinates":[[138.69140625,35.55181621],[138.69453907,35.55066399],[138.69483948,35.55064654],[138.69571924,35.55080366],[138.69632006,35.55075128],[138.69659901,35.55068145],[138.69724274,35.55036721],[138.69769335,35.55026246],[138.70140553,35.55015771],[138.70262861,35.55029737],[138.70312214,35.55029737],[138.70402336,35.55014025],[138.70453835,35.54993075]]},"id":"gsi-12-3626-1614-road-6"},{"type":"Feature","properties":{"ftCode":2704,"motorway":9,"rnkWidth":2,"rdCtg":1,"tollSect":9,"source_layer":"road","kind":"road_centerline","bridge":false,"major":true},"geometry":{"type":"LineString","coordinates":[[138.70453835,35.54993075],[138.70507479,35.54963397],[138.70548248,35.54926734],[138.70593309,35.54860392],[138.71063232,35.53739482],[138.71286392,35.53222623]]},"id":"gsi-12-3626-1614-road-7"},{"type":"Feature","properties":{"ftCode":2703,"motorway":9,"rnkWidth":2,"rdCtg":0,"tollSect":9,"source_layer":"road","kind":"road_centerline","bridge":true,"major":true},"geometry":{"type":"LineString","coordinates":[[138.74348402,35.5866543],[138.74397755,35.5864449]]},"id":"gsi-12-3626-1614-road-8"},{"type":"Feature","properties":{"ftCode":2701,"motorway":9,"rnkWidth":2,"rdCtg":0,"tollSect":9,"source_layer":"road","kind":"road_centerline","bridge":false,"major":true},"geometry":{"type":"LineString","coordinates":[[138.74397755,35.5864449],[138.74459982,35.58618315],[138.74571562,35.58550259],[138.74685287,35.58494417],[138.74753952,35.58469986],[138.74859095,35.58450791],[138.74987841,35.58452536],[138.75296831,35.58414144],[138.75421286,35.58386223],[138.75496387,35.58358302],[138.75539303,35.58335616],[138.75584364,35.58305949],[138.75678778,35.58222184],[138.75828981,35.58059887],[138.75882626,35.58028474],[138.76004934,35.58007532],[138.76140118,35.57916784],[138.76208782,35.57822543],[138.76343966,35.57709105],[138.76358986,35.57677691],[138.76361132,35.57618352],[138.76371861,35.57569486],[138.76399755,35.57538071],[138.7642765,35.57524109]]},"id":"gsi-12-3626-1614-road-9"},{"type":"Feature","properties":{"ftCode":2703,"motorway":9,"rnkWidth":2,"rdCtg":0,"tollSect":9,"source_layer":"road","kind":"road_centerline","bridge":true,"major":true},"geometry":{"type":"LineString","coordinates":[[138.7642765,35.57524109],[138.76487732,35.57508401]]},"id":"gsi-12-3626-1614-road-10"},{"type":"Feature","properties":{"ftCode":2701,"motorway":9,"rnkWidth":2,"rdCtg":0,"tollSect":9,"source_layer":"road","kind":"road_centerline","bridge":false,"major":true},"geometry":{"type":"LineString","coordinates":[[138.76487732,35.57508401],[138.76642227,35.57473496],[138.76740932,35.57442081],[138.76942635,35.5734609],[138.76979113,35.57321656],[138.76983404,35.57311184],[138.7697053,35.57298966],[138.76946926,35.57302457],[138.76807451,35.57360052],[138.76738787,35.57380996],[138.76693726,35.57382741],[138.76631498,35.57354816],[138.76442671,35.57222172],[138.76294613,35.57161086],[138.76271009,35.5713316],[138.76262426,35.57103489]]},"id":"gsi-12-3626-1614-road-11"},{"type":"Feature","properties":{"ftCode":2704,"motorway":9,"rnkWidth":2,"rdCtg":0,"tollSect":9,"source_layer":"road","kind":"road_centerline","bridge":false,"major":true},"geometry":{"type":"LineString","coordinates":[[138.76262426,35.57103489],[138.76796722,35.54799288],[138.76826763,35.54621208]]},"id":"gsi-12-3626-1614-road-12"},{"type":"Feature","properties":{"ftCode":2701,"motorway":9,"rnkWidth":2,"rdCtg":1,"tollSect":9,"source_layer":"road","kind":"road_centerline","bridge":false,"major":true},"geometry":{"type":"LineString","coordinates":[[138.76837492,35.57398449],[138.76925468,35.57380996],[138.76989841,35.57353071],[138.77017736,35.57333873],[138.77073526,35.57272787],[138.77110004,35.57248352],[138.77148628,35.57232644],[138.77204418,35.57218682],[138.77352476,35.57223918],[138.77388954,35.57180284],[138.7744689,35.57147123],[138.77449036,35.5713316],[138.77418995,35.57127924],[138.77346039,35.57164576],[138.77328873,35.57157595],[138.77324581,35.57138396],[138.77395391,35.57103489],[138.77455473,35.57065091],[138.77513409,35.57052873],[138.77534866,35.57040656],[138.77530575,35.57026693],[138.77479076,35.57021457],[138.77367496,35.57045892],[138.77356768,35.57037165],[138.77363205,35.57021457],[138.77489805,35.56974332],[138.77588511,35.56969095],[138.77603531,35.56960368],[138.77601385,35.5694466],[138.77590656,35.56939424],[138.77481222,35.56948151],[138.77399683,35.56965605],[138.77361059,35.56956878],[138.77315998,35.56934188],[138.77307415,35.56920224],[138.77311707,35.56911497],[138.77328873,35.56909752],[138.77395391,35.56934188],[138.77421141,35.56930697],[138.77556324,35.56860881],[138.77575636,35.56846917],[138.77601385,35.56805027],[138.7761426,35.56794555],[138.77708673,35.56791064],[138.77738714,35.56784082],[138.77805233,35.5673521],[138.77876043,35.56696811],[138.77929688,35.56681102]]},"id":"gsi-12-3626-1614-road-13"},{"type":"Feature","properties":{"ftCode":2703,"motorway":9,"rnkWidth":2,"rdCtg":0,"tollSect":9,"source_layer":"road","kind":"road_centerline","bridge":true,"major":true},"geometry":{"type":"LineString","coordinates":[[138.76667976,35.53837262],[138.76614332,35.53798848],[138.7659502,35.53797102]]},"id":"gsi-12-3626-1614-road-14"},{"type":"Feature","properties":{"ftCode":2701,"motorway":9,"rnkWidth":2,"rdCtg":0,"tollSect":9,"source_layer":"road","kind":"road_centerline","bridge":false,"major":true},"geometry":{"type":"LineString","coordinates":[[138.7659502,35.53797102],[138.76556396,35.53809325],[138.76541376,35.53826786],[138.7653923,35.53847738],[138.76549959,35.53868691],[138.7656498,35.53880914],[138.76605749,35.53887898],[138.76665831,35.53875675],[138.76693726,35.53875675],[138.76788139,35.53893136],[138.76813889,35.53915835],[138.76828909,35.53969962],[138.76839638,35.53982184],[138.76876116,35.53999645],[138.76989841,35.54032819],[138.77037048,35.54055518],[138.77125025,35.54144564],[138.77135754,35.54170754],[138.77140045,35.54195198],[138.77131462,35.54226626],[138.77116442,35.54247577],[138.77034903,35.54313924],[138.76991987,35.54392492],[138.76972675,35.54411698],[138.76934052,35.54446616],[138.76880407,35.54481535],[138.76850367,35.54511216],[138.76826763,35.54621208]]},"id":"gsi-12-3626-1614-road-15"},{"type":"Feature","properties":{"ftCode":2703,"motorway":9,"rnkWidth":2,"rdCtg":0,"tollSect":9,"source_layer":"road","kind":"road_centerline","bridge":true,"major":true},"geometry":{"type":"LineString","coordinates":[[138.77288103,35.54169008],[138.77268791,35.5412885]]},"id":"gsi-12-3626-1614-road-16"},{"type":"Feature","properties":{"ftCode":2701,"motorway":9,"rnkWidth":2,"rdCtg":0,"tollSect":9,"source_layer":"road","kind":"road_centerline","bridge":false,"major":true},"geometry":{"type":"LineString","coordinates":[[138.77331018,35.54095676],[138.77399683,35.54144564],[138.7740612,35.54174246],[138.77401829,35.54182976],[138.77378225,35.54205674],[138.77341747,35.54212658],[138.77309561,35.5419869],[138.77288103,35.54169008]]},"id":"gsi-12-3626-1614-road-17"},{"type":"Feature","properties":{"ftCode":2701,"motorway":9,"rnkWidth":2,"rdCtg":0,"tollSect":9,"source_layer":"road","kind":"road_centerline","bridge":false,"major":true},"geometry":{"type":"LineString","coordinates":[[138.77268791,35.5412885],[138.77234459,35.54086946],[138.77067089,35.53990915],[138.7704134,35.53978692],[138.76949072,35.53959486],[138.76910448,35.53943771],[138.76869678,35.53915835],[138.76824617,35.53870437],[138.76708746,35.53858215],[138.76667976,35.53837262]]},"id":"gsi-12-3626-1614-road-18"},{"type":"Feature","properties":{"ftCode":2703,"motorway":9,"rnkWidth":2,"rdCtg":0,"tollSect":9,"source_layer":"road","kind":"road_centerline","bridge":true,"major":true},"geometry":{"type":"LineString","coordinates":[[138.77204418,35.53978692],[138.77197981,35.53936787]]},"id":"gsi-12-3626-1614-road-19"},{"type":"Feature","properties":{"ftCode":2701,"motorway":9,"rnkWidth":2,"rdCtg":0,"tollSect":9,"source_layer":"road","kind":"road_centerline","bridge":false,"major":true},"geometry":{"type":"LineString","coordinates":[[138.77197981,35.53936787],[138.77206564,35.5389139],[138.77228022,35.53852977]]},"id":"gsi-12-3626-1614-road-20"},{"type":"Feature","properties":{"ftCode":2701,"motorway":9,"rnkWidth":2,"rdCtg":0,"tollSect":9,"source_layer":"road","kind":"road_centerline","bridge":false,"major":true},"geometry":{"type":"LineString","coordinates":[[138.77204418,35.53978692],[138.77253771,35.54039803],[138.77303123,35.54078216]]},"id":"gsi-12-3626-1614-road-21"},{"type":"Feature","properties":{"ftCode":2703,"motorway":9,"rnkWidth":2,"rdCtg":0,"tollSect":9,"source_layer":"road","kind":"road_centerline","bridge":true,"major":true},"geometry":{"type":"LineString","coordinates":[[138.77303123,35.54078216],[138.77331018,35.54095676]]},"id":"gsi-12-3626-1614-road-22"},{"type":"Feature","properties":{"ftCode":2704,"motorway":9,"rnkWidth":2,"rdCtg":0,"tollSect":9,"source_layer":"road","kind":"road_centerline","bridge":false,"major":true},"geometry":{"type":"LineString","coordinates":[[138.77228022,35.53852977],[138.77599239,35.53222623]]},"id":"gsi-12-3626-1614-road-23"},{"type":"Feature","properties":{"ftCode":2701,"motorway":9,"rnkWidth":2,"rdCtg":1,"tollSect":9,"source_layer":"road","kind":"road_centerline","bridge":false,"major":true},"geometry":{"type":"LineString","coordinates":[[138.76831055,35.54591528],[138.76904011,35.54610733],[138.76989841,35.54591528],[138.77032757,35.54572323],[138.77142191,35.54488519],[138.77255917,35.54441379],[138.77277374,35.5446233],[138.77288103,35.54537405],[138.77328873,35.54572323],[138.77341747,35.54600257],[138.77346039,35.54666601],[138.77367496,35.54678822],[138.77386808,35.54682314],[138.77425432,35.54710248],[138.77418995,35.54788812],[138.77427578,35.54802779],[138.77476931,35.54818492],[138.77470493,35.54921497],[138.77485514,35.54951176],[138.77500534,35.54959905],[138.77519846,35.54958159],[138.77564907,35.54904038],[138.7761426,35.54884834],[138.77693653,35.5488658],[138.77712965,35.54900547],[138.77717257,35.54931972],[138.77708673,35.54954667],[138.77652884,35.55005296],[138.77650738,35.55014025],[138.77659321,35.550245],[138.77674341,35.55027992],[138.77794504,35.54998313],[138.77820253,35.55015771],[138.77848148,35.5504545],[138.77873898,35.55059416],[138.77929688,35.55061162]]},"id":"gsi-12-3626-1614-road-27"},{"type":"Feature","properties":{"ftCode":2701,"motorway":9,"rnkWidth":2,"rdCtg":1,"tollSect":9,"source_layer":"road","kind":"road_centerline","bridge":false,"major":true},"geometry":{"type":"LineString","coordinates":[[138.69140625,35.49547774],[138.6922431,35.49577473],[138.69237185,35.49586208],[138.69275808,35.49656088],[138.69286537,35.49664822],[138.69327307,35.49691027],[138.69365931,35.4968928],[138.69376659,35.49694521],[138.69408846,35.4972946],[138.69419575,35.49732954],[138.69451761,35.49724219],[138.69531155,35.49677051],[138.6957407,35.49643859],[138.69608402,35.49642112],[138.69647026,35.49656088],[138.69702816,35.49715485],[138.69698524,35.49736448],[138.69679213,35.49759159],[138.69696379,35.49795844],[138.6968565,35.49843012],[138.69696379,35.49865722],[138.69713545,35.4987271],[138.69773626,35.49869216],[138.69846582,35.49900661],[138.69889498,35.49919877],[138.6990881,35.49935599],[138.69934559,35.49972284],[138.69940996,35.49998488],[138.69928122,35.50075351],[138.6986804,35.50141733],[138.69820833,35.50167936],[138.69814396,35.50188898],[138.69822979,35.50197632],[138.69861603,35.5020986],[138.6986804,35.50218594],[138.69872332,35.50262266],[138.69891644,35.50279734],[138.69919538,35.50284975],[138.69983912,35.50267506],[138.70039701,35.50265759],[138.70086908,35.50279734],[138.7010622,35.50291962],[138.70138407,35.50328646]]},"id":"gsi-12-3626-1615-road-0"},{"type":"Feature","properties":{"ftCode":2701,"motorway":9,"rnkWidth":2,"rdCtg":0,"tollSect":9,"source_layer":"road","kind":"road_centerline","bridge":false,"major":true},"geometry":{"type":"LineString","coordinates":[[138.69140625,35.47893194],[138.69226456,35.4794212],[138.692801,35.47961341],[138.69739294,35.47954352],[138.69850874,35.47963088],[138.70099783,35.4800153],[138.70940924,35.4814481],[138.71164083,35.48188493],[138.71372223,35.48256637]]},"id":"gsi-12-3626-1615-road-1"},{"type":"Feature","properties":{"ftCode":2704,"motorway":9,"rnkWidth":2,"rdCtg":1,"tollSect":9,"source_layer":"road","kind":"road_centerline","bridge":false,"major":true},"geometry":{"type":"LineString","coordinates":[[138.71286392,35.53222623],[138.7141943,35.52931002],[138.71458054,35.52883853],[138.7153101,35.52831464]]},"id":"gsi-12-3626-1615-road-2"},{"type":"Feature","properties":{"ftCode":2704,"motorway":9,"rnkWidth":2,"rdCtg":0,"tollSect":9,"source_layer":"road","kind":"road_centerline","bridge":false,"major":true},"geometry":{"type":"LineString","coordinates":[[138.77599239,35.53222623],[138.77631426,35.53164998]]},"id":"gsi-12-3626-1615-road-3"},{"type":"Feature","properties":{"ftCode":2701,"motorway":9,"rnkWidth":2,"rdCtg":1,"tollSect":9,"source_layer":"road","kind":"road_centerline","bridge":false,"major":true},"geometry":{"type":"LineString","coordinates":[[138.69140625,35.50417733],[138.69170666,35.50429961],[138.69241476,35.50510314],[138.69314432,35.50524288],[138.69387388,35.50553984],[138.69608402,35.50592413],[138.69638443,35.50592413],[138.69919538,35.50527782]]},"id":"gsi-12-3626-1615-road-4"},{"type":"Feature","properties":{"ftCode":2703,"motorway":9,"rnkWidth":2,"rdCtg":1,"tollSect":9,"source_layer":"road","kind":"road_centerline","bridge":true,"major":true},"geometry":{"type":"LineString","coordinates":[[138.69919538,35.50527782],[138.69934559,35.50526035]]},"id":"gsi-12-3626-1615-road-5"},{"type":"Feature","properties":{"ftCode":2701,"motorway":9,"rnkWidth":2,"rdCtg":1,"tollSect":9,"source_layer":"road","kind":"road_centerline","bridge":false,"major":true},"geometry":{"type":"LineString","coordinates":[[138.69934559,35.50526035],[138.70134115,35.50487606],[138.70181322,35.50485859]]},"id":"gsi-12-3626-1615-road-6"},{"type":"Feature","properties":{"ftCode":2701,"motorway":9,"rnkWidth":2,"rdCtg":1,"tollSect":9,"source_layer":"road","kind":"road_centerline","bridge":false,"major":true},"geometry":{"type":"LineString","coordinates":[[138.70151281,35.50351354],[138.70177031,35.50402012],[138.70181322,35.50485859]]},"id":"gsi-12-3626-1615-road-7"},{"type":"Feature","properties":{"ftCode":2703,"motorway":9,"rnkWidth":2,"rdCtg":1,"tollSect":9,"source_layer":"road","kind":"road_centerline","bridge":true,"major":true},"geometry":{"type":"LineString","coordinates":[[138.70138407,35.50328646],[138.70151281,35.50351354]]},"id":"gsi-12-3626-1615-road-8"},{"type":"Feature","properties":{"ftCode":2701,"motorway":9,"rnkWidth":2,"rdCtg":1,"tollSect":9,"source_layer":"road","kind":"road_centerline","bridge":false,"major":true},"geometry":{"type":"LineString","coordinates":[[138.70537519,35.50536516],[138.70606184,35.50571451],[138.70668411,35.50627348],[138.70792866,35.50657043],[138.7097311,35.50779315],[138.71007442,35.50774075],[138.71016026,35.50749621],[138.71009588,35.5073914],[138.70928049,35.50676257],[138.70923758,35.5066403],[138.70938778,35.50650056],[138.70994568,35.50655296],[138.71477365,35.5073914],[138.7154603,35.50760101]]},"id":"gsi-12-3626-1615-road-9"},{"type":"Feature","properties":{"ftCode":2701,"motorway":9,"rnkWidth":2,"rdCtg":1,"tollSect":9,"source_layer":"road","kind":"road_centerline","bridge":false,"major":true},"geometry":{"type":"LineString","coordinates":[[138.70350838,35.50510314],[138.70181322,35.50485859]]},"id":"gsi-12-3626-1615-road-10"},{"type":"Feature","properties":{"ftCode":2704,"motorway":9,"rnkWidth":2,"rdCtg":1,"tollSect":9,"source_layer":"road","kind":"road_centerline","bridge":false,"major":true},"geometry":{"type":"LineString","coordinates":[[138.70537519,35.50536516],[138.70350838,35.50510314]]},"id":"gsi-12-3626-1615-road-11"},{"type":"Feature","properties":{"ftCode":2701,"motorway":9,"rnkWidth":2,"rdCtg":1,"tollSect":9,"source_layer":"road","kind":"road_centerline","bridge":false,"major":true},"geometry":{"type":"LineString","coordinates":[[138.7153101,35.52831464],[138.7160182,35.5280527],[138.71745586,35.52773836],[138.71777773,35.52756373],[138.71968746,35.52604444],[138.72043848,35.52569517],[138.72127533,35.52543322],[138.72254133,35.52532844]]},"id":"gsi-12-3626-1615-road-12"},{"type":"Feature","properties":{"ftCode":2703,"motorway":9,"rnkWidth":2,"rdCtg":1,"tollSect":9,"source_layer":"road","kind":"road_centerline","bridge":true,"major":true},"geometry":{"type":"LineString","coordinates":[[138.72254133,35.52532844],[138.72327089,35.52538083]]},"id":"gsi-12-3626-1615-road-13"},{"type":"Feature","properties":{"ftCode":2701,"motorway":9,"rnkWidth":2,"rdCtg":1,"tollSect":9,"source_layer":"road","kind":"road_centerline","bridge":false,"major":true},"geometry":{"type":"LineString","coordinates":[[138.74123096,35.52063061],[138.73653173,35.52403613],[138.73590946,35.52428062],[138.73565197,35.52433301],[138.7281847,35.52450765],[138.72715473,35.52468228],[138.72603893,35.52506648],[138.72498751,35.52532844],[138.72389317,35.52541575],[138.72327089,35.52538083]]},"id":"gsi-12-3626-1615-road-14"},{"type":"Feature","properties":{"ftCode":2701,"motorway":9,"rnkWidth":2,"rdCtg":1,"tollSect":9,"source_layer":"road","kind":"road_centerline","bridge":false,"major":true},"geometry":{"type":"LineString","coordinates":[[138.71683359,35.50976694],[138.71756315,35.51076254],[138.71790648,35.51107694],[138.71809959,35.51116428],[138.71893644,35.51112934],[138.72037411,35.51091974]]},"id":"gsi-12-3626-1615-road-15"},{"type":"Feature","properties":{"ftCode":2701,"motorway":9,"rnkWidth":2,"rdCtg":1,"tollSect":9,"source_layer":"road","kind":"road_centerline","bridge":false,"major":true},"geometry":{"type":"LineString","coordinates":[[138.7154603,35.50760101],[138.71576071,35.50793289]]},"id":"gsi-12-3626-1615-road-16"},{"type":"Feature","properties":{"ftCode":2703,"motorway":9,"rnkWidth":2,"rdCtg":1,"tollSect":9,"source_layer":"road","kind":"road_centerline","bridge":true,"major":true},"geometry":{"type":"LineString","coordinates":[[138.71576071,35.50793289],[138.71582508,35.5080377]]},"id":"gsi-12-3626-1615-road-17"},{"type":"Feature","properties":{"ftCode":2703,"motorway":9,"rnkWidth":2,"rdCtg":1,"tollSect":9,"source_layer":"road","kind":"road_centerline","bridge":true,"major":true},"geometry":{"type":"LineString","coordinates":[[138.71668339,35.50953987],[138.71683359,35.50976694]]},"id":"gsi-12-3626-1615-road-18"},{"type":"Feature","properties":{"ftCode":2701,"motorway":9,"rnkWidth":2,"rdCtg":1,"tollSect":9,"source_layer":"road","kind":"road_centerline","bridge":false,"major":true},"geometry":{"type":"LineString","coordinates":[[138.71582508,35.5080377],[138.71612549,35.50880625],[138.71668339,35.50953987]]},"id":"gsi-12-3626-1615-road-19"},{"type":"Feature","properties":{"ftCode":2704,"motorway":9,"rnkWidth":2,"rdCtg":1,"tollSect":9,"source_layer":"road","kind":"road_centerline","bridge":false,"major":true},"geometry":{"type":"LineString","coordinates":[[138.72037411,35.51091974],[138.72097492,35.51086734],[138.72164011,35.51093721],[138.72234821,35.51119921],[138.72260571,35.51144374]]},"id":"gsi-12-3626-1615-road-20"},{"type":"Feature","properties":{"ftCode":2701,"motorway":9,"rnkWidth":2,"rdCtg":1,"tollSect":9,"source_layer":"road","kind":"road_centerline","bridge":false,"major":true},"geometry":{"type":"LineString","coordinates":[[138.72260571,35.51144374],[138.72359276,35.5121424],[138.72410774,35.51226466]]},"id":"gsi-12-3626-1615-road-21"},{"type":"Feature","properties":{"ftCode":2701,"motorway":9,"rnkWidth":1,"rdCtg":1,"tollSect":9,"source_layer":"road","kind":"road_centerline","bridge":false,"major":true},"geometry":{"type":"LineString","coordinates":[[138.72661829,35.51119921],[138.72616768,35.51128654],[138.72408628,35.51200267],[138.72354984,35.5119852],[138.72297049,35.51160094],[138.72284174,35.51137388],[138.72290611,35.51036081],[138.72254133,35.509732],[138.72234821,35.50917306],[138.72213364,35.50903332],[138.72194052,35.50905079],[138.72176886,35.50919053],[138.72116804,35.50994161],[138.72088909,35.51016867],[138.71968746,35.51084988],[138.71960163,35.51104201]]},"id":"gsi-12-3626-1615-road-22"},{"type":"Feature","properties":{"ftCode":2704,"motorway":9,"rnkWidth":2,"rdCtg":1,"tollSect":9,"source_layer":"road","kind":"road_centerline","bridge":false,"major":true},"geometry":{"type":"LineString","coordinates":[[138.72773409,35.51320784],[138.72745514,35.51287598],[138.72663975,35.51245679],[138.72582436,35.51233453],[138.72410774,35.51226466]]},"id":"gsi-12-3626-1615-road-23"},{"type":"Feature","properties":{"ftCode":2704,"motorway":9,"rnkWidth":1,"rdCtg":1,"tollSect":9,"source_layer":"road","kind":"road_centerline","bridge":false,"major":true},"geometry":{"type":"LineString","coordinates":[[138.72719765,35.51133894],[138.72661829,35.51119921]]},"id":"gsi-12-3626-1615-road-24"},{"type":"Feature","properties":{"ftCode":2701,"motorway":9,"rnkWidth":1,"rdCtg":1,"tollSect":9,"source_layer":"road","kind":"road_centerline","bridge":false,"major":true},"geometry":{"type":"LineString","coordinates":[[138.72788429,35.51336504],[138.72781992,35.51292838],[138.72797012,35.51238693],[138.72794867,35.51215987],[138.72734785,35.51142628],[138.72719765,35.51133894]]},"id":"gsi-12-3626-1615-road-25"},{"type":"Feature","properties":{"ftCode":2701,"motorway":9,"rnkWidth":2,"rdCtg":1,"tollSect":9,"source_layer":"road","kind":"road_centerline","bridge":false,"major":true},"geometry":{"type":"LineString","coordinates":[[138.72773409,35.51320784],[138.7285924,35.51411608],[138.72904301,35.51437807],[138.73030901,35.51464005],[138.73084545,35.51464005],[138.73144627,35.51450033],[138.73181105,35.5143082],[138.73209,35.51406368],[138.73241186,35.5135397],[138.73247623,35.51313798],[138.73258352,35.51299825]]},"id":"gsi-12-3626-1615-road-26"},{"type":"Feature","properties":{"ftCode":2704,"motorway":9,"rnkWidth":2,"rdCtg":1,"tollSect":9,"source_layer":"road","kind":"road_centerline","bridge":false,"major":true},"geometry":{"type":"LineString","coordinates":[[138.73258352,35.51299825],[138.73301268,35.51273626]]},"id":"gsi-12-3626-1615-road-27"},{"type":"Feature","properties":{"ftCode":2701,"motorway":0,"rnkWidth":2,"rdCtg":0,"tollSect":0,"source_layer":"road","kind":"road_centerline","bridge":false,"major":true},"geometry":{"type":"LineString","coordinates":[[138.72146845,35.4838244],[138.71906519,35.48468055],[138.71874332,35.48475044],[138.71816397,35.48473297],[138.71760607,35.4845233],[138.7164259,35.48378946],[138.71372223,35.48256637]]},"id":"gsi-12-3626-1615-road-28"},{"type":"Feature","properties":{"ftCode":2701,"motorway":0,"rnkWidth":3,"rdCtg":0,"tollSect":0,"source_layer":"road","kind":"road_centerline","bridge":false,"major":true},"geometry":{"type":"LineString","coordinates":[[138.72279882,35.48333517],[138.72146845,35.4838244]]},"id":"gsi-12-3626-1615-road-29"},{"type":"Feature","properties":{"ftCode":2701,"motorway":9,"rnkWidth":2,"rdCtg":1,"tollSect":9,"source_layer":"road","kind":"road_centerline","bridge":false,"major":true},"geometry":{"type":"LineString","coordinates":[[138.73460054,35.49876204],[138.73273373,35.49710244],[138.73060942,35.49421989],[138.73035192,35.49401025],[138.72910738,35.49331143],[138.72863531,35.49283973],[138.72835636,35.49212343],[138.72717619,35.48738872],[138.72681141,35.48635788],[138.72621059,35.48557164],[138.72507334,35.48441847],[138.72380733,35.48330022],[138.72367859,35.48305561]]},"id":"gsi-12-3626-1615-road-30"},{"type":"Feature","properties":{"ftCode":2701,"motorway":9,"rnkWidth":2,"rdCtg":1,"tollSect":9,"source_layer":"road","kind":"road_centerline","bridge":false,"major":true},"geometry":{"type":"LineString","coordinates":[[138.73301268,35.51273626],[138.73399973,35.51271879],[138.73438597,35.51278865],[138.73455763,35.51291092],[138.73472929,35.51315544],[138.73513699,35.51420341],[138.73627424,35.51509416],[138.73666048,35.51525136],[138.73689651,35.51526882],[138.73754025,35.51511163],[138.73889208,35.51416848],[138.73942852,35.5143082],[138.73985767,35.51420341],[138.74002934,35.51423834],[138.74069452,35.51470992],[138.74073744,35.51484964],[138.7399435,35.51657874],[138.73990059,35.51724242],[138.74028683,35.51848245],[138.74095201,35.51970499],[138.74123096,35.52063061]]},"id":"gsi-12-3626-1615-road-31"},{"type":"Feature","properties":{"ftCode":2701,"motorway":9,"rnkWidth":2,"rdCtg":1,"tollSect":9,"source_layer":"road","kind":"road_centerline","bridge":false,"major":true},"geometry":{"type":"LineString","coordinates":[[138.74123096,35.52063061],[138.74178886,35.52216748],[138.74346256,35.52288351],[138.74680996,35.52422823],[138.74717474,35.52421076],[138.74799013,35.52389642],[138.74869823,35.5237567]]},"id":"gsi-12-3626-1615-road-32"},{"type":"Feature","properties":{"ftCode":2701,"motorway":0,"rnkWidth":2,"rdCtg":1,"tollSect":0,"source_layer":"road","kind":"road_centerline","bridge":false,"major":true},"geometry":{"type":"LineString","coordinates":[[138.74869823,35.5237567],[138.74923468,35.52373924],[138.75009298,35.52393134],[138.75045776,35.52387895],[138.75168085,35.5229359],[138.75238895,35.52262155],[138.75339746,35.52255169],[138.7547493,35.52274379],[138.75550032,35.52263901]]},"id":"gsi-12-3626-1615-road-33"},{"type":"Feature","properties":{"ftCode":2701,"motorway":0,"rnkWidth":1,"rdCtg":1,"tollSect":0,"source_layer":"road","kind":"road_centerline","bridge":false,"major":true},"geometry":{"type":"LineString","coordinates":[[138.75519991,35.5226914],[138.7553072,35.52260408]]},"id":"gsi-12-3626-1615-road-34"},{"type":"Feature","properties":{"ftCode":2704,"motorway":0,"rnkWidth":2,"rdCtg":1,"tollSect":0,"source_layer":"road","kind":"road_centerline","bridge":false,"major":true},"geometry":{"type":"LineString","coordinates":[[138.75550032,35.52263901],[138.75605822,35.52256915],[138.7565732,35.52260408],[138.75689507,35.52277872],[138.75743151,35.52325025]]},"id":"gsi-12-3626-1615-road-35"},{"type":"Feature","properties":{"ftCode":2701,"motorway":9,"rnkWidth":1,"rdCtg":1,"tollSect":9,"source_layer":"road","kind":"road_centerline","bridge":false,"major":true},"geometry":{"type":"LineString","coordinates":[[138.7553072,35.52260408],[138.75629425,35.52181819],[138.75676632,35.52167848],[138.7571311,35.5217658],[138.75738859,35.52192298],[138.75749588,35.52215001],[138.75749588,35.52277872],[138.75764608,35.52359953]]},"id":"gsi-12-3626-1615-road-36"},{"type":"Feature","properties":{"ftCode":2701,"motorway":9,"rnkWidth":2,"rdCtg":1,"tollSect":9,"source_layer":"road","kind":"road_centerline","bridge":false,"major":true},"geometry":{"type":"LineString","coordinates":[[138.7154603,35.50760101],[138.71526718,35.50711192],[138.71518135,35.50553984],[138.71520281,35.50524288],[138.71537447,35.50470138],[138.71556759,35.50445682],[138.71595383,35.50436948],[138.71771336,35.50442189],[138.71900082,35.50384544],[138.72086763,35.50241304],[138.72125387,35.50218594],[138.72142553,35.50213354],[138.72312069,35.50201126],[138.72410774,35.50152214],[138.72513771,35.50119023],[138.72601748,35.50143479],[138.72625351,35.50160948],[138.72657537,35.50199379],[138.72674704,35.50206366],[138.72726202,35.50206366],[138.72801304,35.50229076],[138.7293005,35.50188898],[138.72975111,35.50188898],[138.73005152,35.50202873],[138.73043776,35.50253532],[138.73075962,35.5027624],[138.73155355,35.50265759],[138.73206854,35.50283228],[138.73258352,35.50330392],[138.73331308,35.50370569],[138.73402119,35.50461404],[138.73434305,35.50543503],[138.73487949,35.50632588],[138.7355876,35.50702459],[138.73578072,35.50805516],[138.73586655,35.50836957],[138.73595238,35.50843944],[138.73717546,35.50857918],[138.73788357,35.50915559],[138.73839855,35.50929533],[138.74024391,35.5094176],[138.74193907,35.50919053],[138.74281883,35.50915559],[138.74380589,35.5093128],[138.74477148,35.5096796],[138.7449646,35.50980187],[138.74487877,35.51069268],[138.74509335,35.51111188],[138.74543667,35.51132148],[138.74588728,35.51128654],[138.74741077,35.51090228],[138.74771118,35.51100708],[138.74871969,35.51158347],[138.74906301,35.51170574],[138.74977112,35.51175814],[138.75035048,35.51167081],[138.75060797,35.51151361],[138.75073671,35.51125161],[138.75056505,35.51072761],[138.75056505,35.51039574],[138.75086546,35.51018614],[138.75112295,35.51013374],[138.75258207,35.51060534],[138.75303268,35.51067521],[138.75592947,35.51067521],[138.75803232,35.51078001],[138.75899792,35.51060534],[138.75916958,35.51044814],[138.75919104,35.51034334],[138.75884771,35.50601147],[138.75901937,35.50569705],[138.75929832,35.50548743]]},"id":"gsi-12-3626-1615-road-37"},{"type":"Feature","properties":{"ftCode":2701,"motorway":0,"rnkWidth":3,"rdCtg":1,"tollSect":0,"source_layer":"road","kind":"road_centerline","bridge":false,"major":true},"geometry":{"type":"LineString","coordinates":[[138.73460054,35.49876204],[138.73674631,35.49748677],[138.73801231,35.49692774],[138.74236822,35.4957922],[138.74359131,35.49560003],[138.74414921,35.49558256],[138.74530792,35.49568738],[138.74618769,35.49591449],[138.74670267,35.49610666],[138.74766827,35.49664822],[138.75024319,35.4985524],[138.7512517,35.49900661],[138.75221729,35.49925118]]},"id":"gsi-12-3626-1615-road-38"},{"type":"Feature","properties":{"ftCode":2701,"motorway":9,"rnkWidth":4,"rdCtg":1,"tollSect":9,"source_layer":"road","kind":"road_centerline","bridge":false,"major":true},"geometry":{"type":"LineString","coordinates":[[138.75762463,35.50318165],[138.75691652,35.50223835],[138.75629425,35.50106795],[138.75607967,35.5004216],[138.7558651,35.49898914]]},"id":"gsi-12-3626-1615-road-39"},{"type":"Feature","properties":{"ftCode":2701,"motorway":0,"rnkWidth":3,"rdCtg":1,"tollSect":9,"source_layer":"road","kind":"road_centerline","bridge":false,"major":true},"geometry":{"type":"LineString","coordinates":[[138.7558651,35.49898914],[138.75457764,35.49926864],[138.75382662,35.49935599],[138.75303268,35.49935599],[138.75221729,35.49925118]]},"id":"gsi-12-3626-1615-road-40"},{"type":"Feature","properties":{"ftCode":2701,"motorway":9,"rnkWidth":2,"rdCtg":1,"tollSect":9,"source_layer":"road","kind":"road_centerline","bridge":false,"major":true},"geometry":{"type":"LineString","coordinates":[[138.75743151,35.52325025],[138.75764608,35.52359953],[138.75796795,35.52442033],[138.75863314,35.52501409],[138.75904083,35.52520619],[138.76127243,35.52576502]]},"id":"gsi-12-3626-1615-road-41"},{"type":"Feature","properties":{"ftCode":2701,"motorway":9,"rnkWidth":2,"rdCtg":1,"tollSect":9,"source_layer":"road","kind":"road_centerline","bridge":false,"major":true},"geometry":{"type":"LineString","coordinates":[[138.7716794,35.52941479],[138.77030611,35.52931002],[138.7687397,35.52897823],[138.76665831,35.5286639],[138.76588583,35.52859405],[138.76470566,35.5286639],[138.76438379,35.52859405],[138.76391172,35.52827972],[138.76157284,35.52621907],[138.7613368,35.52597458],[138.76127243,35.52576502]]},"id":"gsi-12-3626-1615-road-42"},{"type":"Feature","properties":{"ftCode":2701,"motorway":9,"rnkWidth":2,"rdCtg":1,"tollSect":9,"source_layer":"road","kind":"road_centerline","bridge":false,"major":true},"geometry":{"type":"LineString","coordinates":[[138.77028465,35.52148637],[138.7700057,35.52185312],[138.76880407,35.52307561],[138.76822472,35.52347728],[138.76777411,35.52365192],[138.76644373,35.52401866],[138.76526356,35.52466482],[138.76455545,35.52487438],[138.76361132,35.5249617],[138.76260281,35.52513634],[138.76223803,35.52527605],[138.76161575,35.52567771],[138.76127243,35.52576502]]},"id":"gsi-12-3626-1615-road-43"},{"type":"Feature","properties":{"ftCode":2701,"motorway":9,"rnkWidth":2,"rdCtg":1,"tollSect":9,"source_layer":"road","kind":"road_centerline","bridge":false,"major":true},"geometry":{"type":"LineString","coordinates":[[138.76826763,35.51549588],[138.7669158,35.51439553],[138.76603603,35.51341744]]},"id":"gsi-12-3626-1615-road-44"},{"type":"Feature","properties":{"ftCode":2701,"motorway":9,"rnkWidth":1,"rdCtg":0,"tollSect":9,"source_layer":"road","kind":"road_centerline","bridge":false,"major":true},"geometry":{"type":"LineString","coordinates":[[138.76783848,35.51477978],[138.76805305,35.51484964],[138.76826763,35.51549588]]},"id":"gsi-12-3626-1615-road-45"},{"type":"Feature","properties":{"ftCode":2701,"motorway":0,"rnkWidth":2,"rdCtg":0,"tollSect":9,"source_layer":"road","kind":"road_centerline","bridge":false,"major":true},"geometry":{"type":"LineString","coordinates":[[138.77631426,35.53164998],[138.77633572,35.53159759]]},"id":"gsi-12-3626-1615-road-46"},{"type":"Feature","properties":{"ftCode":2703,"motorway":0,"rnkWidth":2,"rdCtg":0,"tollSect":9,"source_layer":"road","kind":"road_centerline","bridge":true,"major":true},"geometry":{"type":"LineString","coordinates":[[138.77633572,35.53159759],[138.77665758,35.53098642]]},"id":"gsi-12-3626-1615-road-47"},{"type":"Feature","properties":{"ftCode":2701,"motorway":0,"rnkWidth":2,"rdCtg":0,"tollSect":9,"source_layer":"road","kind":"road_centerline","bridge":false,"major":true},"geometry":{"type":"LineString","coordinates":[[138.77665758,35.53098642],[138.77706528,35.52995613]]},"id":"gsi-12-3626-1615-road-48"},{"type":"Feature","properties":{"ftCode":2704,"motorway":0,"rnkWidth":2,"rdCtg":0,"tollSect":9,"source_layer":"road","kind":"road_centerline","bridge":false,"major":true},"geometry":{"type":"LineString","coordinates":[[138.77706528,35.52995613],[138.77732277,35.5289433],[138.77758026,35.52747642]]},"id":"gsi-12-3626-1615-road-49"},{"type":"Feature","properties":{"ftCode":2701,"motorway":0,"rnkWidth":2,"rdCtg":0,"tollSect":9,"source_layer":"road","kind":"road_centerline","bridge":false,"major":true},"geometry":{"type":"LineString","coordinates":[[138.77758026,35.52747642],[138.77762318,35.52700492]]},"id":"gsi-12-3626-1615-road-50"},{"type":"Feature","properties":{"ftCode":2701,"motorway":9,"rnkWidth":2,"rdCtg":0,"tollSect":9,"source_layer":"road","kind":"road_centerline","bridge":false,"major":true},"geometry":{"type":"LineString","coordinates":[[138.77762318,35.52700492],[138.77775192,35.52501409]]},"id":"gsi-12-3626-1615-road-51"},{"type":"Feature","properties":{"ftCode":2701,"motorway":9,"rnkWidth":3,"rdCtg":0,"tollSect":9,"source_layer":"road","kind":"road_centerline","bridge":false,"major":true},"geometry":{"type":"LineString","coordinates":[[138.77775192,35.52501409],[138.77779484,35.52429808]]},"id":"gsi-12-3626-1615-road-52"},{"type":"Feature","properties":{"ftCode":2701,"motorway":0,"rnkWidth":3,"rdCtg":0,"tollSect":9,"source_layer":"road","kind":"road_centerline","bridge":false,"major":true},"geometry":{"type":"LineString","coordinates":[[138.77779484,35.52429808],[138.77779484,35.5240012]]},"id":"gsi-12-3626-1615-road-53"},{"type":"Feature","properties":{"ftCode":2701,"motorway":9,"rnkWidth":3,"rdCtg":0,"tollSect":9,"source_layer":"road","kind":"road_centerline","bridge":false,"major":true},"geometry":{"type":"LineString","coordinates":[[138.77779484,35.5240012],[138.77775192,35.52351221]]},"id":"gsi-12-3626-1615-road-54"},{"type":"Feature","properties":{"ftCode":2701,"motorway":0,"rnkWidth":3,"rdCtg":1,"tollSect":0,"source_layer":"road","kind":"road_centerline","bridge":false,"major":true},"geometry":{"type":"LineString","coordinates":[[138.77307415,35.52155623],[138.77193689,35.52185312],[138.77144337,35.52188805],[138.77088547,35.52178326],[138.77028465,35.52148637]]},"id":"gsi-12-3626-1615-road-55"},{"type":"Feature","properties":{"ftCode":2701,"motorway":9,"rnkWidth":2,"rdCtg":0,"tollSect":9,"source_layer":"road","kind":"road_centerline","bridge":false,"major":true},"geometry":{"type":"LineString","coordinates":[[138.77039194,35.51682325],[138.76964092,35.5166486],[138.76906157,35.51642155],[138.76826763,35.51549588]]},"id":"gsi-12-3626-1615-road-56"},{"type":"Feature","properties":{"ftCode":2701,"motorway":0,"rnkWidth":2,"rdCtg":0,"tollSect":9,"source_layer":"road","kind":"road_centerline","bridge":false,"major":true},"geometry":{"type":"LineString","coordinates":[[138.77039194,35.51682325],[138.77092838,35.51701537],[138.77228022,35.51778384]]},"id":"gsi-12-3626-1615-road-57"},{"type":"Feature","properties":{"ftCode":2704,"motorway":0,"rnkWidth":2,"rdCtg":0,"tollSect":9,"source_layer":"road","kind":"road_centerline","bridge":false,"major":true},"geometry":{"type":"LineString","coordinates":[[138.77397537,35.51876189],[138.77228022,35.51778384]]},"id":"gsi-12-3626-1615-road-58"},{"type":"Feature","properties":{"ftCode":2701,"motorway":0,"rnkWidth":3,"rdCtg":1,"tollSect":9,"source_layer":"road","kind":"road_centerline","bridge":false,"major":true},"geometry":{"type":"LineString","coordinates":[[138.77307415,35.52155623],[138.77526283,35.52099737],[138.77661467,35.52057822]]},"id":"gsi-12-3626-1615-road-59"},{"type":"Feature","properties":{"ftCode":2701,"motorway":0,"rnkWidth":2,"rdCtg":0,"tollSect":9,"source_layer":"road","kind":"road_centerline","bridge":false,"major":true},"geometry":{"type":"LineString","coordinates":[[138.77498388,35.51933823],[138.77397537,35.51876189]]},"id":"gsi-12-3626-1615-road-60"},{"type":"Feature","properties":{"ftCode":2701,"motorway":9,"rnkWidth":2,"rdCtg":0,"tollSect":9,"source_layer":"road","kind":"road_centerline","bridge":false,"major":true},"geometry":{"type":"LineString","coordinates":[[138.77530575,35.51951288],[138.77498388,35.51933823]]},"id":"gsi-12-3626-1615-road-61"},{"type":"Feature","properties":{"ftCode":2701,"motorway":9,"rnkWidth":3,"rdCtg":0,"tollSect":9,"source_layer":"road","kind":"road_centerline","bridge":false,"major":true},"geometry":{"type":"LineString","coordinates":[[138.77652884,35.52047343],[138.77590656,35.51991456],[138.77530575,35.51951288]]},"id":"gsi-12-3626-1615-road-62"},{"type":"Feature","properties":{"ftCode":2701,"motorway":0,"rnkWidth":3,"rdCtg":0,"tollSect":9,"source_layer":"road","kind":"road_centerline","bridge":false,"major":true},"geometry":{"type":"LineString","coordinates":[[138.77775192,35.52351221],[138.77751589,35.52270887]]},"id":"gsi-12-3626-1615-road-63"},{"type":"Feature","properties":{"ftCode":2701,"motorway":9,"rnkWidth":3,"rdCtg":0,"tollSect":9,"source_layer":"road","kind":"road_centerline","bridge":false,"major":true},"geometry":{"type":"LineString","coordinates":[[138.77751589,35.52270887],[138.77723694,35.52188805]]},"id":"gsi-12-3626-1615-road-64"},{"type":"Feature","properties":{"ftCode":2701,"motorway":0,"rnkWidth":3,"rdCtg":0,"tollSect":9,"source_layer":"road","kind":"road_centerline","bridge":false,"major":true},"geometry":{"type":"LineString","coordinates":[[138.77723694,35.52188805],[138.77719402,35.5217658]]},"id":"gsi-12-3626-1615-road-65"},{"type":"Feature","properties":{"ftCode":2701,"motorway":9,"rnkWidth":3,"rdCtg":0,"tollSect":9,"source_layer":"road","kind":"road_centerline","bridge":false,"major":true},"geometry":{"type":"LineString","coordinates":[[138.77719402,35.5217658],[138.77693653,35.52108469]]},"id":"gsi-12-3626-1615-road-66"},{"type":"Feature","properties":{"ftCode":2701,"motorway":0,"rnkWidth":3,"rdCtg":0,"tollSect":9,"source_layer":"road","kind":"road_centerline","bridge":false,"major":true},"geometry":{"type":"LineString","coordinates":[[138.77693653,35.52108469],[138.77652884,35.52047343]]},"id":"gsi-12-3626-1615-road-67"},{"type":"Feature","properties":{"ftCode":2701,"motorway":0,"rnkWidth":2,"rdCtg":0,"tollSect":9,"source_layer":"road","kind":"road_centerline","bridge":false,"major":true},"geometry":{"type":"LineString","coordinates":[[138.77828836,35.51977485],[138.77738714,35.52028132],[138.77661467,35.52057822]]},"id":"gsi-12-3626-1615-road-68"},{"type":"Feature","properties":{"ftCode":2701,"motorway":9,"rnkWidth":2,"rdCtg":1,"tollSect":9,"source_layer":"road","kind":"road_centerline","bridge":false,"major":true},"geometry":{"type":"LineString","coordinates":[[138.76262426,35.50953987],[138.76135826,35.50812503],[138.75929832,35.50548743]]},"id":"gsi-12-3626-1615-road-69"},{"type":"Feature","properties":{"ftCode":2703,"motorway":9,"rnkWidth":2,"rdCtg":1,"tollSect":9,"source_layer":"road","kind":"road_centerline","bridge":true,"major":true},"geometry":{"type":"LineString","coordinates":[[138.76603603,35.51341744],[138.76262426,35.50953987]]},"id":"gsi-12-3626-1615-road-70"},{"type":"Feature","properties":{"ftCode":2704,"motorway":9,"rnkWidth":2,"rdCtg":0,"tollSect":9,"source_layer":"road","kind":"road_centerline","bridge":false,"major":true},"geometry":{"type":"LineString","coordinates":[[138.76657248,35.5134873],[138.76693726,35.51303318]]},"id":"gsi-12-3626-1615-road-71"},{"type":"Feature","properties":{"ftCode":2701,"motorway":9,"rnkWidth":2,"rdCtg":0,"tollSect":9,"source_layer":"road","kind":"road_centerline","bridge":false,"major":true},"geometry":{"type":"LineString","coordinates":[[138.76783848,35.51477978],[138.76693726,35.51429074],[138.76663685,35.51390649],[138.76655102,35.51367943],[138.76657248,35.5134873]]},"id":"gsi-12-3626-1615-road-72"},{"type":"Feature","properties":{"ftCode":2701,"motorway":9,"rnkWidth":2,"rdCtg":1,"tollSect":9,"source_layer":"road","kind":"road_centerline","bridge":false,"major":true},"geometry":{"type":"LineString","coordinates":[[138.75929832,35.50548743],[138.75762463,35.50318165],[138.75957727,35.50155707],[138.75981331,35.50146973],[138.7623024,35.50162695],[138.76262426,35.50159201],[138.76395464,35.50113783],[138.76472712,35.50094567],[138.76549959,35.50085832],[138.76665831,35.50127758],[138.76751661,35.50126011]]},"id":"gsi-12-3626-1615-road-73"},{"type":"Feature","properties":{"ftCode":2701,"motorway":9,"rnkWidth":4,"rdCtg":1,"tollSect":9,"source_layer":"road","kind":"road_centerline","bridge":false,"major":true},"geometry":{"type":"LineString","coordinates":[[138.7558651,35.49898914],[138.75852585,35.49837771],[138.7641263,35.49753918]]},"id":"gsi-12-3626-1615-road-74"},{"type":"Feature","properties":{"ftCode":2701,"motorway":9,"rnkWidth":2,"rdCtg":1,"tollSect":9,"source_layer":"road","kind":"road_centerline","bridge":false,"major":true},"geometry":{"type":"LineString","coordinates":[[138.76957655,35.50314671],[138.7694478,35.50330392],[138.76904011,35.50339127],[138.76807451,35.50384544],[138.76670122,35.5037581],[138.76466274,35.50393278],[138.76431942,35.5041424],[138.76421213,35.50428214],[138.76404047,35.50487606],[138.76380444,35.50531275],[138.75966311,35.50533022],[138.75929832,35.50548743]]},"id":"gsi-12-3626-1615-road-75"},{"type":"Feature","properties":{"ftCode":2701,"motorway":9,"rnkWidth":1,"rdCtg":1,"tollSect":9,"source_layer":"road","kind":"road_centerline","bridge":false,"major":true},"geometry":{"type":"LineString","coordinates":[[138.76625061,35.49722472],[138.76440525,35.49743436],[138.7641263,35.49753918]]},"id":"gsi-12-3626-1615-road-76"},{"type":"Feature","properties":{"ftCode":2701,"motorway":9,"rnkWidth":2,"rdCtg":0,"tollSect":9,"source_layer":"road","kind":"road_centerline","bridge":false,"major":true},"geometry":{"type":"LineString","coordinates":[[138.76693726,35.51303318],[138.76773119,35.51268386],[138.76824617,35.51252666],[138.77225876,35.51336504],[138.77315998,35.51324277],[138.77346039,35.51310305],[138.77403975,35.51268386],[138.77457619,35.51186294],[138.77466202,35.51102454],[138.77410412,35.50833464],[138.77378225,35.50754861],[138.7735033,35.50726913],[138.77243042,35.5066403]]},"id":"gsi-12-3626-1615-road-77"},{"type":"Feature","properties":{"ftCode":2704,"motorway":9,"rnkWidth":2,"rdCtg":0,"tollSect":9,"source_layer":"road","kind":"road_centerline","bridge":false,"major":true},"geometry":{"type":"LineString","coordinates":[[138.77243042,35.5066403],[138.77213001,35.50622108]]},"id":"gsi-12-3626-1615-road-78"},{"type":"Feature","properties":{"ftCode":2701,"motorway":9,"rnkWidth":2,"rdCtg":0,"tollSect":9,"source_layer":"road","kind":"road_centerline","bridge":false,"major":true},"geometry":{"type":"LineString","coordinates":[[138.77929688,35.4922632],[138.77899647,35.49249032],[138.77876043,35.49280479],[138.77833128,35.49446448],[138.77770901,35.49518075],[138.77743006,35.49540786],[138.7757349,35.49584461],[138.77506971,35.49626389],[138.77331018,35.49717231],[138.77281666,35.49752171],[138.77217293,35.49836024],[138.77161503,35.4987271],[138.77137899,35.4989542],[138.77075672,35.49928611],[138.7697053,35.50007222],[138.76910448,35.50033426],[138.76854658,35.50082339],[138.76779556,35.50103301],[138.76751661,35.50126011],[138.7674737,35.50134745],[138.76755953,35.50169682],[138.76807451,35.50241304],[138.76828909,35.50258772],[138.7694478,35.50307684],[138.77105713,35.50395025],[138.77146482,35.50424721],[138.77213001,35.50529529],[138.77213001,35.50622108]]},"id":"gsi-12-3626-1615-road-79"},{"type":"Feature","properties":{"ftCode":2701,"motorway":9,"rnkWidth":4,"rdCtg":0,"tollSect":9,"source_layer":"road","kind":"road_centerline","bridge":false,"major":true},"geometry":{"type":"LineString","coordinates":[[138.75356913,35.49124989],[138.73987913,35.48910094],[138.73736858,35.48859426],[138.7353301,35.48784299],[138.73365641,35.4869694],[138.7283349,35.48300319],[138.7276268,35.48263626],[138.72694016,35.48246153],[138.72623205,35.48239164],[138.72584581,35.48240911],[138.72498751,35.48261879],[138.72279882,35.48333517]]},"id":"gsi-12-3626-1615-road-80"},{"type":"Feature","properties":{"ftCode":2701,"motorway":9,"rnkWidth":4,"rdCtg":1,"tollSect":9,"source_layer":"road","kind":"road_centerline","bridge":false,"major":true},"geometry":{"type":"LineString","coordinates":[[138.7558651,35.49898914],[138.75588655,35.49823796],[138.75661612,35.49364337],[138.75670195,35.49137219]]},"id":"gsi-12-3626-1615-road-81"},{"type":"Feature","properties":{"ftCode":2701,"motorway":9,"rnkWidth":2,"rdCtg":0,"tollSect":9,"source_layer":"road","kind":"road_centerline","bridge":false,"major":true},"geometry":{"type":"LineString","coordinates":[[138.75650883,35.49158184],[138.75539303,35.49154689],[138.75354767,35.4913023],[138.75359058,35.49118001],[138.75519991,35.49137219],[138.75813961,35.49135471],[138.75897646,35.49124989],[138.75901937,35.49133724],[138.75689507,35.49156437]]},"id":"gsi-12-3626-1615-road-82"},{"type":"Feature","properties":{"ftCode":2703,"motorway":9,"rnkWidth":2,"rdCtg":0,"tollSect":9,"source_layer":"road","kind":"road_centerline","bridge":true,"major":true},"geometry":{"type":"LineString","coordinates":[[138.75650883,35.49158184],[138.75689507,35.49156437]]},"id":"gsi-12-3626-1615-road-83"},{"type":"Feature","properties":{"ftCode":2701,"motorway":9,"rnkWidth":2,"rdCtg":1,"tollSect":9,"source_layer":"road","kind":"road_centerline","bridge":false,"major":true},"geometry":{"type":"LineString","coordinates":[[138.76979113,35.48714412],[138.76961946,35.48810506],[138.76886845,35.49118001],[138.76625061,35.49722472],[138.76605749,35.49788857],[138.76612186,35.49886685]]},"id":"gsi-12-3626-1615-road-84"},{"type":"Feature","properties":{"ftCode":2701,"motorway":9,"rnkWidth":4,"rdCtg":0,"tollSect":9,"source_layer":"road","kind":"road_centerline","bridge":false,"major":true},"geometry":{"type":"LineString","coordinates":[[138.75901937,35.49133724],[138.76004934,35.49105771],[138.76142263,35.49056852],[138.76708746,35.48814]]},"id":"gsi-12-3626-1615-road-85"},{"type":"Feature","properties":{"ftCode":2704,"motorway":1,"rnkWidth":1,"rdCtg":3,"tollSect":1,"source_layer":"road","kind":"road_centerline","bridge":false,"major":true},"geometry":{"type":"LineString","coordinates":[[138.77562761,35.48868162],[138.77631426,35.48941542]]},"id":"gsi-12-3626-1615-road-86"},{"type":"Feature","properties":{"ftCode":2701,"motorway":1,"rnkWidth":1,"rdCtg":3,"tollSect":1,"source_layer":"road","kind":"road_centerline","bridge":false,"major":true},"geometry":{"type":"LineString","coordinates":[[138.7767005,35.48943289],[138.77579927,35.48864668],[138.77539158,35.4878954],[138.77521992,35.48695193],[138.77513409,35.48693445],[138.77506971,35.48695193],[138.775177,35.4876508],[138.77562761,35.48868162]]},"id":"gsi-12-3626-1615-road-87"},{"type":"Feature","properties":{"ftCode":2701,"motorway":1,"rnkWidth":1,"rdCtg":3,"tollSect":1,"source_layer":"road","kind":"road_centerline","bridge":false,"major":true},"geometry":{"type":"LineString","coordinates":[[138.77631426,35.48941542],[138.77689362,35.48971243],[138.77809525,35.49002691],[138.77824545,35.49000944]]},"id":"gsi-12-3626-1615-road-88"},{"type":"Feature","properties":{"ftCode":2701,"motorway":1,"rnkWidth":4,"rdCtg":3,"tollSect":1,"source_layer":"road","kind":"road_centerline","bridge":false,"major":true},"geometry":{"type":"LineString","coordinates":[[138.77521992,35.48859426],[138.77584219,35.48899611],[138.77732277,35.48969496],[138.77824545,35.49000944],[138.77929688,35.49027151]]},"id":"gsi-12-3626-1615-road-89"},{"type":"Feature","properties":{"ftCode":2701,"motorway":9,"rnkWidth":3,"rdCtg":0,"tollSect":9,"source_layer":"road","kind":"road_centerline","bridge":false,"major":true},"geometry":{"type":"LineString","coordinates":[[138.7709713,35.48651513],[138.76708746,35.48814]]},"id":"gsi-12-3626-1615-road-90"},{"type":"Feature","properties":{"ftCode":2701,"motorway":9,"rnkWidth":1,"rdCtg":0,"tollSect":9,"source_layer":"road","kind":"road_centerline","bridge":false,"major":true},"geometry":{"type":"LineString","coordinates":[[138.76708746,35.48814],[138.76708746,35.48805265],[138.76743078,35.48786046],[138.7698555,35.48681215],[138.77122879,35.48625305],[138.77135754,35.48630546],[138.7709713,35.48646271],[138.77103567,35.48655007],[138.77129316,35.48644524],[138.77135754,35.48651513],[138.76796722,35.48794782],[138.76721621,35.48819242],[138.76708746,35.48814]]},"id":"gsi-12-3626-1615-road-91"},{"type":"Feature","properties":{"ftCode":2703,"motorway":9,"rnkWidth":2,"rdCtg":1,"tollSect":9,"source_layer":"road","kind":"road_centerline","bridge":true,"major":true},"geometry":{"type":"LineString","coordinates":[[138.76979113,35.48714412],[138.7698555,35.48682962]]},"id":"gsi-12-3626-1615-road-92"},{"type":"Feature","properties":{"ftCode":2701,"motorway":9,"rnkWidth":2,"rdCtg":1,"tollSect":9,"source_layer":"road","kind":"road_centerline","bridge":false,"major":true},"geometry":{"type":"LineString","coordinates":[[138.7698555,35.48682962],[138.76998425,35.48618316],[138.76998425,35.4857813],[138.76940489,35.48191987]]},"id":"gsi-12-3626-1615-road-93"},{"type":"Feature","properties":{"ftCode":2703,"motorway":1,"rnkWidth":3,"rdCtg":3,"tollSect":1,"source_layer":"road","kind":"road_centerline","bridge":true,"major":true},"geometry":{"type":"LineString","coordinates":[[138.7727952,35.48537944],[138.77298832,35.48586866]]},"id":"gsi-12-3626-1615-road-94"},{"type":"Feature","properties":{"ftCode":2701,"motorway":9,"rnkWidth":2,"rdCtg":0,"tollSect":9,"source_layer":"road","kind":"road_centerline","bridge":false,"major":true},"geometry":{"type":"LineString","coordinates":[[138.77135754,35.48646271],[138.772645,35.48590361],[138.77300978,35.48567647],[138.77579927,35.48448836],[138.77588511,35.48450583]]},"id":"gsi-12-3626-1615-road-95"},{"type":"Feature","properties":{"ftCode":2701,"motorway":1,"rnkWidth":2,"rdCtg":3,"tollSect":1,"source_layer":"road","kind":"road_centerline","bridge":false,"major":true},"geometry":{"type":"LineString","coordinates":[[138.77217293,35.48211208],[138.77245188,35.48427869],[138.7727952,35.48537944]]},"id":"gsi-12-3626-1615-road-96"},{"type":"Feature","properties":{"ftCode":2701,"motorway":9,"rnkWidth":2,"rdCtg":1,"tollSect":9,"source_layer":"road","kind":"road_centerline","bridge":false,"major":true},"geometry":{"type":"LineString","coordinates":[[138.77187252,35.48172767],[138.76940489,35.48191987]]},"id":"gsi-12-3626-1615-road-97"},{"type":"Feature","properties":{"ftCode":2701,"motorway":1,"rnkWidth":3,"rdCtg":3,"tollSect":1,"source_layer":"road","kind":"road_centerline","bridge":false,"major":true},"geometry":{"type":"LineString","coordinates":[[138.77217293,35.48211208],[138.77210855,35.48146557]]},"id":"gsi-12-3626-1615-road-98"},{"type":"Feature","properties":{"ftCode":2704,"motorway":9,"rnkWidth":2,"rdCtg":1,"tollSect":9,"source_layer":"road","kind":"road_centerline","bridge":false,"major":true},"geometry":{"type":"LineString","coordinates":[[138.77245188,35.48167525],[138.77187252,35.48172767]]},"id":"gsi-12-3626-1615-road-99"},{"type":"Feature","properties":{"ftCode":2701,"motorway":1,"rnkWidth":1,"rdCtg":3,"tollSect":1,"source_layer":"road","kind":"road_centerline","bridge":false,"major":true},"geometry":{"type":"LineString","coordinates":[[138.77255917,35.48167525],[138.77249479,35.48043466],[138.77213001,35.47910668],[138.77150774,35.47592643],[138.77155066,35.47805826],[138.77163649,35.47898436],[138.77159357,35.48064434],[138.77180815,35.48172767]]},"id":"gsi-12-3626-1615-road-100"},{"type":"Feature","properties":{"ftCode":2701,"motorway":1,"rnkWidth":3,"rdCtg":3,"tollSect":1,"source_layer":"road","kind":"road_centerline","bridge":false,"major":true},"geometry":{"type":"LineString","coordinates":[[138.77298832,35.48586866],[138.77315998,35.48632294],[138.77399683,35.4875285],[138.77451181,35.48803517],[138.77521992,35.48859426]]},"id":"gsi-12-3626-1615-road-101"},{"type":"Feature","properties":{"ftCode":2701,"motorway":1,"rnkWidth":4,"rdCtg":3,"tollSect":1,"source_layer":"road","kind":"road_centerline","bridge":false,"major":true},"geometry":{"type":"LineString","coordinates":[[138.77506971,35.48648018],[138.77513409,35.48693445]]},"id":"gsi-12-3626-1615-road-102"},{"type":"Feature","properties":{"ftCode":2701,"motorway":1,"rnkWidth":1,"rdCtg":3,"tollSect":1,"source_layer":"road","kind":"road_centerline","bridge":false,"major":true},"geometry":{"type":"LineString","coordinates":[[138.7733531,35.48553669],[138.77421141,35.48548428],[138.77455473,35.48557164],[138.77485514,35.48588614],[138.77506971,35.48648018],[138.77506971,35.48567647],[138.77521992,35.48527461],[138.77554178,35.4848378],[138.77588511,35.48450583]]},"id":"gsi-12-3626-1615-road-103"},{"type":"Feature","properties":{"ftCode":2701,"motorway":1,"rnkWidth":2,"rdCtg":3,"tollSect":1,"source_layer":"road","kind":"road_centerline","bridge":false,"major":true},"geometry":{"type":"LineString","coordinates":[[138.77506971,35.48648018],[138.77487659,35.48504747]]},"id":"gsi-12-3626-1615-road-104"},{"type":"Feature","properties":{"ftCode":2701,"motorway":9,"rnkWidth":2,"rdCtg":0,"tollSect":9,"source_layer":"road","kind":"road_centerline","bridge":false,"major":true},"geometry":{"type":"LineString","coordinates":[[138.7775588,35.4836322],[138.7772584,35.48368462],[138.77296686,35.48553669],[138.77135754,35.48630546]]},"id":"gsi-12-3626-1615-road-105"},{"type":"Feature","properties":{"ftCode":2703,"motorway":1,"rnkWidth":2,"rdCtg":3,"tollSect":1,"source_layer":"road","kind":"road_centerline","bridge":true,"major":true},"geometry":{"type":"LineString","coordinates":[[138.77487659,35.48504747],[138.77483368,35.48480286]]},"id":"gsi-12-3626-1615-road-106"},{"type":"Feature","properties":{"ftCode":2701,"motorway":1,"rnkWidth":2,"rdCtg":3,"tollSect":1,"source_layer":"road","kind":"road_centerline","bridge":false,"major":true},"geometry":{"type":"LineString","coordinates":[[138.77483368,35.48480286],[138.77483368,35.48475044]]},"id":"gsi-12-3626-1615-road-107"},{"type":"Feature","properties":{"ftCode":2701,"motorway":9,"rnkWidth":2,"rdCtg":1,"tollSect":9,"source_layer":"road","kind":"road_centerline","bridge":false,"major":true},"geometry":{"type":"LineString","coordinates":[[138.77245188,35.48167525],[138.77298832,35.48167525],[138.77324581,35.48183251],[138.7733531,35.48205966],[138.7735033,35.48354484],[138.77358913,35.48385935],[138.77382517,35.4842088],[138.77421141,35.48441847],[138.77464056,35.48448836],[138.77511263,35.48440099],[138.77633572,35.48384187],[138.77672195,35.48354484],[138.77691507,35.4833177]]},"id":"gsi-12-3626-1615-road-108"},{"type":"Feature","properties":{"ftCode":2701,"motorway":9,"rnkWidth":3,"rdCtg":0,"tollSect":9,"source_layer":"road","kind":"road_centerline","bridge":false,"major":true},"geometry":{"type":"LineString","coordinates":[[138.77588511,35.48450583],[138.77745152,35.48377198],[138.7775588,35.4836322]]},"id":"gsi-12-3626-1615-road-109"},{"type":"Feature","properties":{"ftCode":2701,"motorway":9,"rnkWidth":2,"rdCtg":1,"tollSect":9,"source_layer":"road","kind":"road_centerline","bridge":false,"major":true},"geometry":{"type":"LineString","coordinates":[[138.77691507,35.4833177],[138.7772584,35.4835099]]},"id":"gsi-12-3626-1615-road-110"},{"type":"Feature","properties":{"ftCode":2703,"motorway":9,"rnkWidth":2,"rdCtg":1,"tollSect":9,"source_layer":"road","kind":"road_centerline","bridge":true,"major":true},"geometry":{"type":"LineString","coordinates":[[138.7772584,35.4835099],[138.77777338,35.4838244]]},"id":"gsi-12-3626-1615-road-111"},{"type":"Feature","properties":{"ftCode":2701,"motorway":9,"rnkWidth":2,"rdCtg":1,"tollSect":9,"source_layer":"road","kind":"road_centerline","bridge":false,"major":true},"geometry":{"type":"LineString","coordinates":[[138.77773046,35.48316044],[138.7775588,35.48298572],[138.77727985,35.48296824],[138.77710819,35.48305561],[138.77691507,35.4833177]]},"id":"gsi-12-3626-1615-road-112"},{"type":"Feature","properties":{"ftCode":2701,"motorway":9,"rnkWidth":1,"rdCtg":1,"tollSect":9,"source_layer":"road","kind":"road_centerline","bridge":false,"major":true},"geometry":{"type":"LineString","coordinates":[[138.7772584,35.48368462],[138.77758026,35.48352737],[138.77770901,35.48335264],[138.77773046,35.48316044],[138.7779665,35.48328275],[138.77839565,35.48326528]]},"id":"gsi-12-3626-1615-road-113"},{"type":"Feature","properties":{"ftCode":2701,"motorway":9,"rnkWidth":2,"rdCtg":1,"tollSect":9,"source_layer":"road","kind":"road_centerline","bridge":false,"major":true},"geometry":{"type":"LineString","coordinates":[[138.77861023,35.48361473],[138.7786746,35.48389429],[138.77858877,35.48399913],[138.7783742,35.48408649],[138.77815962,35.48403407],[138.77777338,35.4838244]]},"id":"gsi-12-3626-1615-road-114"},{"type":"Feature","properties":{"ftCode":2701,"motorway":9,"rnkWidth":1,"rdCtg":1,"tollSect":9,"source_layer":"road","kind":"road_centerline","bridge":false,"major":true},"geometry":{"type":"LineString","coordinates":[[138.77803087,35.48342253],[138.7783742,35.48349242],[138.77861023,35.48361473],[138.77863169,35.48333517],[138.77899647,35.48302066]]},"id":"gsi-12-3626-1615-road-115"},{"type":"Feature","properties":{"ftCode":2701,"motorway":9,"rnkWidth":4,"rdCtg":0,"tollSect":9,"source_layer":"road","kind":"road_centerline","bridge":false,"major":true},"geometry":{"type":"LineString","coordinates":[[138.7775588,35.4836322],[138.77929688,35.48289835]]},"id":"gsi-12-3626-1615-road-116"},{"type":"Feature","properties":{"ftCode":2701,"motorway":9,"rnkWidth":2,"rdCtg":1,"tollSect":9,"source_layer":"road","kind":"road_centerline","bridge":false,"major":true},"geometry":{"type":"LineString","coordinates":[[138.76155138,35.46066995],[138.76148701,35.46290705],[138.76152992,35.46365856],[138.76296759,35.47043932],[138.7688899,35.48078412],[138.76931906,35.48155294],[138.76940489,35.48191987]]},"id":"gsi-12-3626-1615-road-117"},{"type":"Feature","properties":{"ftCode":2701,"motorway":1,"rnkWidth":4,"rdCtg":3,"tollSect":1,"source_layer":"road","kind":"road_centerline","bridge":false,"major":true},"geometry":{"type":"LineString","coordinates":[[138.77210855,35.48146557],[138.77150774,35.47592643],[138.77144337,35.4742314],[138.77163649,35.47295575],[138.77180815,35.47232665],[138.77221584,35.47129561]]},"id":"gsi-12-3626-1615-road-118"},{"type":"Feature","properties":{"ftCode":2703,"motorway":1,"rnkWidth":4,"rdCtg":3,"tollSect":1,"source_layer":"road","kind":"road_centerline","bridge":true,"major":true},"geometry":{"type":"LineString","coordinates":[[138.77221584,35.47129561],[138.77243042,35.47080631]]},"id":"gsi-12-3626-1615-road-119"},{"type":"Feature","properties":{"ftCode":2701,"motorway":1,"rnkWidth":2,"rdCtg":3,"tollSect":1,"source_layer":"road","kind":"road_centerline","bridge":false,"major":true},"geometry":{"type":"LineString","coordinates":[[138.77243042,35.47080631],[138.77262354,35.47028204],[138.77367496,35.46809758],[138.77498388,35.46575576],[138.77667904,35.46308182],[138.77846003,35.46066995]]},"id":"gsi-12-3626-1615-road-120"},{"type":"Feature","properties":{"ftCode":2704,"motorway":0,"rnkWidth":2,"rdCtg":0,"tollSect":9,"source_layer":"road","kind":"road_centerline","bridge":false,"major":true},"geometry":{"type":"LineString","coordinates":[[138.77929688,35.51909372],[138.77828836,35.51977485]]},"id":"gsi-12-3626-1615-road-121"},{"type":"Feature","properties":{"ftCode":2701,"motorway":9,"rnkWidth":2,"rdCtg":1,"tollSect":9,"source_layer":"road","kind":"road_centerline","bridge":false,"major":true},"geometry":{"type":"LineString","coordinates":[[138.76371861,35.4516685],[138.76017809,35.45196565],[138.75867605,35.45229776],[138.76148701,35.45892218],[138.76161575,35.45946399],[138.76155138,35.46066995]]},"id":"gsi-12-3626-1616-road-0"},{"type":"Feature","properties":{"ftCode":2701,"motorway":1,"rnkWidth":2,"rdCtg":3,"tollSect":1,"source_layer":"road","kind":"road_centerline","bridge":false,"major":true},"geometry":{"type":"LineString","coordinates":[[138.77846003,35.46066995],[138.77929688,35.4598485]]},"id":"gsi-12-3626-1616-road-1"},{"type":"Feature","properties":{"ftCode":2701,"motorway":9,"rnkWidth":0,"rdCtg":1,"tollSect":9,"source_layer":"road","kind":"road_centerline","bridge":false,"major":true},"geometry":{"type":"LineString","coordinates":[[138.69140625,35.42516517],[138.69166374,35.42462312],[138.69151354,35.42450073],[138.69250059,35.42353902]]},"id":"gsi-12-3626-1616-road-2"},{"type":"Feature","properties":{"ftCode":2721,"motorway":0,"rnkWidth":0,"rdCtg":1,"tollSect":0,"source_layer":"road","kind":"road_centerline","bridge":false,"major":true},"geometry":{"type":"LineString","coordinates":[[138.69250059,35.42353902],[138.69290829,35.42306691],[138.69565487,35.41908006],[138.69715691,35.41710405],[138.69895935,35.41493563],[138.6990881,35.41446347],[138.6990881,35.41407874],[138.69943142,35.412977]]},"id":"gsi-12-3626-1616-road-3"},{"type":"Feature","properties":{"ftCode":2704,"motorway":0,"rnkWidth":0,"rdCtg":1,"tollSect":0,"source_layer":"road","kind":"road_centerline","bridge":false,"major":true},"geometry":{"type":"LineString","coordinates":[[138.69996786,35.41227748],[138.69943142,35.412977]]},"id":"gsi-12-3626-1616-road-4"},{"type":"Feature","properties":{"ftCode":2701,"motorway":9,"rnkWidth":2,"rdCtg":1,"tollSect":1,"source_layer":"road","kind":"road_centerline","bridge":false,"major":true},"geometry":{"type":"MultiLineString","coordinates":[[[138.71022463,35.38910245],[138.71009588,35.38904997],[138.71009587,35.38904997]],[[138.69140625,35.3939304],[138.69198561,35.39508487],[138.69179249,35.39629179],[138.69181395,35.39716637],[138.69198561,35.39903792],[138.69228601,35.39959763],[138.6923933,35.39970257],[138.694067,35.40048966],[138.69426012,35.40064707],[138.69511843,35.40229117],[138.69556904,35.4027809],[138.6957407,35.40286835],[138.69709253,35.40316568],[138.69762897,35.40341054],[138.69799376,35.4038303],[138.69855165,35.40482722],[138.69878769,35.40510705],[138.69919538,35.40529944],[138.69956017,35.40538689],[138.70099783,35.40554429],[138.70230675,35.40549182],[138.70256424,35.40564923],[138.70254278,35.40584161],[138.70243549,35.40592906],[138.702178,35.40599902],[138.69910955,35.40629634],[138.69803667,35.40633132],[138.69625568,35.40592906],[138.69481802,35.40606898],[138.69398117,35.40622638],[138.69380951,35.40629634],[138.69372368,35.40643625],[138.69380951,35.40669859],[138.69410992,35.40680353],[138.695333,35.40687349],[138.69548321,35.40692595],[138.69593382,35.40729323],[138.69750023,35.40912957],[138.69910955,35.40968921],[138.69947433,35.41003898],[138.69966745,35.41054615],[138.69973183,35.41395632],[138.69981766,35.41420115],[138.69998932,35.41435854],[138.7014699,35.41537282],[138.70185614,35.41532035],[138.70333672,35.41453342],[138.70410919,35.41458588],[138.70595455,35.41490065],[138.70681286,35.41549523],[138.70724201,35.41563513],[138.70782137,35.41554769],[138.70898008,35.41516297],[138.70930195,35.41518045],[138.70964527,35.41542528],[138.71003151,35.41589744],[138.71041775,35.41619472],[138.71073961,35.41631713],[138.7121129,35.41652698],[138.71245623,35.41652698],[138.71279955,35.4163521],[138.71303558,35.41601985],[138.71355057,35.41493563],[138.71367931,35.41477824],[138.71382952,35.41470829],[138.71395826,35.41470829],[138.71421576,35.4148307],[138.71483803,35.41544277],[138.71513844,35.41558266],[138.71533155,35.41558266],[138.71653318,35.41530287],[138.71846437,35.41504055],[138.71874332,35.41512799],[138.71942997,35.41561764]]]},"id":"gsi-12-3626-1616-road-5"},{"type":"Feature","properties":{"ftCode":2702,"motorway":9,"rnkWidth":2,"rdCtg":1,"tollSect":1,"source_layer":"road","kind":"road_centerline","bridge":false,"major":true},"geometry":{"type":"LineString","coordinates":[[138.71022463,35.38910245],[138.71101856,35.38952228]]},"id":"gsi-12-3626-1616-road-6"},{"type":"Feature","properties":{"ftCode":2703,"motorway":9,"rnkWidth":2,"rdCtg":1,"tollSect":1,"source_layer":"road","kind":"road_centerline","bridge":true,"major":true},"geometry":{"type":"LineString","coordinates":[[138.71942997,35.41561764],[138.71970892,35.41579251]]},"id":"gsi-12-3626-1616-road-7"},{"type":"Feature","properties":{"ftCode":2701,"motorway":9,"rnkWidth":2,"rdCtg":1,"tollSect":1,"source_layer":"road","kind":"road_centerline","bridge":false,"major":true},"geometry":{"type":"LineString","coordinates":[[138.71970892,35.41579251],[138.71988058,35.41587995],[138.72030973,35.41596739],[138.72071743,35.41596739],[138.72279882,35.41556518],[138.72694016,35.41540779],[138.72736931,35.41547774],[138.7287426,35.41624718],[138.72968674,35.41633462],[138.73084545,35.4163521],[138.7311244,35.41624718],[138.73262644,35.41505804],[138.73442888,35.41404376],[138.73674631,35.41316937],[138.73792648,35.41257478],[138.73895645,35.41226],[138.73966455,35.41212009]]},"id":"gsi-12-3626-1616-road-8"},{"type":"Feature","properties":{"ftCode":2721,"motorway":0,"rnkWidth":0,"rdCtg":1,"tollSect":0,"source_layer":"road","kind":"road_centerline","bridge":false,"major":true},"geometry":{"type":"LineString","coordinates":[[138.69996786,35.41227748],[138.6999464,35.41124568],[138.70013952,35.41089591],[138.70082617,35.40996902],[138.70138407,35.40949683],[138.70200634,35.40911208],[138.70252132,35.40839504],[138.70280027,35.40822015],[138.70307922,35.4081327],[138.70361567,35.40809772],[138.70378733,35.40801028],[138.70438814,35.40731072],[138.70451689,35.4070134],[138.70464563,35.40694344],[138.70488167,35.4071708],[138.70543957,35.40699591],[138.70597601,35.40661115],[138.70659828,35.40596404],[138.70681286,35.40582412],[138.70698452,35.40580663],[138.70717764,35.40589408],[138.70760679,35.40627885],[138.70769262,35.40617391],[138.70777845,35.40577166],[138.70773554,35.40521199],[138.70786428,35.40503709],[138.70820761,35.40493216],[138.70863676,35.40470479],[138.71022463,35.40318317],[138.71052504,35.40293831],[138.71073961,35.40293831],[138.71086836,35.40281588],[138.71095419,35.40286835],[138.71138334,35.40265847],[138.71157646,35.40230866],[138.71264935,35.40199384],[138.71374369,35.40127673],[138.7150526,35.40083947],[138.71533155,35.40068205],[138.71554613,35.40062958],[138.715868,35.40083947],[138.71627569,35.40089194],[138.71638298,35.40076951],[138.71631861,35.4005946],[138.7164259,35.40038471],[138.71666193,35.40026228],[138.71689796,35.40038471],[138.71696234,35.40005239],[138.71709108,35.40001741],[138.71741295,35.40008737],[138.71767044,35.39987748],[138.71805668,35.39973756],[138.7184,35.39970257],[138.71878624,35.39973756],[138.71912956,35.39989497],[138.71949434,35.39998243],[138.72028828,35.3992653],[138.72091055,35.39928279],[138.72159719,35.39916036],[138.72187614,35.3990729],[138.72226238,35.39870559],[138.7224555,35.39865312],[138.72299194,35.39828581],[138.72327089,35.39825082],[138.72374296,35.39842573],[138.72421503,35.39811089],[138.72462273,35.39802344],[138.72515917,35.39753368],[138.72515917,35.39742874],[138.72466564,35.39728881],[138.72447252,35.39720135],[138.72434378,35.39706142],[138.72440815,35.39695647],[138.72470856,35.39695647],[138.72479439,35.3968865],[138.72475147,35.39676406],[138.72438669,35.39657166],[138.72436523,35.39650169],[138.7245369,35.39632678],[138.72438669,35.39616935],[138.725245,35.39611688],[138.725245,35.39601193],[138.72485876,35.39583701],[138.72479439,35.39567959],[138.72515917,35.39567959],[138.72548103,35.39557464],[138.72593164,35.39562711],[138.72659683,35.39557464],[138.7272191,35.39569708],[138.72831345,35.39571457],[138.72839928,35.3956621],[138.72837782,35.39559213],[138.72807741,35.39545219],[138.72773409,35.39511985],[138.72854948,35.39510236],[138.72861385,35.3950149],[138.7281847,35.394805],[138.72788429,35.39452513],[138.72788429,35.39442018],[138.72902155,35.39433272],[138.73069525,35.39454262],[138.73166084,35.39482249],[138.73206854,35.39464757]]},"id":"gsi-12-3626-1616-road-9"},{"type":"Feature","properties":{"ftCode":2701,"motorway":9,"rnkWidth":2,"rdCtg":1,"tollSect":1,"source_layer":"road","kind":"road_centerline","bridge":false,"major":true},"geometry":{"type":"LineString","coordinates":[[138.71101856,35.38952228],[138.71249914,35.390222],[138.71357203,35.39062433],[138.71458054,35.39076427],[138.71610403,35.39074678],[138.71679068,35.39067681]]},"id":"gsi-12-3626-1616-road-10"},{"type":"Feature","properties":{"ftCode":2702,"motorway":9,"rnkWidth":2,"rdCtg":1,"tollSect":1,"source_layer":"road","kind":"road_centerline","bridge":false,"major":true},"geometry":{"type":"LineString","coordinates":[[138.71679068,35.39067681],[138.71786356,35.39065932]]},"id":"gsi-12-3626-1616-road-11"},{"type":"Feature","properties":{"ftCode":2701,"motorway":9,"rnkWidth":2,"rdCtg":1,"tollSect":1,"source_layer":"road","kind":"road_centerline","bridge":false,"major":true},"geometry":{"type":"LineString","coordinates":[[138.71786356,35.39065932],[138.71865749,35.39072929],[138.71915102,35.39086923],[138.72179031,35.39223365],[138.72352839,35.39289836],[138.723979,35.39317824],[138.72442961,35.39337065],[138.72586727,35.39340564],[138.72807741,35.39359805]]},"id":"gsi-12-3626-1616-road-12"},{"type":"Feature","properties":{"ftCode":2702,"motorway":9,"rnkWidth":2,"rdCtg":1,"tollSect":1,"source_layer":"road","kind":"road_centerline","bridge":false,"major":true},"geometry":{"type":"LineString","coordinates":[[138.72807741,35.39359805],[138.72906446,35.39372049]]},"id":"gsi-12-3626-1616-road-13"},{"type":"Feature","properties":{"ftCode":2701,"motorway":9,"rnkWidth":2,"rdCtg":1,"tollSect":1,"source_layer":"road","kind":"road_centerline","bridge":false,"major":true},"geometry":{"type":"LineString","coordinates":[[138.72906446,35.39372049],[138.73209,35.3941578]]},"id":"gsi-12-3626-1616-road-14"},{"type":"Feature","properties":{"ftCode":2701,"motorway":9,"rnkWidth":2,"rdCtg":3,"tollSect":1,"source_layer":"road","kind":"road_centerline","bridge":false,"major":true},"geometry":{"type":"LineString","coordinates":[[138.73209,35.3941578],[138.73226166,35.39417529]]},"id":"gsi-12-3626-1616-road-15"},{"type":"Feature","properties":{"ftCode":2703,"motorway":9,"rnkWidth":2,"rdCtg":1,"tollSect":1,"source_layer":"road","kind":"road_centerline","bridge":true,"major":true},"geometry":{"type":"LineString","coordinates":[[138.73818398,35.43084769],[138.73794794,35.43117988]]},"id":"gsi-12-3626-1616-road-16"},{"type":"Feature","properties":{"ftCode":2701,"motorway":9,"rnkWidth":2,"rdCtg":1,"tollSect":1,"source_layer":"road","kind":"road_centerline","bridge":false,"major":true},"geometry":{"type":"LineString","coordinates":[[138.73794794,35.43117988],[138.73762608,35.43165195],[138.73728275,35.43256111],[138.73732567,35.43292826],[138.73751879,35.433208],[138.73833418,35.43408217],[138.74078035,35.43604028],[138.74153137,35.43738646],[138.74189615,35.43782352],[138.74215364,35.43803331],[138.74266863,35.43831303],[138.74301195,35.43840044],[138.74406338,35.43833051],[138.74451399,35.43840044],[138.74490023,35.43859275],[138.7451148,35.43880254],[138.74657393,35.44285833],[138.74685287,35.44329537],[138.74747515,35.44387225],[138.74786139,35.44415195],[138.7480545,35.44420439],[138.74829054,35.44425684],[138.75243187,35.44446661],[138.75279665,35.4445715],[138.75311852,35.44478127],[138.75410557,35.44555043],[138.75472784,35.44616226],[138.75807524,35.45095183],[138.75833273,35.45142378],[138.75867605,35.45229776]]},"id":"gsi-12-3626-1616-road-17"},{"type":"Feature","properties":{"ftCode":2703,"motorway":9,"rnkWidth":2,"rdCtg":1,"tollSect":9,"source_layer":"road","kind":"road_centerline","bridge":true,"major":true},"geometry":{"type":"LineString","coordinates":[[138.76371861,35.4516685],[138.7641263,35.45163354]]},"id":"gsi-12-3626-1616-road-18"},{"type":"Feature","properties":{"ftCode":2701,"motorway":9,"rnkWidth":2,"rdCtg":1,"tollSect":9,"source_layer":"road","kind":"road_centerline","bridge":false,"major":true},"geometry":{"type":"LineString","coordinates":[[138.7641263,35.45163354],[138.76438379,35.45159858]]},"id":"gsi-12-3626-1616-road-19"},{"type":"Feature","properties":{"ftCode":2701,"motorway":9,"rnkWidth":1,"rdCtg":1,"tollSect":9,"source_layer":"road","kind":"road_centerline","bridge":false,"major":true},"geometry":{"type":"LineString","coordinates":[[138.76500607,35.43469409],[138.76498461,35.43474654]]},"id":"gsi-12-3626-1616-road-20"},{"type":"Feature","properties":{"ftCode":2701,"motorway":9,"rnkWidth":0,"rdCtg":1,"tollSect":9,"source_layer":"road","kind":"road_centerline","bridge":false,"major":true},"geometry":{"type":"LineString","coordinates":[[138.76498461,35.43474654],[138.76519918,35.43504375],[138.7656498,35.43595287],[138.76592875,35.43782352],[138.76728058,35.43997384],[138.76781702,35.44051579],[138.76893282,35.44114513],[138.77002716,35.44173951],[138.77019882,35.44161714]]},"id":"gsi-12-3626-1616-road-21"},{"type":"Feature","properties":{"ftCode":2701,"motorway":9,"rnkWidth":1,"rdCtg":1,"tollSect":9,"source_layer":"road","kind":"road_centerline","bridge":false,"major":true},"geometry":{"type":"LineString","coordinates":[[138.77019882,35.44161714],[138.77015591,35.44000881],[138.76966238,35.43805079],[138.76983404,35.43632001],[138.76981258,35.43598783],[138.76964092,35.4352011],[138.76908302,35.43430945],[138.76895428,35.43390734],[138.76972675,35.43336535],[138.76989841,35.43313806],[138.77024174,35.43191421],[138.77019882,35.43130227],[138.7704134,35.43081272],[138.77105713,35.43021826],[138.77114296,35.43000845],[138.77118587,35.42941398],[138.77142191,35.42913423],[138.77182961,35.42831246],[138.77187252,35.42801522],[138.77219439,35.42775295],[138.77228022,35.42761307],[138.77245188,35.42715847],[138.77247334,35.42668638],[138.77322435,35.42623176],[138.77412558,35.42558482]]},"id":"gsi-12-3626-1616-road-22"},{"type":"Feature","properties":{"ftCode":2703,"motorway":9,"rnkWidth":1,"rdCtg":1,"tollSect":9,"source_layer":"road","kind":"road_centerline","bridge":true,"major":true},"geometry":{"type":"LineString","coordinates":[[138.77440453,35.42534002],[138.77412558,35.42558482]]},"id":"gsi-12-3626-1616-road-23"},{"type":"Feature","properties":{"ftCode":2701,"motorway":9,"rnkWidth":2,"rdCtg":1,"tollSect":1,"source_layer":"road","kind":"road_centerline","bridge":false,"major":true},"geometry":{"type":"LineString","coordinates":[[138.73861313,35.41439351],[138.73826981,35.41740133],[138.73842001,35.41775107],[138.73919249,35.41845054],[138.73951435,35.41883525],[138.73970747,35.41995439],[138.73968601,35.4205839],[138.73944998,35.42098608],[138.73876333,35.42186038],[138.7385273,35.42203524],[138.73809814,35.4222101],[138.73537302,35.42299697],[138.7350297,35.42318931],[138.73481512,35.42343411],[138.73472929,35.42371388],[138.734622,35.42535751],[138.73466492,35.42591703],[138.73475075,35.42605691],[138.7350297,35.42617931],[138.73522282,35.42619679],[138.73550177,35.42612685],[138.73661757,35.42553236],[138.73728275,35.42537499],[138.73790503,35.4254799],[138.73897791,35.42581212],[138.73936415,35.42600446],[138.73957872,35.42621428],[138.73966455,35.42635416],[138.73972893,35.42675631],[138.73951435,35.4275781],[138.73876333,35.42997348],[138.73857021,35.43034065],[138.73818398,35.43084769]]},"id":"gsi-12-3626-1616-road-24"},{"type":"Feature","properties":{"ftCode":2703,"motorway":9,"rnkWidth":2,"rdCtg":1,"tollSect":1,"source_layer":"road","kind":"road_centerline","bridge":true,"major":true},"geometry":{"type":"LineString","coordinates":[[138.73872042,35.41402627],[138.73861313,35.41439351]]},"id":"gsi-12-3626-1616-road-25"},{"type":"Feature","properties":{"ftCode":2701,"motorway":9,"rnkWidth":2,"rdCtg":1,"tollSect":1,"source_layer":"road","kind":"road_centerline","bridge":false,"major":true},"geometry":{"type":"LineString","coordinates":[[138.73983622,35.4134142],[138.73934269,35.41353662],[138.73895645,35.41372898],[138.73872042,35.41402627]]},"id":"gsi-12-3626-1616-road-26"},{"type":"Feature","properties":{"ftCode":2703,"motorway":9,"rnkWidth":2,"rdCtg":1,"tollSect":1,"source_layer":"road","kind":"road_centerline","bridge":true,"major":true},"geometry":{"type":"LineString","coordinates":[[138.74032974,35.4132743],[138.73983622,35.4134142]]},"id":"gsi-12-3626-1616-road-27"},{"type":"Feature","properties":{"ftCode":2703,"motorway":9,"rnkWidth":2,"rdCtg":1,"tollSect":1,"source_layer":"road","kind":"road_centerline","bridge":true,"major":true},"geometry":{"type":"LineString","coordinates":[[138.73966455,35.41212009],[138.74022245,35.4121026]]},"id":"gsi-12-3626-1616-road-28"},{"type":"Feature","properties":{"ftCode":2701,"motorway":9,"rnkWidth":2,"rdCtg":1,"tollSect":1,"source_layer":"road","kind":"road_centerline","bridge":false,"major":true},"geometry":{"type":"LineString","coordinates":[[138.74022245,35.4121026],[138.74174595,35.41236493],[138.74193907,35.41246985],[138.74200344,35.41257478],[138.74198198,35.41274966],[138.74181032,35.41287208],[138.74032974,35.4132743]]},"id":"gsi-12-3626-1616-road-29"},{"type":"Feature","properties":{"ftCode":2701,"motorway":9,"rnkWidth":1,"rdCtg":1,"tollSect":9,"source_layer":"road","kind":"road_centerline","bridge":false,"major":true},"geometry":{"type":"MultiLineString","coordinates":[[[138.7490201,35.3899771],[138.74859095,35.39011704],[138.74841928,35.39011704],[138.74829054,35.39001208],[138.74839783,35.38978467],[138.74929905,35.38955727],[138.74962091,35.38934735],[138.75005007,35.38918991],[138.74998569,35.38904997],[138.74968529,35.38904997],[138.74921322,35.3892249],[138.74844074,35.38917242],[138.7480545,35.38924239],[138.74773264,35.3892074],[138.74745369,35.38904997],[138.74745368,35.38904997]],[[138.74369861,35.38904997],[138.7436986,35.38904997],[138.74296904,35.3894698],[138.74247551,35.38985465],[138.74153137,35.39032695],[138.74095201,35.3904494],[138.74030828,35.39048439],[138.73880625,35.39090422],[138.73696089,35.39156894],[138.73659611,35.39163891],[138.73522282,35.39230362],[138.73455763,35.39253102],[138.73427868,35.39275842],[138.73389244,35.39323071],[138.73367786,35.39366802]]]},"id":"gsi-12-3626-1616-road-30"},{"type":"Feature","properties":{"ftCode":2721,"motorway":0,"rnkWidth":0,"rdCtg":1,"tollSect":0,"source_layer":"road","kind":"road_centerline","bridge":false,"major":true},"geometry":{"type":"LineString","coordinates":[[138.74859095,35.39011704],[138.74854803,35.39027448],[138.74865532,35.39030946],[138.74897718,35.39016952],[138.74953508,35.39011704],[138.74964237,35.39023949],[138.74927759,35.3904669],[138.74992132,35.39043191],[138.74985695,35.39058935],[138.7494278,35.39081675],[138.74944925,35.39086923],[138.74968529,35.39079926],[138.7497282,35.39085174],[138.74962091,35.39102667],[138.74959946,35.39134153],[138.74966383,35.39137652],[138.75000715,35.39116661],[138.7501359,35.39120159],[138.75022173,35.39130655],[138.75041485,35.39130655],[138.75039339,35.39148147],[138.75056505,35.39148147],[138.75060797,35.39153395],[138.75054359,35.39160392],[138.75045776,35.39162141],[138.75039339,35.39156894],[138.75026464,35.39162141],[138.7502861,35.3919013],[138.75011444,35.39219867],[138.75022173,35.39232111],[138.75005007,35.39246105],[138.75000715,35.3925835],[138.75017881,35.39261848],[138.75022173,35.39275842],[138.75041485,35.39272344],[138.75052214,35.39284588],[138.75052214,35.39291585],[138.75043631,35.39295084],[138.75054359,35.39312576],[138.75050068,35.39321322],[138.7506938,35.39345811],[138.75052214,35.39359805],[138.75114441,35.39391291],[138.750844,35.39408783],[138.75082254,35.39417529],[138.75103712,35.39431522],[138.75178814,35.39433272],[138.75183105,35.39438519],[138.75165939,35.39503239],[138.75189543,35.39515483],[138.75215292,35.39513734],[138.75219584,35.39517233],[138.75213146,35.39536474],[138.75243187,35.39548718],[138.75213146,35.39604691],[138.75176668,35.39637925],[138.75138044,35.39632678],[138.75138044,35.39651918],[138.75170231,35.39685152],[138.75221729,35.39695647],[138.75234604,35.39706142],[138.75228167,35.39714887],[138.75232458,35.39721884],[138.75296831,35.39742874],[138.75305414,35.39735877],[138.7536335,35.39737626],[138.75367641,35.3974987],[138.75344038,35.39791849],[138.75369787,35.39804093],[138.75376225,35.39812839],[138.75344038,35.39825082],[138.75337601,35.39840824],[138.75361204,35.39858315],[138.75369787,35.39884552],[138.75393391,35.39895047],[138.75391245,35.39930028],[138.75425577,35.39958014],[138.75432014,35.40017482],[138.75442743,35.40024479],[138.75487804,35.39999992],[138.75504971,35.39999992],[138.75535011,35.40024479],[138.75541449,35.40045467],[138.75573635,35.40047217],[138.75582218,35.40055962],[138.75599384,35.40104935],[138.75627279,35.40143415],[138.75659466,35.4016965],[138.7567234,35.40279839],[138.75680923,35.40311321],[138.75700235,35.40344552],[138.75695944,35.4038303],[138.75721693,35.40482722],[138.75719547,35.40550931],[138.75738859,35.40599902],[138.75743151,35.40694344],[138.75813961,35.40898966],[138.75854731,35.40918203],[138.75848293,35.40956679],[138.75886917,35.4121026],[138.75886917,35.41222502],[138.75874043,35.41243488]]},"id":"gsi-12-3626-1616-road-31"},{"type":"Feature","properties":{"ftCode":2721,"motorway":0,"rnkWidth":0,"rdCtg":1,"tollSect":0,"source_layer":"road","kind":"road_centerline","bridge":false,"major":true},"geometry":{"type":"LineString","coordinates":[[138.74889135,35.38967972],[138.74899864,35.38943481],[138.74893427,35.38936484],[138.74865532,35.38938234],[138.74814034,35.38959225],[138.74807596,35.38952228],[138.74809742,35.38943481],[138.74833345,35.38925988],[138.74781847,35.38904997]]},"id":"gsi-12-3626-1616-road-32"},{"type":"Feature","properties":{"ftCode":2701,"motorway":9,"rnkWidth":0,"rdCtg":1,"tollSect":9,"source_layer":"road","kind":"road_centerline","bridge":false,"major":true},"geometry":{"type":"LineString","coordinates":[[138.75852585,35.41362406],[138.75792503,35.41395632],[138.75764608,35.41418366],[138.75764608,35.41430608],[138.75833273,35.41479573],[138.75844002,35.41498809],[138.75844002,35.41507553],[138.75792503,35.41581],[138.75801086,35.41607231],[138.75826836,35.41624718],[138.75867605,35.41622969],[138.75882626,35.4163521],[138.75871897,35.41652698],[138.75826836,35.41671933],[138.75796795,35.41692918],[138.75809669,35.417174],[138.75891209,35.41752374],[138.75910521,35.41776856],[138.75908375,35.41799588],[138.75869751,35.41857295],[138.75869751,35.41894017],[138.75893354,35.41939482],[138.75921249,35.41976204],[138.75944853,35.42037406],[138.76009226,35.42089865],[138.76065016,35.4217205],[138.76067162,35.42259479],[138.76056433,35.42506026],[138.7606287,35.42558482],[138.76110077,35.42649404],[138.76099348,35.42761307],[138.76105785,35.42827749],[138.76135826,35.42881951],[138.76352549,35.43208904],[138.76500607,35.43469409]]},"id":"gsi-12-3626-1616-road-33"},{"type":"Feature","properties":{"ftCode":2721,"motorway":0,"rnkWidth":0,"rdCtg":1,"tollSect":0,"source_layer":"road","kind":"road_centerline","bridge":false,"major":true},"geometry":{"type":"LineString","coordinates":[[138.75852585,35.41362406],[138.75833273,35.41320435],[138.75833273,35.412977],[138.75844002,35.41271469],[138.75874043,35.41243488]]},"id":"gsi-12-3626-1616-road-34"},{"type":"Feature","properties":{"ftCode":2721,"motorway":0,"rnkWidth":0,"rdCtg":1,"tollSect":0,"source_layer":"road","kind":"road_centerline","bridge":false,"major":true},"geometry":{"type":"LineString","coordinates":[[138.758955,35.41337923],[138.75882626,35.41306444],[138.75874043,35.41243488]]},"id":"gsi-12-3626-1616-road-35"},{"type":"Feature","properties":{"ftCode":2701,"motorway":9,"rnkWidth":1,"rdCtg":1,"tollSect":9,"source_layer":"road","kind":"road_centerline","bridge":false,"major":true},"geometry":{"type":"MultiLineString","coordinates":[[[138.7737608,35.39674657],[138.77358913,35.396904],[138.77311707,35.39714887],[138.77296686,35.39728881],[138.77283812,35.39758616],[138.77283812,35.39786602],[138.77307415,35.39863563],[138.77296686,35.39909039],[138.7723875,35.39977254],[138.77180815,35.39987748],[138.7716794,35.40001741],[138.77146482,35.40055962],[138.77110004,35.40097939],[138.77099276,35.40120677],[138.77092838,35.40160905],[138.77069235,35.40183642],[138.7702632,35.40209878],[138.7697053,35.40262349],[138.76794577,35.40307823],[138.76730204,35.40358544],[138.76678705,35.40377783],[138.76670122,35.40384779],[138.76667976,35.4040052],[138.76685143,35.40409265],[138.767066,35.40409265],[138.76758099,35.40393524],[138.76775265,35.40402269],[138.76768827,35.40416261],[138.76734495,35.40432001],[138.76685143,35.40465232],[138.76678705,35.40484471],[138.76704454,35.40489718],[138.76734495,35.40473977],[138.76783848,35.40472228],[138.76863241,35.40398771],[138.76884699,35.40388277],[138.76901865,35.40393524],[138.76908302,35.40419759],[138.76916885,35.40425006],[138.76994133,35.40442495],[138.77064943,35.40437248],[138.77137899,35.40447742],[138.77174377,35.40473977],[138.77206564,35.40510705],[138.77225876,35.4051945],[138.77326727,35.40538689],[138.77414703,35.40540438],[138.77498388,35.40564923],[138.77515554,35.40564923],[138.77524137,35.4055268],[138.77521992,35.40521199],[138.77543449,35.40515952],[138.77575636,35.40533442],[138.77594948,35.40563174],[138.77607822,35.40571919],[138.77667904,35.40589408],[138.77706528,35.40591157],[138.77747297,35.40575417],[138.77762318,35.40556178],[138.77777338,35.40507207],[138.77798796,35.4048622],[138.77807379,35.4048622],[138.77833128,35.40500211],[138.77861023,35.4055268],[138.77880335,35.40559676],[138.77929688,35.40556178]],[[138.77929688,35.41764616],[138.77880335,35.41852049],[138.7783742,35.4190276],[138.77828836,35.41949974],[138.77762318,35.42025166],[138.77758026,35.42037406],[138.77766609,35.42081122],[138.77753735,35.4212134],[138.77758026,35.42131832],[138.77788067,35.42154563],[138.77788067,35.42177295],[138.77766609,35.42194781],[138.7770009,35.42210519],[138.77678633,35.42222759],[138.77620697,35.42334668],[138.77567053,35.42355651],[138.77472639,35.42451821],[138.77457619,35.42509523],[138.77440453,35.42534002]]]},"id":"gsi-12-3626-1616-road-36"},{"type":"Feature","properties":{"ftCode":2701,"motorway":9,"rnkWidth":2,"rdCtg":1,"tollSect":9,"source_layer":"road","kind":"road_centerline","bridge":false,"major":true},"geometry":{"type":"LineString","coordinates":[[138.77019882,35.44161714],[138.77043486,35.44172203],[138.77060652,35.44187937],[138.77352476,35.44523577],[138.77650738,35.45021768],[138.77929688,35.45519928]]},"id":"gsi-12-3626-1616-road-43"},{"type":"Feature","properties":{"ftCode":2701,"motorway":9,"rnkWidth":2,"rdCtg":1,"tollSect":1,"source_layer":"road","kind":"road_centerline","bridge":false,"major":true},"geometry":{"type":"LineString","coordinates":[[138.71009587,35.38904997],[138.70891571,35.3884552],[138.70842218,35.38849019],[138.70747805,35.38878757],[138.70683432,35.38880506],[138.70466709,35.38803536],[138.70365858,35.38773797],[138.7032938,35.38754554],[138.70318651,35.3874056],[138.70303631,35.38661839],[138.7028861,35.38633849],[138.7027359,35.38623353],[138.70247841,35.38607608],[138.70200634,35.38590114],[138.70086908,35.38558625],[138.70037556,35.38528886],[138.69947433,35.38443165],[138.69814396,35.38392432],[138.69790792,35.3836794],[138.69775772,35.38334701],[138.69765043,35.38285716],[138.69765043,35.38229734],[138.69801521,35.3811077],[138.69799376,35.38091526],[138.69771481,35.38004051],[138.69754314,35.37983057],[138.69735003,35.37976059],[138.69713545,35.37984806],[138.69709253,35.37991804],[138.69711399,35.38014548],[138.69735003,35.3807578],[138.69735003,35.3810902],[138.69717836,35.38203492],[138.69692087,35.38282218],[138.69692087,35.38311958],[138.69707108,35.38371439],[138.69782209,35.38500895],[138.69816542,35.38674084],[138.69880915,35.3881928],[138.6988306,35.38831525],[138.69872332,35.38843771],[138.69859457,35.38850768],[138.69833708,35.38847269],[138.69814396,35.38824528],[138.69745731,35.38679332],[138.69715691,35.38649593],[138.69612694,35.38577869],[138.69565487,35.38534134],[138.69554758,35.38506144],[138.69554758,35.38471156],[138.69584799,35.38409926],[138.69584799,35.3839768],[138.6957407,35.38385434],[138.6950326,35.38345197],[138.69486094,35.38322455],[138.69441032,35.38128265],[138.69417429,35.38086277],[138.69353056,35.38012798],[138.69333744,35.37967311],[138.6929512,35.37738121],[138.69299412,35.37533419],[138.692801,35.37416195],[138.69286537,35.37318215],[138.692801,35.37305967],[138.69258642,35.37293719],[138.69230747,35.37300718],[138.69222164,35.37325213],[138.6920929,35.37489679],[138.69196415,35.37559664],[138.69162083,35.37668138],[138.69140625,35.37711878]]},"id":"gsi-12-3626-1617-road-0"},{"type":"Feature","properties":{"ftCode":2701,"motorway":9,"rnkWidth":1,"rdCtg":1,"tollSect":9,"source_layer":"road","kind":"road_centerline","bridge":false,"major":true},"geometry":{"type":"LineString","coordinates":[[138.74745368,35.38904997],[138.74693871,35.38875258],[138.74612331,35.38849019],[138.74470711,35.38884005],[138.74406338,35.38887504],[138.74369861,35.38904997]]},"id":"gsi-12-3626-1617-road-3"},{"type":"Feature","properties":{"ftCode":2721,"motorway":0,"rnkWidth":0,"rdCtg":1,"tollSect":0,"source_layer":"road","kind":"road_centerline","bridge":false,"major":true},"geometry":{"type":"LineString","coordinates":[[138.74781847,35.38904997],[138.74788284,35.38891002],[138.74766827,35.3889625],[138.74730349,35.38892751]]},"id":"gsi-12-3626-1617-road-5"},{"type":"Feature","properties":{"ftCode":2721,"motorway":0,"rnkWidth":0,"rdCtg":1,"tollSect":0,"source_layer":"road","kind":"road_centerline","bridge":false,"major":true},"geometry":{"type":"LineString","coordinates":[[138.73380661,35.33676359],[138.73408556,35.33702616],[138.73442888,35.33700865],[138.73442888,35.33728872],[138.73466492,35.33734124],[138.73490095,35.33748127],[138.73490095,35.33756879],[138.73505116,35.33767382],[138.73522282,35.33797139],[138.73560905,35.33837398],[138.73648882,35.33889911],[138.73696089,35.33902163],[138.73717546,35.33900413],[138.7374115,35.33919667],[138.73790503,35.33914416],[138.7381196,35.33917917],[138.73831272,35.33928419],[138.73822689,35.33938922],[138.73822689,35.33956425],[138.73799086,35.33959926],[138.73803377,35.33968678],[138.73788357,35.33970429],[138.73799086,35.33982681],[138.73792648,35.33989683],[138.73820543,35.34015938],[138.73799086,35.34021189],[138.73794794,35.34035192],[138.73816252,35.34059697],[138.73803377,35.34066699],[138.73758316,35.34068449],[138.73769045,35.34080702],[138.73754025,35.34091204],[138.73773336,35.3411921],[138.73751879,35.3412271],[138.73717546,35.34112208],[138.73713255,35.34124461],[138.7370038,35.34127961],[138.73713255,35.34162968],[138.73698235,35.3417172],[138.73706818,35.34194474],[138.73689651,35.34208477],[138.73691797,35.34229481],[138.73681068,35.34227731],[138.73676777,35.34232981],[138.73687506,35.34259236],[138.7368536,35.34264487],[138.7367034,35.34266238],[138.7367034,35.34271489],[138.7368536,35.34290742],[138.7367034,35.34299494],[138.73681068,35.34318747],[138.73676777,35.34329249],[138.73689651,35.34343251],[138.73693943,35.34371256],[138.73719692,35.34401011],[138.73706818,35.34413263],[138.7372613,35.34444768],[138.73732567,35.34476273],[138.73723984,35.34478023],[138.73683214,35.34462271],[138.7361455,35.34472772],[138.73616695,35.34486775],[138.73631716,35.34500777],[138.73623133,35.34509528],[138.73633862,35.34534032],[138.73618841,35.34551534],[138.73653173,35.34607542],[138.73653173,35.34612793],[138.73618841,35.34621544],[138.73616695,35.34626795],[138.7364459,35.34653049],[138.73651028,35.34668801],[138.73599529,35.34682802],[138.73595238,35.34691554],[138.73608112,35.34710806],[138.735888,35.34716057],[138.73603821,35.34733559],[138.73586655,35.3473881],[138.73601675,35.34754561],[138.73610258,35.34789566],[138.73584509,35.34791316],[138.73569489,35.34798317],[138.73580217,35.34812318],[138.73569489,35.34817569],[138.73565197,35.3482807],[138.7357378,35.3482807],[138.73590946,35.34840321],[138.735888,35.34847322],[138.73543739,35.34849072],[138.73528719,35.34866574],[138.73466492,35.34882326],[138.73524427,35.34934831],[138.73541594,35.34933081],[138.73548031,35.34952333],[138.73560905,35.34961084],[138.73556614,35.34975085],[138.73526573,35.34983836],[138.7353301,35.35022339],[138.73541594,35.3503109],[138.73526573,35.35046841],[138.73539448,35.35050342],[138.73556614,35.35069593],[138.73554468,35.35081844],[138.73580217,35.35094095],[138.73584509,35.35104596],[138.73582363,35.35109847],[138.7357378,35.35109847],[138.73578072,35.35122098],[138.73550177,35.35125598],[138.73543739,35.351501],[138.73515844,35.351571],[138.73539448,35.35167601],[138.73539448,35.35174601],[138.73535156,35.35183352],[138.73500824,35.35192103],[138.73494387,35.35200853],[138.73507261,35.35223605],[138.73490095,35.35235855],[138.73457909,35.35234105],[138.734622,35.35248106],[138.73427868,35.35265607],[138.73436451,35.35277858],[138.73419285,35.35295359],[138.73419285,35.3531636],[138.73384953,35.35330361],[138.7339139,35.35340861],[138.73389244,35.35356612],[138.73372078,35.35358362],[138.73367786,35.35368862],[138.73352766,35.35374113],[138.7335062,35.35384613],[138.73331308,35.35391613],[138.73331308,35.35416114],[138.73309851,35.35426615],[138.73311996,35.35451116],[138.73277664,35.35440615],[138.73262644,35.35454616],[138.73243332,35.35456366],[138.73236895,35.35463366],[138.73249769,35.35500117],[138.73245478,35.35519368],[138.73228312,35.35522868],[138.73228312,35.35536868],[138.73215437,35.35542118],[138.73221874,35.35554369],[138.73204708,35.35561369],[138.73209,35.35573619],[138.73189688,35.35571869],[138.7318325,35.35594619],[138.73166084,35.35598119],[138.73157501,35.3563837],[138.73125315,35.3564012],[138.7311244,35.3565237],[138.73110294,35.3565762],[138.73129606,35.3567862],[138.7312746,35.3568737],[138.73106003,35.3568562],[138.73110294,35.3570312],[138.73090982,35.3570487],[138.73090982,35.35720621],[138.73071671,35.35717121],[138.73110294,35.3576787],[138.73095274,35.3577137],[138.73103857,35.3579412],[138.73093128,35.3580112],[138.73110294,35.3582387],[138.7309742,35.3583962],[138.7311244,35.3585187],[138.73108149,35.3585887],[138.73121023,35.35872869],[138.73110294,35.35885119],[138.7312746,35.35899119],[138.73121023,35.35916618],[138.73103857,35.35930618],[138.73116732,35.35939368],[138.73118877,35.35956867]]},"id":"gsi-12-3626-1617-road-6"},{"type":"Feature","properties":{"ftCode":2701,"motorway":9,"rnkWidth":2,"rdCtg":1,"tollSect":9,"source_layer":"road","kind":"road_centerline","bridge":false,"major":true},"geometry":{"type":"LineString","coordinates":[[138.73318434,35.33606341],[138.73363495,35.33616844],[138.73389244,35.33616844],[138.73494387,35.33588836],[138.73590946,35.33629097],[138.73657465,35.33613343],[138.7367034,35.33615093],[138.73683214,35.33627346],[138.7368536,35.336396],[138.73678923,35.33651853],[138.73653173,35.33665856],[138.73593092,35.33676359],[138.7357378,35.33671108],[138.73535156,35.3364135],[138.73479366,35.33632598],[138.73380661,35.33676359],[138.73271227,35.33714869],[138.73249769,35.33721871],[138.73226166,35.3372012],[138.73219728,35.33704366],[138.73228312,35.33693863],[138.73322725,35.33634348],[138.73318434,35.33606341]]},"id":"gsi-12-3626-1617-road-7"},{"type":"Feature","properties":{"ftCode":2701,"motorway":9,"rnkWidth":2,"rdCtg":1,"tollSect":9,"source_layer":"road","kind":"road_centerline","bridge":false,"major":true},"geometry":{"type":"MultiLineString","coordinates":[[[138.73318434,35.33606341],[138.73296976,35.33608091],[138.73254061,35.33637849],[138.73157501,35.33671108],[138.73052359,35.33674609],[138.73003006,35.33686862],[138.72994423,35.33683361],[138.72987986,35.33669357],[138.73003006,35.33648352],[138.73037338,35.33634348],[138.73110294,35.33623846],[138.73136044,35.33615093],[138.73163939,35.33595838],[138.73206854,35.33536322],[138.73249769,35.33517067],[138.73316288,35.33503063],[138.73348475,35.33466303],[138.73378515,35.33445297],[138.73395681,35.33440045],[138.73464346,35.33438295],[138.7353301,35.33405035],[138.73541594,35.33392782],[138.73526573,35.33377027],[138.73507261,35.33380528],[138.73455763,35.33405035],[138.73331308,35.33401534],[138.73290539,35.33433043],[138.73219728,35.33436544],[138.73069525,35.33504814],[138.72983694,35.33515316],[138.7294507,35.33531071],[138.72934341,35.33531071],[138.72925758,35.33524069],[138.72923613,35.33510065],[138.7293005,35.33499562],[138.72962236,35.33480307],[138.73050213,35.3345755],[138.73088837,35.33427792],[138.73114586,35.33417289],[138.73163939,35.33373526],[138.73206854,35.33356021],[138.73217583,35.33326262],[138.73251915,35.33270246],[138.73269081,35.33254491],[138.73290539,35.33247489],[138.73359203,35.33257992],[138.73393536,35.33224732],[138.73408556,35.3315646],[138.73423576,35.33126701],[138.73457909,35.33102193],[138.73457909,35.33086437],[138.73451471,35.33081186],[138.73427868,35.33081186],[138.73380661,35.33126701],[138.73361349,35.33180968],[138.7335062,35.3318797],[138.733356,35.33191471],[138.73286247,35.33179217],[138.73245478,35.33175716],[138.73202562,35.33205476],[138.73172522,35.33212478],[138.73114586,35.33261493],[138.73030901,35.33270246],[138.72966528,35.33286],[138.72921467,35.33303506],[138.72878551,35.33310508],[138.72799158,35.33364774],[138.72788429,35.33364774],[138.72779846,35.33347269],[138.72820616,35.33305256],[138.72902155,35.33254491],[138.72964382,35.33198473],[138.7304163,35.33168714],[138.7305665,35.33130202],[138.73069525,35.33114447],[138.73099566,35.3309344],[138.73151064,35.33039172],[138.73221874,35.33007661],[138.73249769,35.32960395],[138.73307705,35.32928884],[138.73305559,35.32914879],[138.7327981,35.32914879],[138.73258352,35.32923633],[138.73234749,35.32937637],[138.73206854,35.32969148],[138.73181105,35.32979652],[138.73142481,35.32972649],[138.73065233,35.32986654],[138.72970819,35.33046174],[138.72893572,35.33070682],[138.72867823,35.33098691],[138.72857094,35.33102193],[138.72844219,35.3309344],[138.72848511,35.33075934],[138.72882843,35.33046174],[138.72923613,35.3303217],[138.72923613,35.33018165],[138.7291503,35.33012913],[138.72848511,35.33039172],[138.72816324,35.33067181],[138.72797012,35.33060179],[138.72799158,35.33047925],[138.72807741,35.33035671],[138.72844219,35.33011162],[138.72891426,35.32986654],[138.72891426,35.32972649],[138.72867823,35.32967398],[138.72835636,35.32983153],[138.72773409,35.33037421],[138.72754097,35.33037421],[138.7274766,35.33019915],[138.72816324,35.32942889],[138.72897863,35.32892122],[138.72923613,35.32851857],[138.72942924,35.32836102],[138.7298584,35.32811593],[138.73063087,35.32783583],[138.73110294,35.32774829],[138.73131752,35.32762575],[138.73159647,35.32729313],[138.73211145,35.32706554],[138.73219728,35.32697801],[138.73254061,35.32634777],[138.73269081,35.32622522],[138.73348475,35.32594511],[138.73361349,35.32582257],[138.73357058,35.32570002],[138.73337746,35.32566501],[138.7329483,35.32580506],[138.73234749,35.32582257],[138.73157501,35.32654034],[138.7312746,35.32671541],[138.73106003,35.3266804],[138.73073816,35.32648782],[138.73048067,35.3264178],[138.72951508,35.32638278],[138.72846365,35.32645281],[138.72779846,35.3264353],[138.72646809,35.3261552],[138.72610331,35.3261552],[138.72584581,35.32626024],[138.72563124,35.32720559],[138.72511625,35.32734565],[138.7246871,35.32783583],[138.72457981,35.32783583],[138.72447252,35.32778331],[138.72449398,35.32759074],[138.7248373,35.32655785],[138.7248373,35.32631276],[138.72464418,35.32626024],[138.72432232,35.3266804],[138.72410774,35.32683796],[138.72395754,35.32683796],[138.72363567,35.32657536],[138.72350693,35.32659286],[138.7234211,35.32676793],[138.72367859,35.32704804],[138.72363567,35.32725811],[138.72354984,35.32729313],[138.72337818,35.32729313],[138.72320652,35.32720559],[138.72288465,35.32647032],[138.72292757,35.32612018],[138.72318506,35.32566501],[138.72344255,35.32548994],[138.72417212,35.3254024],[138.72436523,35.32519232],[138.72432232,35.32505226],[138.72423649,35.32499974],[138.72320652,35.32512229],[138.72236967,35.3256475],[138.72172594,35.32580506],[138.72155428,35.32566501],[138.72159719,35.32550744],[138.72264862,35.32478966],[138.72273445,35.32463209],[138.72271299,35.32454456],[138.72251987,35.32445702],[138.72191906,35.32435198],[138.72121096,35.32429946],[138.72086763,35.32450954],[138.72045994,35.32506977],[138.72028828,35.32519232],[138.72011662,35.32522733],[138.71994495,35.32512229],[138.71988058,35.32482467],[138.71998787,35.32429946],[138.72121096,35.3213407],[138.72155428,35.32069291],[138.72196198,35.32037776],[138.72318506,35.31985252],[138.72346401,35.31944983],[138.7235713,35.31880203],[138.72312069,35.31782155],[138.72307777,35.31755892],[138.7231636,35.31736633]],[[138.72764826,35.31736633],[138.72790575,35.31757643],[138.72852802,35.31773401],[138.7288928,35.31768148],[138.72938633,35.31736633]]]},"id":"gsi-12-3626-1617-road-8"},{"type":"Feature","properties":{"ftCode":2721,"motorway":0,"rnkWidth":0,"rdCtg":1,"tollSect":0,"source_layer":"road","kind":"road_centerline","bridge":false,"major":true},"geometry":{"type":"LineString","coordinates":[[138.74771118,35.38353945],[138.74760389,35.38332951],[138.74786139,35.38247229],[138.74779701,35.38224486],[138.74794722,35.38203492],[138.74786139,35.38149258],[138.74760389,35.38163254],[138.74728203,35.38168503],[138.74711037,35.38121267],[138.74702454,35.38116018],[138.74665976,35.38138762],[138.74655247,35.38096774],[138.74631643,35.38102023],[138.7462306,35.38074031],[138.74593019,35.38082778],[138.74577999,35.38058285],[138.74550104,35.38035542],[138.7455225,35.38012798],[138.74575853,35.37984806],[138.74593019,35.3793582],[138.74577999,35.37927072],[138.74535084,35.37918324],[138.74547958,35.37881584],[138.74487877,35.37871087],[138.74517918,35.37825599],[138.74468565,35.37837846],[138.74470711,35.3782035],[138.74438524,35.3782035],[138.743999,35.37811603],[138.7436986,35.37836096],[138.74359131,35.37825599],[138.74378443,35.3778361],[138.74372005,35.37771363],[138.74365568,35.37767864],[138.74350548,35.37776612],[138.7434411,35.37771363],[138.74339819,35.37766114],[138.74348402,35.37739871],[138.74341965,35.37734622],[138.74309778,35.37750368],[138.74303341,35.37746869],[138.74294758,35.37738121],[138.74301195,35.37699631],[138.74294758,35.37692632],[138.74284029,35.37696132],[138.74281883,35.37690883],[138.74290466,35.3766114],[138.74275446,35.37631397],[138.74277592,35.376174],[138.7431407,35.37585908],[138.74286175,35.37550916],[138.74296904,35.37515923],[138.74288321,35.37510675],[138.74269009,35.37512424],[138.74245405,35.37496678],[138.74249697,35.37477432],[138.74236822,35.37456436],[138.74211073,35.37447688],[138.74187469,35.37430192],[138.74178886,35.37433691],[138.74166012,35.37424943],[138.74150991,35.37426693],[138.74142408,35.37416195],[138.7416172,35.37386451],[138.74123096,35.37381202],[138.7410593,35.37365455],[138.74101639,35.37346209],[138.74118805,35.37307717],[138.74099493,35.37311216],[138.74108076,35.37300718],[138.74095201,35.37304217],[138.74099493,35.3728847],[138.74047995,35.37293719],[138.74015808,35.37286721],[138.74039412,35.37253477],[138.74037266,35.37248228],[138.73998642,35.37248228],[138.74007225,35.37230731],[138.73992205,35.37232481],[138.73998642,35.37214984],[138.73977184,35.37216734],[138.73992205,35.37199237],[138.73972893,35.37199237],[138.74000788,35.37157245],[138.73947144,35.37171242],[138.73893499,35.37151996],[138.7390852,35.37136248],[138.73865604,35.3712925],[138.73876333,35.37117002],[138.7390852,35.37111753],[138.73934269,35.37097755],[138.73925686,35.37089006],[138.73934269,35.3706801],[138.73895645,35.37057512],[138.73912811,35.37045264],[138.73899937,35.37034765],[138.73917103,35.3700852],[138.73904228,35.37001521],[138.73869896,35.36999771],[138.73878479,35.36973525],[138.73857021,35.36966526],[138.73859167,35.36952528],[138.73891354,35.36936781],[138.73912811,35.36912284],[138.73889208,35.36926282],[138.73882771,35.36924532],[138.73899937,35.36905285]]},"id":"gsi-12-3626-1617-road-9"},{"type":"Feature","properties":{"ftCode":2721,"motorway":0,"rnkWidth":0,"rdCtg":1,"tollSect":0,"source_layer":"road","kind":"road_centerline","bridge":false,"major":true},"geometry":{"type":"LineString","coordinates":[[138.74728203,35.38894501],[138.74730349,35.38892751]]},"id":"gsi-12-3626-1617-road-10"},{"type":"Feature","properties":{"ftCode":2721,"motorway":0,"rnkWidth":0,"rdCtg":1,"tollSect":0,"source_layer":"road","kind":"road_centerline","bridge":false,"major":true},"geometry":{"type":"LineString","coordinates":[[138.74730349,35.38892751],[138.74777555,35.38873509],[138.74751806,35.38863013],[138.74762535,35.38854266],[138.74751806,35.38849019],[138.74743223,35.38833275],[138.74764681,35.38836773],[138.74751806,35.38821029],[138.74756098,35.38812283],[138.74777555,35.38822779],[138.74786139,35.38821029],[138.74762535,35.3879304],[138.74764681,35.38787792],[138.74786139,35.38796539],[138.7479043,35.38791291],[138.74771118,35.38759802],[138.74773264,35.38754554],[138.74814034,35.38786043],[138.74822617,35.38780795],[138.74818325,35.38752805],[138.74835491,35.38742309],[138.74835491,35.38731813],[138.74792576,35.38723066],[138.74756098,35.38695077],[138.74758244,35.3868633],[138.74822617,35.38668836],[138.7479043,35.38647844],[138.7479043,35.38640846],[138.74807596,35.38628601],[138.74807596,35.38614606],[138.74820471,35.38612856],[138.74822617,35.3860236],[138.74809742,35.38591864],[138.7479043,35.38588365],[138.74762535,35.38558625],[138.74771118,35.38525387],[138.74751806,35.38507893],[138.74760389,35.38478153],[138.74771118,35.38353945]]},"id":"gsi-12-3626-1617-road-11"},{"type":"Feature","properties":{"ftCode":2721,"motorway":0,"rnkWidth":0,"rdCtg":1,"tollSect":0,"source_layer":"road","kind":"road_centerline","bridge":false,"major":true},"geometry":{"type":"LineString","coordinates":[[138.74730349,35.38418673],[138.74771118,35.38353945]]},"id":"gsi-12-3626-1617-road-12"},{"type":"Feature","properties":{"ftCode":2721,"motorway":0,"rnkWidth":0,"rdCtg":1,"tollSect":0,"source_layer":"road","kind":"road_centerline","bridge":false,"major":true},"geometry":{"type":"LineString","coordinates":[[138.73899937,35.36905285],[138.73869896,35.36882539],[138.73842001,35.36889538],[138.73839855,35.36866791],[138.73818398,35.3687554],[138.73818398,35.36859792],[138.7379694,35.36823047],[138.73771191,35.36852793],[138.73764753,35.36824797],[138.73745441,35.36845794],[138.7374115,35.36791551],[138.73732567,35.36779303],[138.73706818,35.36807299],[138.73698235,35.36786302],[138.73681068,35.3680205],[138.73672485,35.36775803],[138.73657465,35.36788051],[138.73646736,35.36754806],[138.73627424,35.36760055],[138.73627424,35.36747807],[138.73605967,35.36751306],[138.73599529,35.3672331],[138.73584509,35.36735558],[138.7357378,35.36711061],[138.73554468,35.3672331],[138.73554468,35.36707562],[138.73535156,35.36714561],[138.73530865,35.36691813],[138.73515844,35.36698813],[138.73511553,35.36681315],[138.73492241,35.36688314],[138.73487949,35.36663817],[138.73475075,35.36672566],[138.73466492,35.36644569],[138.73440742,35.36655068],[138.73427868,35.3663057],[138.73414993,35.3663932],[138.7340641,35.3663057],[138.73393536,35.3663057],[138.73367786,35.36602574],[138.73344183,35.36588575],[138.73344183,35.36562328],[138.7329483,35.36583326],[138.73296976,35.36571077]]},"id":"gsi-12-3626-1617-road-13"},{"type":"Feature","properties":{"ftCode":2721,"motorway":0,"rnkWidth":0,"rdCtg":1,"tollSect":0,"source_layer":"road","kind":"road_centerline","bridge":false,"major":true},"geometry":{"type":"LineString","coordinates":[[138.77846003,35.36655068],[138.77766609,35.36781052],[138.77749443,35.36819547],[138.77715111,35.36824797],[138.77695799,35.36819547],[138.77682924,35.36824797],[138.77637863,35.36859792],[138.77579927,35.3687554],[138.77552032,35.36891287],[138.77534866,35.36912284],[138.77521992,35.36910534],[138.7750268,35.36896537],[138.77483368,35.36898286],[138.77476931,35.36889538],[138.77464056,35.36886038],[138.77425432,35.36891287],[138.77337456,35.36856292],[138.77249479,35.36880789],[138.77118587,35.36964776],[138.7711215,35.36964776],[138.77110004,35.36945529],[138.77099276,35.36928032],[138.77084255,35.36924532],[138.77062798,35.36935031],[138.77039194,35.36964776],[138.76957655,35.36994522],[138.76794577,35.36964776],[138.76698017,35.36982274],[138.76622915,35.36947279],[138.76556396,35.36984023],[138.76511335,35.36959527],[138.76464128,35.36961277],[138.76444817,35.36952528],[138.76410484,35.36987523],[138.76404047,35.36987523],[138.76391172,35.36971775],[138.76374006,35.36984023],[138.76354694,35.36961277],[138.7634182,35.36963027],[138.76337528,35.36952528],[138.76328945,35.36954278],[138.76316071,35.36975275],[138.76296759,35.36973525],[138.76277447,35.36994522],[138.76266718,35.36994522],[138.76232386,35.36970026],[138.76204491,35.36992772],[138.76187325,35.36996271],[138.76172304,35.36975275],[138.76161575,35.36970026],[138.76152992,35.36989273],[138.76129389,35.36996271],[138.76122952,35.36991022],[138.76120806,35.36971775],[138.76107931,35.36973525],[138.76088619,35.36963027],[138.76075745,35.36970026],[138.76060724,35.36970026],[138.76054287,35.36957777],[138.76045704,35.36963027],[138.76017809,35.36954278],[138.7599206,35.36961277],[138.75983477,35.36956028],[138.75959873,35.36956028],[138.75938416,35.36964776],[138.75925541,35.36949029],[138.75912666,35.36952528],[138.75906229,35.36945529],[138.75889063,35.36957777],[138.75886917,35.36933281],[138.75869751,35.3694028],[138.75867605,35.36931531],[138.75856876,35.36933281],[138.75841856,35.36924532],[138.7582469,35.36935031],[138.7582469,35.36947279],[138.75792503,35.36977024],[138.75788212,35.36971775],[138.75764608,35.36975275],[138.75758171,35.36989273],[138.75710964,35.37017268],[138.75689507,35.37010269],[138.75683069,35.36996271],[138.75661612,35.37001521],[138.7567234,35.36980524],[138.7565732,35.36966526],[138.75650883,35.36971775],[138.75646591,35.36963027],[138.75605822,35.36936781],[138.75597239,35.36950778],[138.75577927,35.3693853],[138.75573635,35.36949029],[138.75562906,35.36945529],[138.75558615,35.36959527],[138.75550032,35.36961277],[138.75541449,35.36947279],[138.7553072,35.36954278],[138.75522137,35.36950778],[138.75507116,35.36966526],[138.75498533,35.36964776],[138.75487804,35.36950778],[138.75479221,35.36950778],[138.7547493,35.36963027],[138.75416994,35.36987523],[138.75393391,35.36984023],[138.75389099,35.36966526],[138.75371933,35.36964776],[138.75359058,35.36952528],[138.75341892,35.36964776],[138.75296831,35.36952528],[138.75290394,35.36954278],[138.7529254,35.36978774],[138.75271082,35.36992772],[138.75262499,35.36994522],[138.75253916,35.36984023],[138.75221729,35.36999771],[138.75202417,35.36985773],[138.7519598,35.36970026],[138.75183105,35.36977024],[138.75148773,35.3694378],[138.75138044,35.36957777],[138.75129461,35.36949029],[138.75123024,35.36950778],[138.75108004,35.36973525],[138.75095129,35.36961277],[138.75071526,35.36992772],[138.75060797,35.36989273],[138.75056505,35.36978774],[138.75050068,35.36985773],[138.75043631,35.36978774],[138.75024319,35.36999771],[138.7501359,35.3700327],[138.74985695,35.36989273],[138.74968529,35.36992772],[138.74962091,35.36963027],[138.74951363,35.36947279],[138.74929905,35.36968276],[138.74880552,35.36964776],[138.74878407,35.36908785],[138.74859095,35.36884288],[138.74841928,35.36893037],[138.74833345,35.36905285],[138.74768972,35.36919283],[138.7473464,35.36917533],[138.74715328,35.36945529],[138.74700308,35.36921033],[138.74674559,35.36929782],[138.74659538,35.36901786],[138.74631643,35.36900036],[138.74620914,35.36905285],[138.74605894,35.36900036],[138.74599457,35.36907035],[138.74590874,35.36905285],[138.74584436,35.36914034],[138.74577999,35.36903535],[138.74569416,35.36914034],[138.7455225,35.36903535],[138.74543667,35.36921033],[138.74526501,35.36908785],[138.74520063,35.36915784],[138.74509335,35.36908785],[138.74502897,35.36919283],[138.7449646,35.36912284],[138.74483585,35.36922783],[138.74462128,35.36908785],[138.74442816,35.36915784],[138.74417067,35.36886038],[138.74365568,35.36935031],[138.74346256,35.36945529],[138.74337673,35.36936781],[138.74303341,35.36936781],[138.74294758,35.36928032],[138.74284029,35.36928032],[138.742733,35.36910534],[138.74256134,35.36914034],[138.74243259,35.36908785],[138.74234676,35.36914034],[138.74223948,35.36910534],[138.74183178,35.36945529],[138.74168158,35.36915784],[138.74142408,35.36889538],[138.74112368,35.36922783],[138.74078035,35.36882539],[138.73981476,35.36851043],[138.73966455,35.36851043],[138.7393856,35.36887788],[138.73910666,35.36858042],[138.7390852,35.36898286],[138.73899937,35.36905285]]},"id":"gsi-12-3626-1617-road-14"},{"type":"Feature","properties":{"ftCode":2721,"motorway":0,"rnkWidth":0,"rdCtg":1,"tollSect":0,"source_layer":"road","kind":"road_centerline","bridge":false,"major":true},"geometry":{"type":"LineString","coordinates":[[138.77929688,35.33905664],[138.77901793,35.33921418],[138.77856731,35.33914416],[138.77822399,35.33937171],[138.77800941,35.33928419],[138.77790213,35.3393017],[138.77775192,35.33944173],[138.7772584,35.33940672],[138.77702236,35.33963427],[138.77657175,35.3397918],[138.77627134,35.33966928],[138.77592802,35.33987932],[138.77552032,35.33980931],[138.77534866,35.33993183],[138.77500534,35.33989683],[138.77479076,35.34001935],[138.77464056,35.33993183],[138.77427578,35.34014188],[138.77399683,35.34003686],[138.77382517,35.34014188],[138.77352476,35.34005436],[138.77322435,35.34019439],[138.77283812,35.34003686],[138.772645,35.3402294],[138.77228022,35.34019439],[138.77150774,35.34098205],[138.77127171,35.34134963],[138.77094984,35.34210227],[138.77071381,35.34208477],[138.77047777,35.3427849],[138.77039194,35.3428024],[138.76989841,35.34259236],[138.76979113,35.34262737],[138.7692976,35.34332749],[138.76895428,35.34313496],[138.76876116,35.34364255],[138.76856804,35.3439401],[138.76848221,35.3439576],[138.76813889,35.34373006],[138.76805305,35.34392259],[138.76798868,35.3439401],[138.76730204,35.34360754],[138.76700163,35.34429015],[138.76693726,35.34432516],[138.76610041,35.34411513],[138.76569271,35.3445527],[138.76558542,35.34490275],[138.76549959,35.34492025],[138.76519918,35.34481524],[138.76507044,35.34497276],[138.76479149,35.34486775],[138.76461983,35.34497276],[138.76440525,35.34492025],[138.76429796,35.34495526],[138.76380444,35.34563786],[138.76365423,35.34562036],[138.76331091,35.34542783],[138.76202345,35.34733559],[138.76178741,35.3482807],[138.76165867,35.34854323],[138.76137972,35.34842072],[138.76125097,35.34866574],[138.76095057,35.34852573],[138.76073599,35.34885826],[138.76043558,35.34873575],[138.76004934,35.3492258],[138.75962019,35.34903328],[138.75921249,35.34961084],[138.7588048,35.34941832],[138.75869751,35.34941832],[138.75848293,35.34996087],[138.75794649,35.34976835],[138.75773191,35.35020589],[138.75663757,35.34989086],[138.75640154,35.3503459],[138.75631571,35.35038091],[138.75577927,35.3502409],[138.7556076,35.35080094],[138.75519991,35.35064343],[138.7553072,35.35115097],[138.75509262,35.35181602],[138.75502825,35.35186852],[138.75479221,35.35172851],[138.75462055,35.35221854],[138.75438452,35.35256857],[138.75406265,35.35223605],[138.75352621,35.35190352],[138.75296831,35.3532511],[138.75279665,35.35305859],[138.7515521,35.35249856],[138.75138044,35.35298859],[138.75116587,35.35284858],[138.75110149,35.3531986],[138.75097275,35.3531811],[138.75043631,35.35279608],[138.75032902,35.3532861],[138.75041485,35.35363612],[138.75035048,35.35370612],[138.75009298,35.35354862],[138.74979258,35.35302359],[138.74932051,35.35276108],[138.74925613,35.35277858],[138.74923468,35.35298859],[138.74908447,35.35281358],[138.7490201,35.35281358],[138.74893427,35.3531286],[138.74863386,35.35293609],[138.74856949,35.3532161],[138.748312,35.35305859],[138.74826908,35.35337361],[138.74816179,35.35354862],[138.74786139,35.3532511],[138.7477541,35.35363612],[138.74771118,35.35365362],[138.74745369,35.35342611],[138.74738932,35.35367112],[138.7473464,35.35370612],[138.74717474,35.35360112],[138.74713182,35.35381113],[138.74702454,35.35386363],[138.74655247,35.35351362],[138.74646664,35.35353112],[138.74644518,35.35384613],[138.74620914,35.35374113],[138.74590874,35.35424865],[138.74556541,35.35407364],[138.74550104,35.35424865],[138.74541521,35.35423115],[138.74526501,35.35417864],[138.74524355,35.35409114],[138.74507189,35.35438865],[138.7449646,35.35438865],[138.74475002,35.35396864],[138.74361277,35.35339111],[138.74277592,35.35265607],[138.74221802,35.35246356],[138.74213219,35.35207854],[138.74183178,35.35204353],[138.74181032,35.35218354],[138.74138117,35.35221854],[138.7413168,35.35258607],[138.74112368,35.35246356],[138.7410593,35.35248106],[138.7410593,35.35260357],[138.74093056,35.35277858],[138.74045849,35.35267357],[138.7405014,35.35290108],[138.74026537,35.35284858],[138.74028683,35.35295359],[138.74011517,35.35293609],[138.74015808,35.35342611],[138.74009371,35.35354862],[138.73998642,35.35337361],[138.73985767,35.35330361],[138.73968601,35.35347861],[138.73947144,35.35344361],[138.73960018,35.35358362],[138.73962164,35.35370612],[138.73960018,35.35384613],[138.73940706,35.35377613],[138.7393856,35.35438865],[138.73921394,35.35423115],[138.73919249,35.35438865],[138.73899937,35.35428365],[138.73904228,35.35445865],[138.73891354,35.35438865],[138.73891354,35.35459866],[138.73848438,35.35433615],[138.73842001,35.35435365],[138.73869896,35.35479117],[138.73865604,35.35510618],[138.73872042,35.35526368],[138.73846292,35.35521118],[138.73846292,35.35543868],[138.73835564,35.35543868],[138.73835564,35.35578869],[138.73794794,35.35554369],[138.73788357,35.35589369],[138.73743296,35.35554369],[138.73734713,35.35554369],[138.73711109,35.3560337],[138.73698235,35.35601619],[138.7368536,35.35571869],[138.7367034,35.35571869],[138.73659611,35.35580619],[138.73586655,35.35601619],[138.73569489,35.35601619],[138.73580217,35.3561912],[138.73571634,35.3562087],[138.73578072,35.3563312],[138.73543739,35.3563487],[138.73556614,35.3565937],[138.73543739,35.3566637],[138.73522282,35.3566812],[138.7351799,35.3567337],[138.73526573,35.3568212],[138.73524427,35.3568912],[138.73496532,35.3568912],[138.73505116,35.35710121],[138.73475075,35.35710121],[138.73475075,35.35729371],[138.73455763,35.35725871],[138.73453617,35.35743371],[138.73432159,35.35741621],[138.73436451,35.35755621],[138.73414993,35.35750371],[138.73417139,35.3576612],[138.73389244,35.3576437],[138.73393536,35.3577837],[138.73384953,35.3578187],[138.73344183,35.3577137],[138.73363495,35.3582912],[138.73342037,35.3582562],[138.73344183,35.3583962],[138.73316288,35.3583437],[138.73314142,35.3584662],[138.73324871,35.35869369],[138.73305559,35.35867619],[138.73301268,35.35876369],[138.73314142,35.35892119],[138.73292685,35.35897369],[138.73309851,35.35907869],[138.73331308,35.35934118],[138.73204708,35.35939368],[138.73174667,35.35956867],[138.73161793,35.35974367]]},"id":"gsi-12-3626-1617-road-15"},{"type":"Feature","properties":{"ftCode":2701,"motorway":9,"rnkWidth":2,"rdCtg":1,"tollSect":9,"source_layer":"road","kind":"road_centerline","bridge":false,"major":true},"geometry":{"type":"LineString","coordinates":[[138.77846003,35.36655068],[138.77854586,35.3663232],[138.77856731,35.36590325],[138.77865314,35.36571077],[138.77886772,35.36553579],[138.7790823,35.36560578],[138.77929688,35.36641067]]},"id":"gsi-12-3626-1617-road-16"},{"type":"Feature","properties":{"ftCode":2701,"motorway":9,"rnkWidth":2,"rdCtg":0,"tollSect":9,"source_layer":"road","kind":"road_centerline","bridge":false,"major":true},"geometry":{"type":"LineString","coordinates":[[138.69140625,35.25324175],[138.69220018,35.25338193],[138.69273663,35.25341698],[138.6935091,35.25329432],[138.69423866,35.25301396],[138.6967063,35.25148948],[138.69715691,35.25110398],[138.69805813,35.25007011],[138.69855165,35.24966708],[138.69932413,35.24924652],[138.70016098,35.24901871],[138.70434523,35.24873834],[138.70475292,35.24877338],[138.70535374,35.24898367],[138.70556831,35.24900119],[138.70707035,35.24905376],[138.70756388,35.24896614]]},"id":"gsi-12-3626-1618-road-0"},{"type":"Feature","properties":{"ftCode":2701,"motorway":9,"rnkWidth":2,"rdCtg":1,"tollSect":9,"source_layer":"road","kind":"road_centerline","bridge":false,"major":true},"geometry":{"type":"LineString","coordinates":[[138.69932413,35.24924652],[138.6992383,35.24908881],[138.6990881,35.24898367],[138.69835854,35.24861567],[138.69715691,35.24854558],[138.69659901,35.24837034],[138.69571924,35.2479673],[138.69490385,35.24794978],[138.69432449,35.24751168],[138.69284391,35.24698597],[138.69260788,35.24677568],[138.69200706,35.24593453],[138.69142772,35.24561909]]},"id":"gsi-12-3626-1618-road-1"},{"type":"Feature","properties":{"ftCode":2701,"motorway":9,"rnkWidth":2,"rdCtg":1,"tollSect":9,"source_layer":"road","kind":"road_centerline","bridge":false,"major":true},"geometry":{"type":"MultiLineString","coordinates":[[[138.7231636,35.31736633],[138.72361422,35.31701616],[138.72402191,35.31687609],[138.72421503,35.31687609],[138.72498751,35.31722626],[138.72522354,35.3173138],[138.7253952,35.3173138],[138.7263608,35.31680605],[138.72666121,35.31680605],[138.72704744,35.31689359],[138.72739077,35.3171037],[138.72764826,35.31736633]],[[138.72938633,35.31736633],[138.73129606,35.31628079],[138.7316823,35.31617573],[138.73331308,35.31612321],[138.73402119,35.31593061],[138.73563051,35.31507266],[138.73668194,35.31423222],[138.73687506,35.31414467],[138.73749733,35.31409214],[138.73777628,35.3140046],[138.73842001,35.31339177],[138.73893499,35.31304158],[138.73955727,35.31277893],[138.74071598,35.31255131],[138.74144554,35.31209605],[138.74172449,35.31174586],[138.74219656,35.31085285],[138.74221802,35.31066024],[138.74204636,35.31002987],[138.74215364,35.30978473],[138.74241114,35.30953958],[138.74322653,35.30904929],[138.7434411,35.30882165],[138.74346256,35.30857651],[138.74318361,35.30794612],[138.74320507,35.307736],[138.74339819,35.30735076],[138.7432909,35.30665032],[138.74333382,35.30624757],[138.74352694,35.30589735],[138.74380589,35.3056697],[138.74505043,35.30517939],[138.74535084,35.30498676],[138.74560833,35.30472409],[138.74597311,35.3039711],[138.74616623,35.30372594],[138.74650955,35.30348078],[138.74726057,35.30332317],[138.74841928,35.3029204],[138.74897718,35.3029204],[138.74987841,35.30302547],[138.75002861,35.30260519]]]},"id":"gsi-12-3626-1618-road-2"},{"type":"Feature","properties":{"ftCode":2701,"motorway":9,"rnkWidth":2,"rdCtg":1,"tollSect":9,"source_layer":"road","kind":"road_centerline","bridge":false,"major":true},"geometry":{"type":"LineString","coordinates":[[138.69140625,35.29945299],[138.6922431,35.29933041],[138.69262934,35.29913777],[138.69365931,35.29845477],[138.69417429,35.29829716],[138.69475365,35.29824462],[138.69580507,35.29829716],[138.69728565,35.29787685],[138.70153427,35.29714131],[138.70284319,35.29652835],[138.70498896,35.296073],[138.70657682,35.29512728],[138.70696306,35.29493463],[138.70728493,35.29484707],[138.70779991,35.29482955],[138.70966673,35.29503971],[138.71076107,35.29505723],[138.71335745,35.29456685],[138.7137866,35.29453182],[138.71430159,35.29465442],[138.71473074,35.29500469],[138.7160182,35.29691364],[138.71760607,35.29950553],[138.71844292,35.300171],[138.71900082,35.30038115],[138.72108221,35.30074891],[138.72185469,35.30097657],[138.72606039,35.30267523],[138.72681141,35.30274528],[138.72797012,35.30257016],[138.72919321,35.30283284],[138.73015881,35.30286786],[138.73093128,35.30253514],[138.73166084,35.30237753],[138.7322402,35.30239504],[138.73324871,35.30258768],[138.73387098,35.30260519],[138.73582363,35.30225495],[138.73760462,35.30236002],[138.73792648,35.30230749],[138.74067307,35.30139686],[138.74118805,35.30132681],[138.74178886,35.30137935],[138.74247551,35.30160701],[138.74380589,35.30237753],[138.74436378,35.30253514],[138.74477148,35.30253514],[138.74685287,35.30225495],[138.74781847,35.30220241],[138.75002861,35.30260519]]},"id":"gsi-12-3626-1618-road-3"},{"type":"Feature","properties":{"ftCode":2701,"motorway":9,"rnkWidth":2,"rdCtg":1,"tollSect":9,"source_layer":"road","kind":"road_centerline","bridge":false,"major":true},"geometry":{"type":"LineString","coordinates":[[138.69895935,35.24663549],[138.699646,35.2476694],[138.70026827,35.24821263],[138.70031118,35.24844044],[138.70016098,35.24901871]]},"id":"gsi-12-3626-1618-road-4"},{"type":"Feature","properties":{"ftCode":2703,"motorway":9,"rnkWidth":2,"rdCtg":0,"tollSect":9,"source_layer":"road","kind":"road_centerline","bridge":true,"major":true},"geometry":{"type":"LineString","coordinates":[[138.70756388,35.24896614],[138.70795012,35.248861]]},"id":"gsi-12-3626-1618-road-5"},{"type":"Feature","properties":{"ftCode":2701,"motorway":9,"rnkWidth":2,"rdCtg":0,"tollSect":9,"source_layer":"road","kind":"road_centerline","bridge":false,"major":true},"geometry":{"type":"LineString","coordinates":[[138.70795012,35.248861],[138.70850801,35.24872081]]},"id":"gsi-12-3626-1618-road-6"},{"type":"Feature","properties":{"ftCode":2703,"motorway":9,"rnkWidth":2,"rdCtg":0,"tollSect":9,"source_layer":"road","kind":"road_centerline","bridge":true,"major":true},"geometry":{"type":"LineString","coordinates":[[138.70850801,35.24872081],[138.70882988,35.24861567]]},"id":"gsi-12-3626-1618-road-7"},{"type":"Feature","properties":{"ftCode":2701,"motorway":9,"rnkWidth":2,"rdCtg":1,"tollSect":9,"source_layer":"road","kind":"road_centerline","bridge":false,"major":true},"geometry":{"type":"LineString","coordinates":[[138.75002861,35.30260519],[138.750844,35.30283284],[138.75174522,35.30325312],[138.75206709,35.30328815],[138.7523675,35.30314805],[138.75273228,35.30285035],[138.7529254,35.30244758],[138.75305414,35.30195725],[138.75324726,35.30160701],[138.75350475,35.30141437],[138.75404119,35.3011692],[138.75447035,35.30115169],[138.7548995,35.30136184],[138.75627279,35.30227246],[138.7565732,35.3026227],[138.75689507,35.30320059],[138.7571311,35.3033757],[138.75734568,35.30342824],[138.75949144,35.30353331],[138.75994205,35.30362087],[138.76028538,35.30383101],[138.76090765,35.30468907],[138.76107931,35.30482916],[138.7613368,35.30491672],[138.76343966,35.30500428],[138.76376152,35.30509183],[138.76567125,35.30589735],[138.76618624,35.30600241],[138.767066,35.30603744],[138.76953363,35.30594988],[138.77024174,35.30610748],[138.77155066,35.30659779],[138.77315998,35.30672037],[138.77354622,35.30687797],[138.77547741,35.30805119],[138.77577782,35.30845393],[138.77612114,35.30929444],[138.77637863,35.30950456],[138.77758026,35.31018746],[138.77929688,35.31073028]]},"id":"gsi-12-3626-1618-road-8"},{"type":"Feature","properties":{"ftCode":2701,"motorway":9,"rnkWidth":1,"rdCtg":1,"tollSect":9,"source_layer":"road","kind":"road_centerline","bridge":false,"major":true},"geometry":{"type":"LineString","coordinates":[[138.69799376,35.24561909],[138.69895935,35.24663549]]},"id":"gsi-12-3626-1618-road-9"},{"type":"Feature","properties":{"ftCode":2701,"motorway":9,"rnkWidth":2,"rdCtg":6,"tollSect":1,"source_layer":"road","kind":"road_centerline","bridge":false,"major":true},"geometry":{"type":"MultiLineString","coordinates":[[[138.77182961,35.3066153],[138.77232313,35.3042688],[138.77228022,35.30400612],[138.7716794,35.30299045],[138.77133608,35.30186969],[138.77116442,35.30167705],[138.7709713,35.30153696],[138.77069235,35.30146691],[138.7694478,35.30136184],[138.76904011,35.30120423],[138.76869678,35.30095906],[138.76854658,35.30076642],[138.76768827,35.29871746],[138.76775265,35.29827964],[138.76848221,35.29680856],[138.76846075,35.29644078],[138.76828909,35.29617808],[138.76715183,35.29523236],[138.76708746,35.29503971],[138.76713037,35.29479453],[138.76725912,35.29465442],[138.7674737,35.29456685],[138.76959801,35.29407647],[138.77116442,35.29421658],[138.77144337,35.29435669],[138.77240896,35.29517982],[138.7740612,35.29600295],[138.77438307,35.29610803],[138.77455473,35.29609052],[138.77470493,35.29598544],[138.77474785,35.29570522],[138.77449036,35.2950222],[138.77425432,35.29395387],[138.77386808,35.29283299],[138.77393246,35.29258779],[138.77427578,35.29244768],[138.77521992,35.29255276],[138.77541304,35.29262282],[138.77567053,35.29278044],[138.77637863,35.29351603],[138.7767005,35.29351603],[138.77687216,35.29339343],[138.77693653,35.29321829],[138.77687216,35.29218497],[138.7767005,35.2918522],[138.77577782,35.29090643],[138.77571344,35.29073128],[138.77579927,35.29059117],[138.77599239,35.29050359],[138.77633572,35.29052111],[138.77773046,35.29143186],[138.77807379,35.29144937],[138.77929688,35.29129174]],[[138.77929688,35.28969793],[138.77676487,35.28885722],[138.77655029,35.28861201],[138.77650738,35.28827923],[138.77663612,35.28806905],[138.77835274,35.28740347],[138.77854586,35.28710572],[138.77854586,35.28691305],[138.77833128,35.28670287],[138.77809525,35.28661529],[138.77715111,35.2865102],[138.7770009,35.28640511],[138.77697945,35.28558188],[138.77689362,35.28533666],[138.77672195,35.28507393],[138.77607822,35.28440833],[138.77597094,35.28423317],[138.77590656,35.28379528],[138.77592802,35.28237647],[138.77599239,35.2821838],[138.77612114,35.2820787],[138.77663612,35.28200863],[138.77929688,35.28235896]]]},"id":"gsi-12-3626-1618-road-10"},{"type":"Feature","properties":{"ftCode":2701,"motorway":9,"rnkWidth":2,"rdCtg":0,"tollSect":9,"source_layer":"road","kind":"road_centerline","bridge":false,"major":true},"geometry":{"type":"MultiLineString","coordinates":[[[138.70882988,35.24861567],[138.71138334,35.2475993],[138.71325016,35.24705606],[138.71404409,35.24672311],[138.7147522,35.24630253],[138.71554613,35.24561909]],[[138.72616771,35.24561909],[138.7274766,35.24582938],[138.72839928,35.24610977],[138.72951508,35.24663549],[138.73050213,35.24731892],[138.7311244,35.24763435],[138.73174667,35.24786216],[138.73228312,35.24798482],[138.73299122,35.24805492],[138.73378515,35.24805492],[138.73483658,35.24794978],[138.7362957,35.24758178],[138.73672485,35.24738902],[138.73715401,35.24709111],[138.73831272,35.24610977],[138.73897791,35.24577681],[138.73960016,35.24561909]],[[138.76554252,35.24561909],[138.76582146,35.24575929],[138.76646519,35.24633758],[138.76899719,35.2476694],[138.76976967,35.24801987],[138.77191544,35.24875586],[138.77442598,35.24970212],[138.77498388,35.24982479],[138.77562761,35.24985983],[138.77618551,35.24996497],[138.77929688,35.25238314]]]},"id":"gsi-12-3626-1618-road-11"},{"type":"Feature","properties":{"ftCode":2701,"motorway":9,"rnkWidth":2,"rdCtg":1,"tollSect":9,"source_layer":"road","kind":"road_centerline","bridge":false,"major":true},"geometry":{"type":"LineString","coordinates":[[138.69142772,35.24561909],[138.69142771,35.24561909],[138.69140625,35.24560157]]},"id":"gsi-12-3626-1619-road-0"},{"type":"Feature","properties":{"ftCode":2701,"motorway":9,"rnkWidth":1,"rdCtg":1,"tollSect":9,"source_layer":"road","kind":"road_centerline","bridge":false,"major":true},"geometry":{"type":"LineString","coordinates":[[138.6932626,35.24],[138.69329453,35.24002869],[138.69468927,35.24090495],[138.6961484,35.24351617],[138.69651318,35.24433982],[138.69689941,35.24462021],[138.69732857,35.24481298],[138.69799376,35.24561909]]},"id":"gsi-12-3626-1619-road-5"},{"type":"Feature","properties":{"ftCode":2701,"motorway":9,"rnkWidth":2,"rdCtg":0,"tollSect":9,"source_layer":"road","kind":"road_centerline","bridge":false,"major":true},"geometry":{"type":"MultiLineString","coordinates":[[[138.71554613,35.24561909],[138.71614695,35.24504079],[138.71664047,35.24465526],[138.71704817,35.24442744],[138.71812105,35.24412953],[138.7188077,35.24409448],[138.72136116,35.24437487],[138.72213364,35.24453259],[138.72421503,35.24537376],[138.72498751,35.245549],[138.72616768,35.24561909],[138.72616771,35.24561909]],[[138.73960016,35.24561909],[138.73960018,35.24561909],[138.74196053,35.24509337],[138.74348402,35.24463773],[138.74393463,35.24439239],[138.74672413,35.24221933],[138.74738932,35.24176368],[138.74863386,35.24118536],[138.75227731,35.24]],[[138.7555991,35.24],[138.75582218,35.24034415],[138.75614405,35.2405194],[138.75670195,35.24064208],[138.75721693,35.24088743],[138.7588048,35.24137813],[138.76054287,35.24223686],[138.76110077,35.24258736],[138.76144409,35.24299043],[138.76195908,35.2441821],[138.76232386,35.24439239],[138.76554251,35.24561909],[138.76554252,35.24561909]]]},"id":"gsi-12-3626-1619-road-29"},{"type":"Feature","properties":{"ftCode":2704,"motorway":1,"rnkWidth":2,"rdCtg":3,"tollSect":1,"source_layer":"road","kind":"road_centerline","bridge":false,"major":true},"geometry":{"type":"LineString","coordinates":[[138.80408352,35.61],[138.80506754,35.60902228],[138.80611897,35.60834191],[138.80719185,35.60778366],[138.80832911,35.60738241],[138.80965948,35.6069986]]},"id":"gsi-12-3627-1613-road-37"},{"type":"Feature","properties":{"ftCode":2701,"motorway":9,"rnkWidth":1,"rdCtg":1,"tollSect":9,"source_layer":"road","kind":"road_centerline","bridge":false,"major":true},"geometry":{"type":"LineString","coordinates":[[138.79333019,35.60651012],[138.79369497,35.60645778],[138.79436016,35.60623099],[138.79455328,35.60624843],[138.79461765,35.60633566],[138.79457474,35.60642289],[138.7941885,35.60644034],[138.79352331,35.60663224],[138.79345894,35.60682415],[138.79356623,35.60685904],[138.79408121,35.60659735],[138.7947464,35.60659735],[138.79491806,35.60666713],[138.79508972,35.60685904],[138.79536867,35.60738241],[138.79560471,35.60748708],[138.79569054,35.60739985],[138.79575491,35.60656246],[138.7960124,35.6061961],[138.79631281,35.60612631],[138.79648447,35.6061961],[138.79661322,35.60633566],[138.79661322,35.60663224],[138.79676342,35.60698116],[138.79629135,35.60720795],[138.79588366,35.60783599],[138.79573345,35.60792322],[138.79560471,35.60792322],[138.79502535,35.60759176],[138.79457474,35.60750453],[138.79414558,35.60752197],[138.79386663,35.60790578],[138.79367352,35.60788833],[138.79309416,35.60766154],[138.79283667,35.60771388],[138.79193544,35.60858615],[138.79144192,35.60869082],[138.79086256,35.60924907],[138.7908411,35.60947586],[138.79114151,35.60973754],[138.79122734,35.60994688],[138.79122734,35.61]]},"id":"gsi-12-3627-1613-road-39"},{"type":"Feature","properties":{"ftCode":2704,"motorway":1,"rnkWidth":2,"rdCtg":3,"tollSect":1,"source_layer":"road","kind":"road_centerline","bridge":false,"major":true},"geometry":{"type":"LineString","coordinates":[[138.80976677,35.60649268],[138.80843639,35.60685904],[138.80684853,35.60753942],[138.80536795,35.6084117],[138.80433798,35.60919673],[138.80353042,35.61]]},"id":"gsi-12-3627-1613-road-40"},{"type":"Feature","properties":{"ftCode":2704,"motorway":9,"rnkWidth":2,"rdCtg":0,"tollSect":9,"source_layer":"road","kind":"road_centerline","bridge":false,"major":true},"geometry":{"type":"LineString","coordinates":[[138.8026473,35.61],[138.80360842,35.60762665]]},"id":"gsi-12-3627-1613-road-41"},{"type":"Feature","properties":{"ftCode":2703,"motorway":9,"rnkWidth":1,"rdCtg":1,"tollSect":9,"source_layer":"road","kind":"road_centerline","bridge":true,"major":true},"geometry":{"type":"LineString","coordinates":[[138.79333019,35.60651012],[138.79313707,35.60630077]]},"id":"gsi-12-3627-1613-road-42"},{"type":"Feature","properties":{"ftCode":2701,"motorway":9,"rnkWidth":2,"rdCtg":0,"tollSect":9,"source_layer":"road","kind":"road_centerline","bridge":false,"major":true},"geometry":{"type":"LineString","coordinates":[[138.80360842,35.60762665],[138.80457401,35.60516678],[138.80448818,35.60466084],[138.8039732,35.60371874]]},"id":"gsi-12-3627-1613-road-43"},{"type":"Feature","properties":{"ftCode":2701,"motorway":9,"rnkWidth":2,"rdCtg":0,"tollSect":9,"source_layer":"road","kind":"road_centerline","bridge":false,"major":true},"geometry":{"type":"LineString","coordinates":[[138.81242752,35.60541103],[138.81094694,35.60525401],[138.80974531,35.60493998],[138.80832911,35.60500977],[138.80768538,35.60490509],[138.80684853,35.60459106],[138.806355,35.60427702],[138.80577564,35.60371874]]},"id":"gsi-12-3627-1613-road-44"},{"type":"Feature","properties":{"ftCode":2702,"motorway":1,"rnkWidth":2,"rdCtg":3,"tollSect":1,"source_layer":"road","kind":"road_centerline","bridge":false,"major":true},"geometry":{"type":"LineString","coordinates":[[138.80965948,35.6069986],[138.81006718,35.60689393]]},"id":"gsi-12-3627-1613-road-45"},{"type":"Feature","properties":{"ftCode":2702,"motorway":1,"rnkWidth":2,"rdCtg":3,"tollSect":1,"source_layer":"road","kind":"road_centerline","bridge":false,"major":true},"geometry":{"type":"LineString","coordinates":[[138.81023884,35.60640545],[138.80976677,35.60649268]]},"id":"gsi-12-3627-1613-road-46"},{"type":"Feature","properties":{"ftCode":2704,"motorway":1,"rnkWidth":2,"rdCtg":3,"tollSect":1,"source_layer":"road","kind":"road_centerline","bridge":false,"major":true},"geometry":{"type":"LineString","coordinates":[[138.81006718,35.60689393],[138.81122589,35.60666713],[138.81298542,35.60642289],[138.81365061,35.606388]]},"id":"gsi-12-3627-1613-road-47"},{"type":"Feature","properties":{"ftCode":2704,"motorway":1,"rnkWidth":2,"rdCtg":3,"tollSect":1,"source_layer":"road","kind":"road_centerline","bridge":false,"major":true},"geometry":{"type":"LineString","coordinates":[[138.81309271,35.60614376],[138.81122589,35.60624843],[138.81023884,35.60640545]]},"id":"gsi-12-3627-1613-road-48"},{"type":"Feature","properties":{"ftCode":2703,"motorway":9,"rnkWidth":2,"rdCtg":0,"tollSect":9,"source_layer":"road","kind":"road_centerline","bridge":true,"major":true},"geometry":{"type":"LineString","coordinates":[[138.81313562,35.60549826],[138.81242752,35.60541103]]},"id":"gsi-12-3627-1613-road-49"},{"type":"Feature","properties":{"ftCode":2701,"motorway":1,"rnkWidth":2,"rdCtg":3,"tollSect":1,"source_layer":"road","kind":"road_centerline","bridge":false,"major":true},"geometry":{"type":"LineString","coordinates":[[138.81365061,35.606388],[138.81727695,35.60656246],[138.81729841,35.60651012],[138.81729841,35.60644034],[138.81571054,35.60630077],[138.81309271,35.60614376]]},"id":"gsi-12-3627-1613-road-50"},{"type":"Feature","properties":{"ftCode":2701,"motorway":9,"rnkWidth":2,"rdCtg":0,"tollSect":9,"source_layer":"road","kind":"road_centerline","bridge":false,"major":true},"geometry":{"type":"LineString","coordinates":[[138.81882191,35.60521912],[138.81832838,35.60569016],[138.81794214,35.60584718],[138.81313562,35.60549826]]},"id":"gsi-12-3627-1613-road-51"},{"type":"Feature","properties":{"ftCode":2701,"motorway":1,"rnkWidth":4,"rdCtg":3,"tollSect":1,"source_layer":"road","kind":"road_centerline","bridge":false,"major":true},"geometry":{"type":"LineString","coordinates":[[138.81729841,35.60651012],[138.81850004,35.60656246],[138.8201952,35.60647523],[138.82199764,35.6061612]]},"id":"gsi-12-3627-1613-road-52"},{"type":"Feature","properties":{"ftCode":2703,"motorway":9,"rnkWidth":2,"rdCtg":0,"tollSect":9,"source_layer":"road","kind":"road_centerline","bridge":true,"major":true},"geometry":{"type":"LineString","coordinates":[[138.81905794,35.60499232],[138.81882191,35.60521912]]},"id":"gsi-12-3627-1613-road-53"},{"type":"Feature","properties":{"ftCode":2703,"motorway":1,"rnkWidth":4,"rdCtg":3,"tollSect":1,"source_layer":"road","kind":"road_centerline","bridge":true,"major":true},"geometry":{"type":"LineString","coordinates":[[138.82199764,35.6061612],[138.82261992,35.60600419]]},"id":"gsi-12-3627-1613-road-54"},{"type":"Feature","properties":{"ftCode":2701,"motorway":1,"rnkWidth":4,"rdCtg":3,"tollSect":1,"source_layer":"road","kind":"road_centerline","bridge":false,"major":true},"geometry":{"type":"LineString","coordinates":[[138.82261992,35.60600419],[138.82392883,35.6057425]]},"id":"gsi-12-3627-1613-road-55"},{"type":"Feature","properties":{"ftCode":2703,"motorway":1,"rnkWidth":4,"rdCtg":3,"tollSect":1,"source_layer":"road","kind":"road_centerline","bridge":true,"major":true},"geometry":{"type":"LineString","coordinates":[[138.82392883,35.6057425],[138.8248086,35.60565527]]},"id":"gsi-12-3627-1613-road-56"},{"type":"Feature","properties":{"ftCode":2701,"motorway":1,"rnkWidth":4,"rdCtg":3,"tollSect":1,"source_layer":"road","kind":"road_centerline","bridge":false,"major":true},"geometry":{"type":"LineString","coordinates":[[138.8248086,35.60565527],[138.82601023,35.60569016]]},"id":"gsi-12-3627-1613-road-57"},{"type":"Feature","properties":{"ftCode":2701,"motorway":9,"rnkWidth":2,"rdCtg":0,"tollSect":9,"source_layer":"road","kind":"road_centerline","bridge":false,"major":true},"geometry":{"type":"LineString","coordinates":[[138.83191109,35.60436426],[138.83150339,35.60424213],[138.83021593,35.60418979],[138.82613897,35.6043817],[138.82364988,35.6041549],[138.81931543,35.60481786],[138.81905794,35.60499232]]},"id":"gsi-12-3627-1613-road-58"},{"type":"Feature","properties":{"ftCode":2703,"motorway":1,"rnkWidth":4,"rdCtg":3,"tollSect":1,"source_layer":"road","kind":"road_centerline","bridge":true,"major":true},"geometry":{"type":"LineString","coordinates":[[138.82601023,35.60569016],[138.82682562,35.60582973]]},"id":"gsi-12-3627-1613-road-59"},{"type":"Feature","properties":{"ftCode":2701,"motorway":9,"rnkWidth":1,"rdCtg":1,"tollSect":9,"source_layer":"road","kind":"road_centerline","bridge":false,"major":true},"geometry":{"type":"LineString","coordinates":[[138.82776976,35.60384087],[138.82723331,35.60398044],[138.82725477,35.6041549],[138.82740498,35.60424213],[138.82794142,35.60417235],[138.82798433,35.60427702]]},"id":"gsi-12-3627-1613-road-60"},{"type":"Feature","properties":{"ftCode":2703,"motorway":9,"rnkWidth":2,"rdCtg":0,"tollSect":9,"source_layer":"road","kind":"road_centerline","bridge":true,"major":true},"geometry":{"type":"LineString","coordinates":[[138.83309126,35.60490509],[138.83191109,35.60436426]]},"id":"gsi-12-3627-1613-road-61"},{"type":"Feature","properties":{"ftCode":2701,"motorway":1,"rnkWidth":4,"rdCtg":3,"tollSect":1,"source_layer":"road","kind":"road_centerline","bridge":false,"major":true},"geometry":{"type":"LineString","coordinates":[[138.82682562,35.60582973],[138.82817745,35.60605653],[138.82918596,35.60612631],[138.83246899,35.60595185],[138.83337021,35.60600419],[138.83568764,35.60630077],[138.83727551,35.60637056],[138.8392067,35.60623099],[138.84242535,35.60558549],[138.84377718,35.60546337],[138.84519339,35.60541103],[138.84656668,35.60527146]]},"id":"gsi-12-3627-1613-road-62"},{"type":"Feature","properties":{"ftCode":2703,"motorway":1,"rnkWidth":4,"rdCtg":3,"tollSect":1,"source_layer":"road","kind":"road_centerline","bridge":true,"major":true},"geometry":{"type":"LineString","coordinates":[[138.84656668,35.60527146],[138.84736061,35.605097]]},"id":"gsi-12-3627-1613-road-63"},{"type":"Feature","properties":{"ftCode":2701,"motorway":1,"rnkWidth":4,"rdCtg":3,"tollSect":1,"source_layer":"road","kind":"road_centerline","bridge":false,"major":true},"geometry":{"type":"LineString","coordinates":[[138.84736061,35.605097],[138.84939909,35.60448638],[138.85042906,35.60432936],[138.85160923,35.60434681],[138.85416269,35.60466084],[138.855021,35.60471318],[138.85587931,35.60469574],[138.85716677,35.60455617],[138.85774612,35.60443404]]},"id":"gsi-12-3627-1613-road-64"},{"type":"Feature","properties":{"ftCode":2703,"motorway":1,"rnkWidth":4,"rdCtg":3,"tollSect":1,"source_layer":"road","kind":"road_centerline","bridge":true,"major":true},"geometry":{"type":"LineString","coordinates":[[138.85774612,35.60443404],[138.85854006,35.60422469]]},"id":"gsi-12-3627-1613-road-65"},{"type":"Feature","properties":{"ftCode":2701,"motorway":9,"rnkWidth":1,"rdCtg":1,"tollSect":9,"source_layer":"road","kind":"road_centerline","bridge":false,"major":true},"geometry":{"type":"LineString","coordinates":[[138.79313707,35.60630077],[138.79309416,35.6061612],[138.79317999,35.60602164],[138.79429579,35.6055157],[138.79624844,35.60436426],[138.79717112,35.6039281],[138.79796505,35.60371874]]},"id":"gsi-12-3627-1613-road-66"},{"type":"Feature","properties":{"ftCode":2701,"motorway":9,"rnkWidth":2,"rdCtg":0,"tollSect":9,"source_layer":"road","kind":"road_centerline","bridge":false,"major":true},"geometry":{"type":"LineString","coordinates":[[138.83309126,35.60490509],[138.8336277,35.60499232],[138.83686781,35.60518423],[138.83826256,35.60502721],[138.83890629,35.60490509],[138.8393569,35.60473063],[138.83961439,35.60459106],[138.84075165,35.60371874]]},"id":"gsi-12-3627-1613-road-72"},{"type":"Feature","properties":{"ftCode":2701,"motorway":1,"rnkWidth":4,"rdCtg":3,"tollSect":1,"source_layer":"road","kind":"road_centerline","bridge":false,"major":true},"geometry":{"type":"LineString","coordinates":[[138.85854006,35.60422469],[138.86044979,35.60371874]]},"id":"gsi-12-3627-1613-road-74"},{"type":"Feature","properties":{"ftCode":2701,"motorway":9,"rnkWidth":2,"rdCtg":0,"tollSect":9,"source_layer":"road","kind":"road_centerline","bridge":false,"major":true},"geometry":{"type":"LineString","coordinates":[[138.8039732,35.60371874],[138.80386591,35.60338726],[138.80388737,35.60310811],[138.8039732,35.60288131],[138.80435944,35.60254982]]},"id":"gsi-12-3627-1614-road-0"},{"type":"Feature","properties":{"ftCode":2701,"motorway":9,"rnkWidth":2,"rdCtg":0,"tollSect":9,"source_layer":"road","kind":"road_centerline","bridge":false,"major":true},"geometry":{"type":"LineString","coordinates":[[138.80577564,35.60371874],[138.80558252,35.60345704],[138.80547523,35.60286386],[138.80534649,35.60261961],[138.80521774,35.60249748],[138.80481005,35.60237535],[138.80461693,35.60244514]]},"id":"gsi-12-3627-1614-road-1"},{"type":"Feature","properties":{"ftCode":2701,"motorway":9,"rnkWidth":2,"rdCtg":1,"tollSect":9,"source_layer":"road","kind":"road_centerline","bridge":false,"major":true},"geometry":{"type":"LineString","coordinates":[[138.77929688,35.56681102],[138.7801981,35.56653174],[138.78058434,35.56644447],[138.78077745,35.56646193],[138.78101349,35.56658411],[138.78133535,35.56719501],[138.78152847,35.56722992],[138.78159285,35.56714265],[138.78144264,35.56656665],[138.7814641,35.56607792],[138.78154993,35.56592083],[138.78170013,35.56590338],[138.78180742,35.56600811],[138.78180742,35.56642702],[138.78210783,35.5671252],[138.78234386,35.56714265],[138.78240824,35.56702047],[138.78230095,35.56667138],[138.78227949,35.56625247],[138.78215075,35.56593829],[138.7821722,35.56585101],[138.7824297,35.56579865],[138.78266573,35.56607792],[138.78279448,35.56684593],[138.78358841,35.56714265],[138.78382444,35.56736956],[138.78391027,35.56775355],[138.78388882,35.56801537],[138.78311634,35.56859135],[138.78305197,35.56887062],[138.78318071,35.56939424],[138.78341675,35.56972586],[138.78354549,35.56979568],[138.78365278,35.56976077],[138.78371716,35.56958623],[138.78341675,35.56901025],[138.78345966,35.56883571],[138.78403902,35.56850408],[138.78474712,35.56839936],[138.78494024,35.56825973],[138.78502607,35.56775355],[138.78517628,35.56763137],[138.78532648,35.56766628],[138.78532648,35.568155],[138.78539085,35.56824227],[138.78554106,35.56825973],[138.78562689,35.56820736],[138.78564835,35.56775355],[138.78569126,35.56768374],[138.78586292,35.56764883],[138.78594875,35.56768374],[138.78597021,35.56813755],[138.78605604,35.56841681],[138.78624916,35.56852154],[138.78646374,35.56843427],[138.78631353,35.56775355],[138.78642082,35.5675441],[138.7866354,35.56745683],[138.78665686,35.56722992],[138.78631353,35.56698556],[138.78590584,35.56679356],[138.78502607,35.56647938],[138.7849617,35.5663572],[138.78494024,35.56583356],[138.78506899,35.56557174],[138.78506899,35.5654321],[138.78461838,35.56490846],[138.78472567,35.56448954],[138.78487587,35.56438481],[138.78560543,35.56436735],[138.7856698,35.56417535],[138.78547668,35.56379133],[138.78547668,35.56363424],[138.78676414,35.56284875],[138.78682852,35.56277893],[138.78680706,35.5626742],[138.7866354,35.56256946],[138.78616333,35.56253455],[138.78588438,35.56242982],[138.7856698,35.56216799],[138.78558397,35.56178397],[138.78545523,35.5617316],[138.78474712,35.56178397],[138.78463984,35.56164432],[138.78457546,35.56115556],[138.78451109,35.56106829],[138.78429651,35.56091118],[138.78380299,35.56082391],[138.78371716,35.5605097]]},"id":"gsi-12-3627-1614-road-9"},{"type":"Feature","properties":{"ftCode":2701,"motorway":9,"rnkWidth":1,"rdCtg":1,"tollSect":9,"source_layer":"road","kind":"road_centerline","bridge":false,"major":true},"geometry":{"type":"LineString","coordinates":[[138.79790068,35.60371874],[138.79807234,35.60363151],[138.79805088,35.60335236],[138.79813671,35.60328258],[138.79826546,35.60326513],[138.79860878,35.60336981],[138.79884481,35.60331747],[138.7989521,35.60321279],[138.79899502,35.60302088],[138.79867315,35.60268939],[138.7986517,35.60256727],[138.79888773,35.60242769],[138.79938126,35.60246259],[138.79959583,35.60211365],[138.79987478,35.6018345],[138.79972458,35.60141578],[138.79933834,35.60092726],[138.79884481,35.60010725],[138.79888773,35.59977575],[138.79899502,35.59960128],[138.79927397,35.59933956],[138.79957438,35.59921743],[138.79998207,35.59916509],[138.80034685,35.59925233],[138.80066872,35.59939191],[138.80105495,35.59968851],[138.80114079,35.60000256],[138.8010335,35.60104939],[138.80107641,35.60150301],[138.80129099,35.60176472],[138.80236387,35.6023928]]},"id":"gsi-12-3627-1614-road-10"},{"type":"Feature","properties":{"ftCode":2703,"motorway":9,"rnkWidth":1,"rdCtg":1,"tollSect":9,"source_layer":"road","kind":"road_centerline","bridge":true,"major":true},"geometry":{"type":"LineString","coordinates":[[138.80236387,35.6023928],[138.8027072,35.60258471]]},"id":"gsi-12-3627-1614-road-11"},{"type":"Feature","properties":{"ftCode":2701,"motorway":9,"rnkWidth":1,"rdCtg":1,"tollSect":9,"source_layer":"road","kind":"road_centerline","bridge":false,"major":true},"geometry":{"type":"LineString","coordinates":[[138.8027072,35.60258471],[138.80358696,35.60312556],[138.80369425,35.60314301],[138.80403757,35.6026545],[138.80425215,35.60248003]]},"id":"gsi-12-3627-1614-road-12"},{"type":"Feature","properties":{"ftCode":2703,"motorway":9,"rnkWidth":2,"rdCtg":0,"tollSect":9,"source_layer":"road","kind":"road_centerline","bridge":true,"major":true},"geometry":{"type":"LineString","coordinates":[[138.80461693,35.60244514],[138.80435944,35.60254982]]},"id":"gsi-12-3627-1614-road-13"},{"type":"Feature","properties":{"ftCode":2703,"motorway":9,"rnkWidth":1,"rdCtg":1,"tollSect":9,"source_layer":"road","kind":"road_centerline","bridge":true,"major":true},"geometry":{"type":"LineString","coordinates":[[138.80425215,35.60248003],[138.80448818,35.60234046]]},"id":"gsi-12-3627-1614-road-14"},{"type":"Feature","properties":{"ftCode":2701,"motorway":9,"rnkWidth":1,"rdCtg":1,"tollSect":9,"source_layer":"road","kind":"road_centerline","bridge":false,"major":true},"geometry":{"type":"LineString","coordinates":[[138.80448818,35.60234046],[138.80463839,35.60230557],[138.80481005,35.60237535]]},"id":"gsi-12-3627-1614-road-15"},{"type":"Feature","properties":{"ftCode":2704,"motorway":9,"rnkWidth":1,"rdCtg":1,"tollSect":9,"source_layer":"road","kind":"road_centerline","bridge":false,"major":true},"geometry":{"type":"LineString","coordinates":[[138.78371716,35.5605097],[138.78363132,35.55693117]]},"id":"gsi-12-3627-1614-road-16"},{"type":"Feature","properties":{"ftCode":2701,"motorway":9,"rnkWidth":2,"rdCtg":1,"tollSect":9,"source_layer":"road","kind":"road_centerline","bridge":false,"major":true},"geometry":{"type":"LineString","coordinates":[[138.77929688,35.55061162],[138.78000498,35.55043704],[138.78017664,35.55043704],[138.78051996,35.55068145],[138.78069162,35.55071637],[138.78124952,35.55055925],[138.78139973,35.55062908],[138.78185034,35.55104807],[138.7825799,35.55117027],[138.78275156,35.55129248],[138.78288031,35.5515718],[138.78294468,35.55185113],[138.78288031,35.55230503],[138.78296614,35.55237486],[138.78311634,35.55237486],[138.78358841,35.55193842],[138.78395319,35.55174638],[138.78470421,35.55197333],[138.78519773,35.55200825],[138.78603458,35.55237486],[138.7866354,35.55246215],[138.78674269,35.55251452],[138.78680706,35.55263672],[138.78674269,35.55272401],[138.78652811,35.55274147],[138.78597021,35.55267164],[138.7842536,35.55221774],[138.78408194,35.55221774],[138.78285885,35.55319536],[138.78249407,35.55331757],[138.78189325,35.55336994],[138.78180742,35.55349214],[138.78189325,35.55359688],[138.78262281,35.55364926],[138.78285885,35.55359688],[138.78412485,35.55270655],[138.78436089,35.55265418],[138.78521919,35.55300333],[138.78532648,35.55356197],[138.7855196,35.55356197],[138.7860775,35.55336994],[138.78620625,35.5533874],[138.7864852,35.55370163],[138.7866354,35.55396349],[138.78672123,35.55438246],[138.78680706,35.55443483],[138.78700018,35.55441738],[138.78715038,35.55427772],[138.78738642,35.55420789],[138.78777266,35.55420789],[138.78856659,35.55433009],[138.78871679,35.55439992],[138.78884554,35.55455703],[138.78880262,35.55499346],[138.78890991,35.55511566],[138.78908157,35.55515057],[138.78946781,35.55499346],[138.79004717,35.55518549],[138.79047632,35.5553426],[138.79137754,35.55595359],[138.7919569,35.5561107],[138.79202127,35.5562329],[138.79193544,35.5563551],[138.79165649,35.55637256],[138.79114151,35.55618053],[138.79002571,35.55560446],[138.78978968,35.55555208],[138.7894249,35.555587],[138.78858805,35.55593614],[138.78833055,35.55593614],[138.7879014,35.55579648],[138.7879014,35.55516803],[138.78764391,35.55506329],[138.78730059,35.5550982],[138.7866354,35.55548226],[138.78627062,35.55553463],[138.78569126,35.55501092],[138.78541231,35.5548538],[138.78494024,35.5547316],[138.78461838,35.5547316],[138.78438234,35.55488872],[138.78427505,35.55527277],[138.78391027,35.55579648],[138.78373861,35.55625036],[138.78363132,35.55693117]]},"id":"gsi-12-3627-1614-road-17"},{"type":"Feature","properties":{"ftCode":2701,"motorway":9,"rnkWidth":2,"rdCtg":0,"tollSect":9,"source_layer":"road","kind":"road_centerline","bridge":false,"major":true},"geometry":{"type":"LineString","coordinates":[[138.84075165,35.60371874],[138.84321928,35.60181706],[138.84362698,35.60160769],[138.84759665,35.60152046],[138.85006428,35.60185195],[138.85079384,35.60188684]]},"id":"gsi-12-3627-1614-road-18"},{"type":"Feature","properties":{"ftCode":2703,"motorway":9,"rnkWidth":2,"rdCtg":1,"tollSect":9,"source_layer":"road","kind":"road_centerline","bridge":true,"major":true},"geometry":{"type":"LineString","coordinates":[[138.84021521,35.56848663],[138.84068727,35.56846917]]},"id":"gsi-12-3627-1614-road-19"},{"type":"Feature","properties":{"ftCode":2703,"motorway":9,"rnkWidth":2,"rdCtg":0,"tollSect":9,"source_layer":"road","kind":"road_centerline","bridge":true,"major":true},"geometry":{"type":"LineString","coordinates":[[138.85109425,35.60190429],[138.85079384,35.60188684]]},"id":"gsi-12-3627-1614-road-20"},{"type":"Feature","properties":{"ftCode":2701,"motorway":9,"rnkWidth":2,"rdCtg":0,"tollSect":9,"source_layer":"road","kind":"road_centerline","bridge":false,"major":true},"geometry":{"type":"LineString","coordinates":[[138.8671875,35.60094471],[138.86587858,35.6015728],[138.8649559,35.60220089],[138.86356115,35.60268939],[138.86323929,35.60274173],[138.86255264,35.60279407],[138.86100769,35.60268939],[138.86055708,35.60251493],[138.85957003,35.60195663],[138.85935545,35.60193918],[138.85909796,35.60207876],[138.85901213,35.60253237],[138.85858297,35.60303833],[138.85832548,35.6031779],[138.85774612,35.60326513],[138.85699511,35.60321279],[138.85394812,35.60242769],[138.8516736,35.60195663],[138.85109425,35.60190429]]},"id":"gsi-12-3627-1614-road-21"},{"type":"Feature","properties":{"ftCode":2701,"motorway":1,"rnkWidth":4,"rdCtg":3,"tollSect":1,"source_layer":"road","kind":"road_centerline","bridge":false,"major":true},"geometry":{"type":"LineString","coordinates":[[138.86044979,35.60371874],[138.86173725,35.60349194],[138.86364698,35.60335236],[138.86474133,35.60319535]]},"id":"gsi-12-3627-1614-road-22"},{"type":"Feature","properties":{"ftCode":2703,"motorway":1,"rnkWidth":4,"rdCtg":3,"tollSect":1,"source_layer":"road","kind":"road_centerline","bridge":true,"major":true},"geometry":{"type":"LineString","coordinates":[[138.86474133,35.60319535],[138.86562109,35.60300343]]},"id":"gsi-12-3627-1614-road-23"},{"type":"Feature","properties":{"ftCode":2701,"motorway":1,"rnkWidth":4,"rdCtg":3,"tollSect":1,"source_layer":"road","kind":"road_centerline","bridge":false,"major":true},"geometry":{"type":"LineString","coordinates":[[138.86562109,35.60300343],[138.86613607,35.60286386],[138.8671875,35.60244514]]},"id":"gsi-12-3627-1614-road-24"},{"type":"Feature","properties":{"ftCode":2701,"motorway":9,"rnkWidth":1,"rdCtg":1,"tollSect":9,"source_layer":"road","kind":"road_centerline","bridge":false,"major":true},"geometry":{"type":"LineString","coordinates":[[138.83369207,35.56667138],[138.83261919,35.56620011],[138.83146048,35.56537974],[138.83092403,35.565083],[138.8308382,35.56496082]]},"id":"gsi-12-3627-1614-road-25"},{"type":"Feature","properties":{"ftCode":2701,"motorway":9,"rnkWidth":2,"rdCtg":1,"tollSect":9,"source_layer":"road","kind":"road_centerline","bridge":false,"major":true},"geometry":{"type":"LineString","coordinates":[[138.83369207,35.56667138],[138.83536577,35.56729974],[138.83558035,35.56749174],[138.83579493,35.56785828],[138.83607388,35.56801537],[138.83635283,35.56803282],[138.83716822,35.56782337],[138.83764029,35.56780592],[138.83798361,35.56785828],[138.83832693,35.56801537],[138.83873463,35.56841681],[138.83907795,35.56862626],[138.84021521,35.56848663]]},"id":"gsi-12-3627-1614-road-26"},{"type":"Feature","properties":{"ftCode":2701,"motorway":9,"rnkWidth":2,"rdCtg":1,"tollSect":9,"source_layer":"road","kind":"road_centerline","bridge":false,"major":true},"geometry":{"type":"LineString","coordinates":[[138.84068727,35.56846917],[138.84152412,35.56841681],[138.84203911,35.56827718],[138.84420633,35.56729974],[138.84485006,35.56710774],[138.84927034,35.56653174],[138.85049343,35.56651429],[138.85148048,35.56621756],[138.85259628,35.5663572],[138.85345459,35.56630483],[138.85514975,35.56595574],[138.85609388,35.56588592],[138.85864735,35.56504809],[138.85959148,35.56483864]]},"id":"gsi-12-3627-1614-road-27"},{"type":"Feature","properties":{"ftCode":2703,"motorway":9,"rnkWidth":2,"rdCtg":1,"tollSect":9,"source_layer":"road","kind":"road_centerline","bridge":true,"major":true},"geometry":{"type":"LineString","coordinates":[[138.85959148,35.56483864],[138.86010647,35.56492591]]},"id":"gsi-12-3627-1614-road-28"},{"type":"Feature","properties":{"ftCode":2701,"motorway":9,"rnkWidth":2,"rdCtg":1,"tollSect":9,"source_layer":"road","kind":"road_centerline","bridge":false,"major":true},"geometry":{"type":"LineString","coordinates":[[138.86010647,35.56492591],[138.86025667,35.56490846],[138.86152267,35.56426262]]},"id":"gsi-12-3627-1614-road-29"},{"type":"Feature","properties":{"ftCode":2701,"motorway":1,"rnkWidth":4,"rdCtg":3,"tollSect":1,"source_layer":"road","kind":"road_centerline","bridge":false,"major":true},"geometry":{"type":"LineString","coordinates":[[138.8596344,35.53222623],[138.86049271,35.53281993],[138.86167288,35.53353587],[138.86332512,35.53432164],[138.8671875,35.53570109]]},"id":"gsi-12-3627-1614-road-30"},{"type":"Feature","properties":{"ftCode":2701,"motorway":9,"rnkWidth":2,"rdCtg":0,"tollSect":9,"source_layer":"road","kind":"road_centerline","bridge":false,"major":true},"geometry":{"type":"LineString","coordinates":[[138.86476278,35.53222623],[138.8671875,35.53362318]]},"id":"gsi-12-3627-1614-road-31"},{"type":"Feature","properties":{"ftCode":2701,"motorway":9,"rnkWidth":2,"rdCtg":1,"tollSect":9,"source_layer":"road","kind":"road_centerline","bridge":false,"major":true},"geometry":{"type":"LineString","coordinates":[[138.8671875,35.58113986],[138.86665106,35.58024984],[138.86643648,35.57962158],[138.86594296,35.57887116],[138.86544943,35.57833015],[138.86527777,35.57773678],[138.8649559,35.57744009],[138.86422634,35.57693398],[138.86390448,35.57644531],[138.86375427,35.576009],[138.8632822,35.57546797],[138.86291742,35.57461279],[138.86231661,35.57415902],[138.86231661,35.57360052],[138.86225224,35.5734958],[138.86193037,35.5734958],[138.86195183,35.57396703],[138.86180162,35.57415902],[138.86160851,35.57412411],[138.86117935,35.57389722],[138.86066437,35.5740543],[138.86051416,35.5740543],[138.86044979,35.57396703],[138.86077166,35.57309438],[138.86068583,35.57260569],[138.86070728,35.57192502],[138.86042833,35.57080799],[138.86053562,35.56986549],[138.86038542,35.56934188],[138.86029959,35.56784082],[138.86038542,35.56747428],[138.86081457,35.56679356],[138.8609004,35.56628738],[138.86113644,35.56571138],[138.86156559,35.56518773],[138.86152267,35.56426262]]},"id":"gsi-12-3627-1614-road-37"},{"type":"Feature","properties":{"ftCode":2701,"motorway":9,"rnkWidth":2,"rdCtg":1,"tollSect":9,"source_layer":"road","kind":"road_centerline","bridge":false,"major":true},"geometry":{"type":"LineString","coordinates":[[138.86152267,35.56426262],[138.86291742,35.56366915],[138.86349678,35.56354696],[138.86450529,35.56352951],[138.86538506,35.56338986],[138.8671875,35.56352951]]},"id":"gsi-12-3627-1614-road-38"},{"type":"Feature","properties":{"ftCode":2701,"motorway":9,"rnkWidth":2,"rdCtg":0,"tollSect":9,"source_layer":"road","kind":"road_centerline","bridge":false,"major":true},"geometry":{"type":"LineString","coordinates":[[138.7803483,35.49107518],[138.77983332,35.49186137],[138.77929688,35.4922632]]},"id":"gsi-12-3627-1615-road-7"},{"type":"Feature","properties":{"ftCode":2701,"motorway":1,"rnkWidth":4,"rdCtg":3,"tollSect":1,"source_layer":"road","kind":"road_centerline","bridge":false,"major":true},"geometry":{"type":"LineString","coordinates":[[138.77929688,35.49027151],[138.77959728,35.49032392]]},"id":"gsi-12-3627-1615-road-9"},{"type":"Feature","properties":{"ftCode":2701,"motorway":9,"rnkWidth":4,"rdCtg":0,"tollSect":9,"source_layer":"road","kind":"road_centerline","bridge":false,"major":true},"geometry":{"type":"LineString","coordinates":[[138.77929688,35.48289835],[138.78067017,35.48226933]]},"id":"gsi-12-3627-1615-road-15"},{"type":"Feature","properties":{"ftCode":2701,"motorway":1,"rnkWidth":4,"rdCtg":3,"tollSect":1,"source_layer":"road","kind":"road_centerline","bridge":false,"major":true},"geometry":{"type":"LineString","coordinates":[[138.85871172,35.53152774],[138.8596344,35.53222623]]},"id":"gsi-12-3627-1615-road-17"},{"type":"Feature","properties":{"ftCode":2704,"motorway":0,"rnkWidth":2,"rdCtg":0,"tollSect":9,"source_layer":"road","kind":"road_centerline","bridge":false,"major":true},"geometry":{"type":"LineString","coordinates":[[138.79071236,35.50000235],[138.78195763,35.51612464],[138.78144264,35.51694551],[138.78084183,35.51769652],[138.78002644,35.51851738],[138.77929688,35.51909372]]},"id":"gsi-12-3627-1615-road-18"},{"type":"Feature","properties":{"ftCode":2701,"motorway":0,"rnkWidth":3,"rdCtg":0,"tollSect":9,"source_layer":"road","kind":"road_centerline","bridge":false,"major":true},"geometry":{"type":"LineString","coordinates":[[138.79172087,35.49776628],[138.791399,35.49865722],[138.79071236,35.50000235]]},"id":"gsi-12-3627-1615-road-19"},{"type":"Feature","properties":{"ftCode":2703,"motorway":1,"rnkWidth":4,"rdCtg":3,"tollSect":1,"source_layer":"road","kind":"road_centerline","bridge":true,"major":true},"geometry":{"type":"LineString","coordinates":[[138.7890172,35.49432471],[138.7905407,35.49528557],[138.79165649,35.49589702],[138.79354477,35.49668316],[138.79581928,35.49731207],[138.79978895,35.49816808],[138.80111933,35.49851747],[138.80277157,35.49907648]]},"id":"gsi-12-3627-1615-road-20"},{"type":"Feature","properties":{"ftCode":2701,"motorway":1,"rnkWidth":4,"rdCtg":3,"tollSect":1,"source_layer":"road","kind":"road_centerline","bridge":false,"major":true},"geometry":{"type":"LineString","coordinates":[[138.80277157,35.49907648],[138.805089,35.50000235],[138.80648375,35.50068364],[138.80832911,35.50171429],[138.81011009,35.50262266],[138.81225586,35.50351354],[138.81388664,35.50400265],[138.81519556,35.50428214],[138.81689072,35.5045267],[138.81774902,35.5045791]]},"id":"gsi-12-3627-1615-road-21"},{"type":"Feature","properties":{"ftCode":2703,"motorway":1,"rnkWidth":4,"rdCtg":3,"tollSect":1,"source_layer":"road","kind":"road_centerline","bridge":true,"major":true},"geometry":{"type":"LineString","coordinates":[[138.81774902,35.5045791],[138.82066727,35.50456163]]},"id":"gsi-12-3627-1615-road-22"},{"type":"Feature","properties":{"ftCode":2701,"motorway":9,"rnkWidth":4,"rdCtg":0,"tollSect":9,"source_layer":"road","kind":"road_centerline","bridge":false,"major":true},"geometry":{"type":"LineString","coordinates":[[138.81824255,35.50105048],[138.8185215,35.50174923],[138.81895065,35.5033738],[138.81933689,35.50393278]]},"id":"gsi-12-3627-1615-road-23"},{"type":"Feature","properties":{"ftCode":2701,"motorway":1,"rnkWidth":4,"rdCtg":3,"tollSect":1,"source_layer":"road","kind":"road_centerline","bridge":false,"major":true},"geometry":{"type":"LineString","coordinates":[[138.82066727,35.50456163],[138.821311,35.50450923]]},"id":"gsi-12-3627-1615-road-24"},{"type":"Feature","properties":{"ftCode":2703,"motorway":9,"rnkWidth":4,"rdCtg":0,"tollSect":9,"source_layer":"road","kind":"road_centerline","bridge":true,"major":true},"geometry":{"type":"LineString","coordinates":[[138.81807089,35.50063123],[138.81824255,35.50105048]]},"id":"gsi-12-3627-1615-road-25"},{"type":"Feature","properties":{"ftCode":2703,"motorway":9,"rnkWidth":2,"rdCtg":0,"tollSect":9,"source_layer":"road","kind":"road_centerline","bridge":true,"major":true},"geometry":{"type":"LineString","coordinates":[[138.78047705,35.49090047],[138.7803483,35.49107518]]},"id":"gsi-12-3627-1615-road-26"},{"type":"Feature","properties":{"ftCode":2703,"motorway":1,"rnkWidth":4,"rdCtg":3,"tollSect":1,"source_layer":"road","kind":"road_centerline","bridge":true,"major":true},"geometry":{"type":"LineString","coordinates":[[138.77959728,35.49032392],[138.7824297,35.49097035],[138.78350258,35.49128483]]},"id":"gsi-12-3627-1615-road-27"},{"type":"Feature","properties":{"ftCode":2701,"motorway":1,"rnkWidth":4,"rdCtg":3,"tollSect":1,"source_layer":"road","kind":"road_centerline","bridge":false,"major":true},"geometry":{"type":"LineString","coordinates":[[138.78350258,35.49128483],[138.78472567,35.49173907],[138.78601313,35.49238549],[138.78708601,35.49301443]]},"id":"gsi-12-3627-1615-road-28"},{"type":"Feature","properties":{"ftCode":2703,"motorway":1,"rnkWidth":4,"rdCtg":3,"tollSect":1,"source_layer":"road","kind":"road_centerline","bridge":true,"major":true},"geometry":{"type":"LineString","coordinates":[[138.78708601,35.49301443],[138.78792286,35.49357349]]},"id":"gsi-12-3627-1615-road-29"},{"type":"Feature","properties":{"ftCode":2701,"motorway":1,"rnkWidth":4,"rdCtg":3,"tollSect":1,"source_layer":"road","kind":"road_centerline","bridge":false,"major":true},"geometry":{"type":"LineString","coordinates":[[138.78792286,35.49357349],[138.7890172,35.49432471]]},"id":"gsi-12-3627-1615-road-30"},{"type":"Feature","properties":{"ftCode":2701,"motorway":9,"rnkWidth":2,"rdCtg":0,"tollSect":9,"source_layer":"road","kind":"road_centerline","bridge":false,"major":true},"geometry":{"type":"LineString","coordinates":[[138.79032612,35.48480286],[138.78856659,35.48530955],[138.78547668,35.4869694],[138.78466129,35.48763333],[138.78333092,35.48920576],[138.78283739,35.48953772],[138.78071308,35.49070829],[138.78047705,35.49090047]]},"id":"gsi-12-3627-1615-road-31"},{"type":"Feature","properties":{"ftCode":2703,"motorway":9,"rnkWidth":4,"rdCtg":0,"tollSect":9,"source_layer":"road","kind":"road_centerline","bridge":true,"major":true},"geometry":{"type":"LineString","coordinates":[[138.78094912,35.48214702],[138.78067017,35.48226933]]},"id":"gsi-12-3627-1615-road-32"},{"type":"Feature","properties":{"ftCode":2701,"motorway":9,"rnkWidth":4,"rdCtg":0,"tollSect":9,"source_layer":"road","kind":"road_centerline","bridge":false,"major":true},"geometry":{"type":"LineString","coordinates":[[138.78094912,35.48214702],[138.78227949,35.48157041],[138.78266573,35.48134326],[138.78805161,35.47732435],[138.79178524,35.47507018]]},"id":"gsi-12-3627-1615-road-33"},{"type":"Feature","properties":{"ftCode":2703,"motorway":9,"rnkWidth":2,"rdCtg":0,"tollSect":9,"source_layer":"road","kind":"road_centerline","bridge":true,"major":true},"geometry":{"type":"LineString","coordinates":[[138.79062653,35.48473297],[138.79032612,35.48480286]]},"id":"gsi-12-3627-1615-road-34"},{"type":"Feature","properties":{"ftCode":2701,"motorway":9,"rnkWidth":2,"rdCtg":0,"tollSect":9,"source_layer":"road","kind":"road_centerline","bridge":false,"major":true},"geometry":{"type":"LineString","coordinates":[[138.79813671,35.48345748],[138.79689217,35.48405154],[138.79526138,35.48445341],[138.79167795,35.48461066],[138.79062653,35.48473297]]},"id":"gsi-12-3627-1615-road-35"},{"type":"Feature","properties":{"ftCode":2701,"motorway":9,"rnkWidth":2,"rdCtg":0,"tollSect":9,"source_layer":"road","kind":"road_centerline","bridge":false,"major":true},"geometry":{"type":"LineString","coordinates":[[138.79813671,35.48345748],[138.79182816,35.47505271]]},"id":"gsi-12-3627-1615-road-36"},{"type":"Feature","properties":{"ftCode":2701,"motorway":9,"rnkWidth":2,"rdCtg":0,"tollSect":9,"source_layer":"road","kind":"road_centerline","bridge":false,"major":true},"geometry":{"type":"LineString","coordinates":[[138.79178524,35.47507018],[138.79182816,35.47505271]]},"id":"gsi-12-3627-1615-road-37"},{"type":"Feature","properties":{"ftCode":2701,"motorway":9,"rnkWidth":2,"rdCtg":0,"tollSect":9,"source_layer":"road","kind":"road_centerline","bridge":false,"major":true},"geometry":{"type":"LineString","coordinates":[[138.79182816,35.47505271],[138.7978363,35.47140047],[138.8000679,35.46993253],[138.80058289,35.46944321],[138.80088329,35.4690238],[138.80156994,35.46776553],[138.80227804,35.46575576],[138.80352259,35.4633265],[138.80371571,35.46281966],[138.80423069,35.46066995]]},"id":"gsi-12-3627-1615-road-38"},{"type":"Feature","properties":{"ftCode":2701,"motorway":9,"rnkWidth":2,"rdCtg":1,"tollSect":9,"source_layer":"road","kind":"road_centerline","bridge":false,"major":true},"geometry":{"type":"LineString","coordinates":[[138.80442381,35.49488376],[138.80365133,35.49736448]]},"id":"gsi-12-3627-1615-road-39"},{"type":"Feature","properties":{"ftCode":2701,"motorway":9,"rnkWidth":2,"rdCtg":0,"tollSect":9,"source_layer":"road","kind":"road_centerline","bridge":false,"major":true},"geometry":{"type":"LineString","coordinates":[[138.79813671,35.48345748],[138.79916668,35.4848378],[138.80408049,35.49297949],[138.80440235,35.49486629],[138.80577564,35.49546027],[138.80611897,35.49570485],[138.80710602,35.49664822],[138.8085866,35.49780122],[138.81500244,35.50160948],[138.81809235,35.50330392],[138.81854296,35.5034262],[138.81895065,35.5033738]]},"id":"gsi-12-3627-1615-road-40"},{"type":"Feature","properties":{"ftCode":2701,"motorway":9,"rnkWidth":2,"rdCtg":1,"tollSect":9,"source_layer":"road","kind":"road_centerline","bridge":false,"major":true},"geometry":{"type":"LineString","coordinates":[[138.80408049,35.49299696],[138.80908012,35.49238549],[138.80983114,35.49233308],[138.81126881,35.49236802],[138.81169796,35.49224573],[138.81407976,35.4913023],[138.81680489,35.48957266],[138.81929398,35.48859426]]},"id":"gsi-12-3627-1615-road-41"},{"type":"Feature","properties":{"ftCode":2701,"motorway":9,"rnkWidth":4,"rdCtg":1,"tollSect":9,"source_layer":"road","kind":"road_centerline","bridge":false,"major":true},"geometry":{"type":"LineString","coordinates":[[138.80008936,35.48637535],[138.80365133,35.48506494],[138.80410194,35.48485528],[138.80654812,35.48333517],[138.81019592,35.48120348]]},"id":"gsi-12-3627-1615-road-42"},{"type":"Feature","properties":{"ftCode":2701,"motorway":9,"rnkWidth":4,"rdCtg":0,"tollSect":9,"source_layer":"road","kind":"road_centerline","bridge":false,"major":true},"geometry":{"type":"LineString","coordinates":[[138.80337238,35.46364108],[138.80369425,35.4637809],[138.80388737,35.46399062],[138.81277084,35.48820989],[138.81807089,35.50063123]]},"id":"gsi-12-3627-1615-road-43"},{"type":"Feature","properties":{"ftCode":2701,"motorway":9,"rnkWidth":1,"rdCtg":1,"tollSect":9,"source_layer":"road","kind":"road_centerline","bridge":false,"major":true},"geometry":{"type":"LineString","coordinates":[[138.81929398,35.48859426],[138.81993771,35.48948531],[138.82334948,35.4931542]]},"id":"gsi-12-3627-1615-road-44"},{"type":"Feature","properties":{"ftCode":2701,"motorway":9,"rnkWidth":2,"rdCtg":1,"tollSect":9,"source_layer":"road","kind":"road_centerline","bridge":false,"major":true},"geometry":{"type":"LineString","coordinates":[[138.81019592,35.48120348],[138.81444454,35.47868731]]},"id":"gsi-12-3627-1615-road-45"},{"type":"Feature","properties":{"ftCode":2703,"motorway":9,"rnkWidth":2,"rdCtg":1,"tollSect":9,"source_layer":"road","kind":"road_centerline","bridge":true,"major":true},"geometry":{"type":"LineString","coordinates":[[138.81444454,35.47868731],[138.81478786,35.47847763]]},"id":"gsi-12-3627-1615-road-46"},{"type":"Feature","properties":{"ftCode":2701,"motorway":9,"rnkWidth":2,"rdCtg":1,"tollSect":9,"source_layer":"road","kind":"road_centerline","bridge":false,"major":true},"geometry":{"type":"LineString","coordinates":[[138.81478786,35.47847763],[138.815732,35.47786604],[138.81753445,35.47625844],[138.81794214,35.47610117],[138.81817818,35.47608369],[138.81860733,35.47617106],[138.81888628,35.47634581],[138.81972313,35.47730688],[138.82002354,35.47753404],[138.82051706,35.47777868],[138.82135391,35.47859994],[138.82165432,35.47877468],[138.82231951,35.47901931],[138.82347822,35.47922899],[138.82452965,35.47964836],[138.82751226,35.47985804],[138.82787704,35.47984056],[138.82819891,35.47963088],[138.82871389,35.47868731],[138.82910013,35.47847763]]},"id":"gsi-12-3627-1615-road-47"},{"type":"Feature","properties":{"ftCode":2703,"motorway":9,"rnkWidth":1,"rdCtg":1,"tollSect":9,"source_layer":"road","kind":"road_centerline","bridge":true,"major":true},"geometry":{"type":"LineString","coordinates":[[138.83817673,35.51504177],[138.8380909,35.51526882]]},"id":"gsi-12-3627-1615-road-48"},{"type":"Feature","properties":{"ftCode":2701,"motorway":0,"rnkWidth":2,"rdCtg":1,"tollSect":9,"source_layer":"road","kind":"road_centerline","bridge":false,"major":true},"geometry":{"type":"LineString","coordinates":[[138.83854151,35.51621196],[138.83965731,35.51706777],[138.83995771,35.51720749],[138.84034395,35.51729482],[138.84083748,35.51731228],[138.84124517,35.51722496],[138.84178162,35.51699791],[138.84218931,35.51671846]]},"id":"gsi-12-3627-1615-road-49"},{"type":"Feature","properties":{"ftCode":2703,"motorway":0,"rnkWidth":2,"rdCtg":1,"tollSect":9,"source_layer":"road","kind":"road_centerline","bridge":true,"major":true},"geometry":{"type":"LineString","coordinates":[[138.84218931,35.51671846],[138.84253263,35.51650888]]},"id":"gsi-12-3627-1615-road-50"},{"type":"Feature","properties":{"ftCode":2701,"motorway":9,"rnkWidth":1,"rdCtg":1,"tollSect":9,"source_layer":"road","kind":"road_centerline","bridge":false,"major":true},"geometry":{"type":"LineString","coordinates":[[138.84212494,35.5162469],[138.84150267,35.51589758],[138.84111643,35.51596745],[138.84083748,35.51567053],[138.84027958,35.51554827],[138.83944273,35.51516403],[138.83931398,35.5150767],[138.83916378,35.51470992],[138.83882046,35.51458766],[138.83867025,35.51443046],[138.83847713,35.51460512],[138.83817673,35.51504177]]},"id":"gsi-12-3627-1615-road-51"},{"type":"Feature","properties":{"ftCode":2701,"motorway":9,"rnkWidth":1,"rdCtg":1,"tollSect":9,"source_layer":"road","kind":"road_centerline","bridge":false,"major":true},"geometry":{"type":"LineString","coordinates":[[138.84242535,35.51647395],[138.84223223,35.51642155],[138.84212494,35.5162469]]},"id":"gsi-12-3627-1615-road-52"},{"type":"Feature","properties":{"ftCode":2701,"motorway":9,"rnkWidth":1,"rdCtg":1,"tollSect":9,"source_layer":"road","kind":"road_centerline","bridge":false,"major":true},"geometry":{"type":"LineString","coordinates":[[138.84253263,35.51635169],[138.84212494,35.5162469]]},"id":"gsi-12-3627-1615-road-53"},{"type":"Feature","properties":{"ftCode":2704,"motorway":9,"rnkWidth":1,"rdCtg":1,"tollSect":9,"source_layer":"road","kind":"road_centerline","bridge":false,"major":true},"geometry":{"type":"LineString","coordinates":[[138.8428545,35.51652634],[138.84253263,35.51635169]]},"id":"gsi-12-3627-1615-road-54"},{"type":"Feature","properties":{"ftCode":2703,"motorway":1,"rnkWidth":4,"rdCtg":3,"tollSect":1,"source_layer":"road","kind":"road_centerline","bridge":true,"major":true},"geometry":{"type":"LineString","coordinates":[[138.8424468,35.5151291],[138.84459257,35.51622943]]},"id":"gsi-12-3627-1615-road-55"},{"type":"Feature","properties":{"ftCode":2701,"motorway":0,"rnkWidth":1,"rdCtg":1,"tollSect":0,"source_layer":"road","kind":"road_centerline","bridge":false,"major":true},"geometry":{"type":"LineString","coordinates":[[138.82837057,35.50611627],[138.8284564,35.50683244],[138.82856369,35.50698965]]},"id":"gsi-12-3627-1615-road-56"},{"type":"Feature","properties":{"ftCode":2701,"motorway":9,"rnkWidth":1,"rdCtg":1,"tollSect":9,"source_layer":"road","kind":"road_centerline","bridge":false,"major":true},"geometry":{"type":"LineString","coordinates":[[138.82837057,35.50611627],[138.82837057,35.50580185]]},"id":"gsi-12-3627-1615-road-57"},{"type":"Feature","properties":{"ftCode":2703,"motorway":9,"rnkWidth":1,"rdCtg":1,"tollSect":9,"source_layer":"road","kind":"road_centerline","bridge":true,"major":true},"geometry":{"type":"LineString","coordinates":[[138.82841349,35.50548743],[138.82837057,35.50580185]]},"id":"gsi-12-3627-1615-road-58"},{"type":"Feature","properties":{"ftCode":2701,"motorway":0,"rnkWidth":1,"rdCtg":1,"tollSect":0,"source_layer":"road","kind":"road_centerline","bridge":false,"major":true},"geometry":{"type":"LineString","coordinates":[[138.8313961,35.50833464],[138.8312459,35.5081425]]},"id":"gsi-12-3627-1615-road-59"},{"type":"Feature","properties":{"ftCode":2701,"motorway":1,"rnkWidth":1,"rdCtg":3,"tollSect":1,"source_layer":"road","kind":"road_centerline","bridge":false,"major":true},"geometry":{"type":"LineString","coordinates":[[138.8308382,35.50779315],[138.83116007,35.50788049]]},"id":"gsi-12-3627-1615-road-60"},{"type":"Feature","properties":{"ftCode":2701,"motorway":1,"rnkWidth":1,"rdCtg":3,"tollSect":1,"source_layer":"road","kind":"road_centerline","bridge":false,"major":true},"geometry":{"type":"LineString","coordinates":[[138.83141756,35.50795036],[138.83116007,35.50788049]]},"id":"gsi-12-3627-1615-road-61"},{"type":"Feature","properties":{"ftCode":2701,"motorway":1,"rnkWidth":1,"rdCtg":3,"tollSect":1,"source_layer":"road","kind":"road_centerline","bridge":false,"major":true},"geometry":{"type":"LineString","coordinates":[[138.83116007,35.50788049],[138.83107424,35.50770582],[138.83120298,35.50763595]]},"id":"gsi-12-3627-1615-road-62"},{"type":"Feature","properties":{"ftCode":2701,"motorway":1,"rnkWidth":1,"rdCtg":3,"tollSect":1,"source_layer":"road","kind":"road_centerline","bridge":false,"major":true},"geometry":{"type":"LineString","coordinates":[[138.83120298,35.50763595],[138.83158922,35.50777569]]},"id":"gsi-12-3627-1615-road-63"},{"type":"Feature","properties":{"ftCode":2701,"motorway":0,"rnkWidth":2,"rdCtg":1,"tollSect":0,"source_layer":"road","kind":"road_centerline","bridge":false,"major":true},"geometry":{"type":"LineString","coordinates":[[138.8312459,35.5081425],[138.83049488,35.50800276],[138.82927179,35.50756608],[138.82897139,35.50737394],[138.82856369,35.50698965]]},"id":"gsi-12-3627-1615-road-64"},{"type":"Feature","properties":{"ftCode":2703,"motorway":1,"rnkWidth":4,"rdCtg":3,"tollSect":1,"source_layer":"road","kind":"road_centerline","bridge":true,"major":true},"geometry":{"type":"LineString","coordinates":[[138.82796288,35.50480618],[138.82927179,35.50520795],[138.83023739,35.50562718],[138.83111715,35.50611627]]},"id":"gsi-12-3627-1615-road-65"},{"type":"Feature","properties":{"ftCode":2701,"motorway":1,"rnkWidth":1,"rdCtg":3,"tollSect":1,"source_layer":"road","kind":"road_centerline","bridge":false,"major":true},"geometry":{"type":"LineString","coordinates":[[138.83088112,35.50754861],[138.83120298,35.50763595]]},"id":"gsi-12-3627-1615-road-66"},{"type":"Feature","properties":{"ftCode":2701,"motorway":1,"rnkWidth":1,"rdCtg":3,"tollSect":1,"source_layer":"road","kind":"road_centerline","bridge":false,"major":true},"geometry":{"type":"LineString","coordinates":[[138.83141756,35.50795036],[138.83221149,35.50802023],[138.83158922,35.50777569]]},"id":"gsi-12-3627-1615-road-67"},{"type":"Feature","properties":{"ftCode":2701,"motorway":1,"rnkWidth":1,"rdCtg":3,"tollSect":1,"source_layer":"road","kind":"road_centerline","bridge":false,"major":true},"geometry":{"type":"LineString","coordinates":[[138.83158922,35.50777569],[138.83212566,35.50788049]]},"id":"gsi-12-3627-1615-road-68"},{"type":"Feature","properties":{"ftCode":2701,"motorway":1,"rnkWidth":2,"rdCtg":3,"tollSect":1,"source_layer":"road","kind":"road_centerline","bridge":false,"major":true},"geometry":{"type":"LineString","coordinates":[[138.83234024,35.50796783],[138.83221149,35.50798529]]},"id":"gsi-12-3627-1615-road-69"},{"type":"Feature","properties":{"ftCode":2701,"motorway":1,"rnkWidth":1,"rdCtg":3,"tollSect":1,"source_layer":"road","kind":"road_centerline","bridge":false,"major":true},"geometry":{"type":"LineString","coordinates":[[138.83141756,35.50795036],[138.83203983,35.50812503],[138.83300543,35.50805516],[138.83349895,35.50821237]]},"id":"gsi-12-3627-1615-road-70"},{"type":"Feature","properties":{"ftCode":2703,"motorway":1,"rnkWidth":1,"rdCtg":3,"tollSect":1,"source_layer":"road","kind":"road_centerline","bridge":true,"major":true},"geometry":{"type":"LineString","coordinates":[[138.83212566,35.50788049],[138.83238316,35.50781062],[138.83246899,35.50761848]]},"id":"gsi-12-3627-1615-road-71"},{"type":"Feature","properties":{"ftCode":2701,"motorway":1,"rnkWidth":4,"rdCtg":3,"tollSect":1,"source_layer":"road","kind":"road_centerline","bridge":false,"major":true},"geometry":{"type":"LineString","coordinates":[[138.83332729,35.50802023],[138.83470058,35.5095748]]},"id":"gsi-12-3627-1615-road-72"},{"type":"Feature","properties":{"ftCode":2703,"motorway":1,"rnkWidth":4,"rdCtg":3,"tollSect":1,"source_layer":"road","kind":"road_centerline","bridge":true,"major":true},"geometry":{"type":"LineString","coordinates":[[138.8329196,35.50758354],[138.83332729,35.50802023]]},"id":"gsi-12-3627-1615-road-73"},{"type":"Feature","properties":{"ftCode":2701,"motorway":1,"rnkWidth":1,"rdCtg":3,"tollSect":1,"source_layer":"road","kind":"road_centerline","bridge":false,"major":true},"geometry":{"type":"LineString","coordinates":[[138.8341856,35.50898092],[138.83384228,35.50826477],[138.83384228,35.50810756]]},"id":"gsi-12-3627-1615-road-74"},{"type":"Feature","properties":{"ftCode":2703,"motorway":1,"rnkWidth":1,"rdCtg":3,"tollSect":1,"source_layer":"road","kind":"road_centerline","bridge":true,"major":true},"geometry":{"type":"LineString","coordinates":[[138.83349895,35.50772328],[138.8337779,35.50770582],[138.83397102,35.50760101],[138.83409977,35.50735647],[138.83407831,35.50719926],[138.83414268,35.50718179],[138.83420706,35.50732153],[138.8341856,35.50747874],[138.83390665,35.50788049],[138.83384228,35.50810756]]},"id":"gsi-12-3627-1615-road-75"},{"type":"Feature","properties":{"ftCode":2701,"motorway":1,"rnkWidth":4,"rdCtg":3,"tollSect":1,"source_layer":"road","kind":"road_centerline","bridge":false,"major":true},"geometry":{"type":"LineString","coordinates":[[138.83111715,35.50611627],[138.83184671,35.50662283],[138.8329196,35.50758354]]},"id":"gsi-12-3627-1615-road-76"},{"type":"Feature","properties":{"ftCode":2701,"motorway":1,"rnkWidth":1,"rdCtg":3,"tollSect":1,"source_layer":"road","kind":"road_centerline","bridge":false,"major":true},"geometry":{"type":"LineString","coordinates":[[138.83246899,35.50761848],[138.83244753,35.50742634],[138.83214712,35.50688485]]},"id":"gsi-12-3627-1615-road-77"},{"type":"Feature","properties":{"ftCode":2701,"motorway":1,"rnkWidth":1,"rdCtg":3,"tollSect":1,"source_layer":"road","kind":"road_centerline","bridge":false,"major":true},"geometry":{"type":"LineString","coordinates":[[138.83264065,35.507339],[138.83332729,35.50768835],[138.83349895,35.50772328]]},"id":"gsi-12-3627-1615-road-78"},{"type":"Feature","properties":{"ftCode":2703,"motorway":1,"rnkWidth":2,"rdCtg":3,"tollSect":1,"source_layer":"road","kind":"road_centerline","bridge":true,"major":true},"geometry":{"type":"LineString","coordinates":[[138.83412123,35.50718179],[138.83401394,35.50705952],[138.83382082,35.50697218],[138.83345604,35.50702459],[138.83234024,35.50796783]]},"id":"gsi-12-3627-1615-road-79"},{"type":"Feature","properties":{"ftCode":2703,"motorway":1,"rnkWidth":4,"rdCtg":3,"tollSect":1,"source_layer":"road","kind":"road_centerline","bridge":true,"major":true},"geometry":{"type":"LineString","coordinates":[[138.821311,35.50450923],[138.82356405,35.50440442],[138.82530212,35.50440442]]},"id":"gsi-12-3627-1615-road-80"},{"type":"Feature","properties":{"ftCode":2701,"motorway":1,"rnkWidth":4,"rdCtg":3,"tollSect":1,"source_layer":"road","kind":"road_centerline","bridge":false,"major":true},"geometry":{"type":"LineString","coordinates":[[138.82530212,35.50440442],[138.82697582,35.5045791],[138.82796288,35.50480618]]},"id":"gsi-12-3627-1615-road-81"},{"type":"Feature","properties":{"ftCode":2701,"motorway":9,"rnkWidth":1,"rdCtg":1,"tollSect":9,"source_layer":"road","kind":"road_centerline","bridge":false,"major":true},"geometry":{"type":"LineString","coordinates":[[138.82504463,35.50129504],[138.82564545,35.5020462],[138.82635355,35.50258772],[138.82738352,35.50379304],[138.82841349,35.50468391],[138.82841349,35.50548743]]},"id":"gsi-12-3627-1615-road-82"},{"type":"Feature","properties":{"ftCode":2701,"motorway":9,"rnkWidth":2,"rdCtg":1,"tollSect":9,"source_layer":"road","kind":"road_centerline","bridge":false,"major":true},"geometry":{"type":"LineString","coordinates":[[138.82431507,35.49416748],[138.82532358,35.49540786],[138.82594585,35.49591449],[138.82759809,35.49877951],[138.82753372,35.49900661],[138.82695436,35.49967043],[138.82504463,35.50129504]]},"id":"gsi-12-3627-1615-road-83"},{"type":"Feature","properties":{"ftCode":2701,"motorway":9,"rnkWidth":1,"rdCtg":1,"tollSect":9,"source_layer":"road","kind":"road_centerline","bridge":false,"major":true},"geometry":{"type":"LineString","coordinates":[[138.8380909,35.51526882],[138.8376832,35.51509416],[138.83738279,35.51470992],[138.83676052,35.514413],[138.83630991,35.51381916],[138.83566618,35.51324277],[138.83478642,35.51210747],[138.83452892,35.51195027],[138.83440018,35.51158347],[138.8341856,35.51130401],[138.83364916,35.51109441],[138.83356333,35.51071014],[138.83364916,35.51023854],[138.83197546,35.50913813],[138.83173943,35.50889359],[138.8313961,35.50833464]]},"id":"gsi-12-3627-1615-road-84"},{"type":"Feature","properties":{"ftCode":2703,"motorway":1,"rnkWidth":4,"rdCtg":3,"tollSect":1,"source_layer":"road","kind":"road_centerline","bridge":true,"major":true},"geometry":{"type":"LineString","coordinates":[[138.83470058,35.5095748],[138.83564472,35.51067521]]},"id":"gsi-12-3627-1615-road-85"},{"type":"Feature","properties":{"ftCode":2701,"motorway":1,"rnkWidth":4,"rdCtg":3,"tollSect":1,"source_layer":"road","kind":"road_centerline","bridge":false,"major":true},"geometry":{"type":"LineString","coordinates":[[138.83564472,35.51067521],[138.83665323,35.51167081],[138.83815527,35.51282359],[138.83939981,35.5135921],[138.8424468,35.5151291]]},"id":"gsi-12-3627-1615-road-86"},{"type":"Feature","properties":{"ftCode":2701,"motorway":0,"rnkWidth":1,"rdCtg":1,"tollSect":9,"source_layer":"road","kind":"road_centerline","bridge":false,"major":true},"geometry":{"type":"LineString","coordinates":[[138.85203838,35.52352967],[138.85251045,35.52429808]]},"id":"gsi-12-3627-1615-road-87"},{"type":"Feature","properties":{"ftCode":2703,"motorway":9,"rnkWidth":1,"rdCtg":1,"tollSect":9,"source_layer":"road","kind":"road_centerline","bridge":true,"major":true},"geometry":{"type":"LineString","coordinates":[[138.85482788,35.52728433],[138.85463476,35.52698745]]},"id":"gsi-12-3627-1615-road-88"},{"type":"Feature","properties":{"ftCode":2701,"motorway":9,"rnkWidth":1,"rdCtg":1,"tollSect":9,"source_layer":"road","kind":"road_centerline","bridge":false,"major":true},"geometry":{"type":"LineString","coordinates":[[138.85463476,35.52698745],[138.85433435,35.52656834],[138.85328293,35.52552053],[138.85251045,35.52429808]]},"id":"gsi-12-3627-1615-road-89"},{"type":"Feature","properties":{"ftCode":2701,"motorway":9,"rnkWidth":1,"rdCtg":1,"tollSect":9,"source_layer":"road","kind":"road_centerline","bridge":false,"major":true},"geometry":{"type":"LineString","coordinates":[[138.85523558,35.52786061],[138.85482788,35.52728433]]},"id":"gsi-12-3627-1615-road-90"},{"type":"Feature","properties":{"ftCode":2703,"motorway":1,"rnkWidth":4,"rdCtg":3,"tollSect":1,"source_layer":"road","kind":"road_centerline","bridge":true,"major":true},"geometry":{"type":"LineString","coordinates":[[138.85409832,35.52592219],[138.8557291,35.52822733]]},"id":"gsi-12-3627-1615-road-91"},{"type":"Feature","properties":{"ftCode":2701,"motorway":0,"rnkWidth":2,"rdCtg":1,"tollSect":9,"source_layer":"road","kind":"road_centerline","bridge":false,"major":true},"geometry":{"type":"LineString","coordinates":[[138.84253263,35.51650888],[138.8430047,35.51633422],[138.84339094,35.51633422],[138.84377718,35.51645648],[138.84697437,35.51832526],[138.84772539,35.51883175],[138.84922743,35.52007175],[138.8499999,35.52087512],[138.85057926,35.52164355],[138.85145903,35.52260408],[138.85203838,35.52352967]]},"id":"gsi-12-3627-1615-road-92"},{"type":"Feature","properties":{"ftCode":2701,"motorway":9,"rnkWidth":2,"rdCtg":0,"tollSect":9,"source_layer":"road","kind":"road_centerline","bridge":false,"major":true},"geometry":{"type":"LineString","coordinates":[[138.81933689,35.50393278],[138.8267827,35.50875385],[138.82794142,35.5095748],[138.82867098,35.51029094],[138.83062363,35.51196774],[138.83482933,35.51668353],[138.83553743,35.51739961],[138.84032249,35.52001935],[138.84287596,35.52197537],[138.84547234,35.52340743],[138.84716749,35.52396627],[138.84931326,35.52490931],[138.84987116,35.52529351],[138.85154486,35.52620161],[138.85214567,35.52679536],[138.85261774,35.52709223],[138.853755,35.52751135],[138.85723114,35.52834957],[138.85776758,35.5285242],[138.86066437,35.52992121],[138.86291742,35.53088164],[138.86476278,35.53222623]]},"id":"gsi-12-3627-1615-road-93"},{"type":"Feature","properties":{"ftCode":2703,"motorway":1,"rnkWidth":4,"rdCtg":3,"tollSect":1,"source_layer":"road","kind":"road_centerline","bridge":true,"major":true},"geometry":{"type":"LineString","coordinates":[[138.84933472,35.51979231],[138.84957075,35.52001935]]},"id":"gsi-12-3627-1615-road-94"},{"type":"Feature","properties":{"ftCode":2701,"motorway":9,"rnkWidth":1,"rdCtg":1,"tollSect":9,"source_layer":"road","kind":"road_centerline","bridge":false,"major":true},"geometry":{"type":"LineString","coordinates":[[138.84922743,35.52007175],[138.84894848,35.52021146],[138.84884119,35.52064808],[138.84871244,35.52075287],[138.84869099,35.52104976],[138.84744644,35.52052583],[138.8467598,35.52001935],[138.84643793,35.51942555],[138.84598732,35.5190064],[138.84532213,35.51870949],[138.84448528,35.51806329],[138.84414196,35.5175044],[138.84354115,35.51689312],[138.8428545,35.51652634]]},"id":"gsi-12-3627-1615-road-95"},{"type":"Feature","properties":{"ftCode":2701,"motorway":1,"rnkWidth":4,"rdCtg":3,"tollSect":1,"source_layer":"road","kind":"road_centerline","bridge":false,"major":true},"geometry":{"type":"LineString","coordinates":[[138.84459257,35.51622943],[138.84721041,35.51792356],[138.84879827,35.5192509],[138.84933472,35.51979231]]},"id":"gsi-12-3627-1615-road-96"},{"type":"Feature","properties":{"ftCode":2701,"motorway":1,"rnkWidth":4,"rdCtg":3,"tollSect":1,"source_layer":"road","kind":"road_centerline","bridge":false,"major":true},"geometry":{"type":"LineString","coordinates":[[138.84957075,35.52001935],[138.85045052,35.52092751],[138.85163069,35.52232466],[138.85409832,35.52592219]]},"id":"gsi-12-3627-1615-road-97"},{"type":"Feature","properties":{"ftCode":2703,"motorway":1,"rnkWidth":4,"rdCtg":3,"tollSect":1,"source_layer":"road","kind":"road_centerline","bridge":true,"major":true},"geometry":{"type":"LineString","coordinates":[[138.85772467,35.53060224],[138.85871172,35.53152774]]},"id":"gsi-12-3627-1615-road-98"},{"type":"Feature","properties":{"ftCode":2701,"motorway":1,"rnkWidth":4,"rdCtg":3,"tollSect":1,"source_layer":"road","kind":"road_centerline","bridge":false,"major":true},"geometry":{"type":"LineString","coordinates":[[138.8557291,35.52822733],[138.85688782,35.52972912],[138.85772467,35.53060224]]},"id":"gsi-12-3627-1615-road-99"},{"type":"Feature","properties":{"ftCode":2701,"motorway":9,"rnkWidth":2,"rdCtg":1,"tollSect":9,"source_layer":"road","kind":"road_centerline","bridge":false,"major":true},"geometry":{"type":"LineString","coordinates":[[138.82334948,35.4931542],[138.82431507,35.49416748]]},"id":"gsi-12-3627-1615-road-100"},{"type":"Feature","properties":{"ftCode":2701,"motorway":9,"rnkWidth":2,"rdCtg":1,"tollSect":9,"source_layer":"road","kind":"road_centerline","bridge":false,"major":true},"geometry":{"type":"LineString","coordinates":[[138.82431507,35.49416748],[138.82513046,35.49390543],[138.82549524,35.49367831],[138.82577419,35.49367831],[138.83019447,35.49453436],[138.83075237,35.49455183],[138.83729696,35.49369578],[138.83751154,35.49477894]]},"id":"gsi-12-3627-1615-road-101"},{"type":"Feature","properties":{"ftCode":2703,"motorway":9,"rnkWidth":2,"rdCtg":1,"tollSect":9,"source_layer":"road","kind":"road_centerline","bridge":true,"major":true},"geometry":{"type":"LineString","coordinates":[[138.82910013,35.47847763],[138.82946491,35.4784951]]},"id":"gsi-12-3627-1615-road-102"},{"type":"Feature","properties":{"ftCode":2701,"motorway":9,"rnkWidth":2,"rdCtg":1,"tollSect":9,"source_layer":"road","kind":"road_centerline","bridge":false,"major":true},"geometry":{"type":"LineString","coordinates":[[138.82946491,35.4784951],[138.8302803,35.4788271],[138.83070946,35.47886205],[138.83103132,35.47877468],[138.83133173,35.47861742],[138.83188963,35.47790099],[138.83214712,35.47772625],[138.83238316,35.47765636],[138.83390665,35.47760394],[138.83437872,35.47751657],[138.83467913,35.47727193],[138.83491516,35.47692245],[138.83510828,35.47585653],[138.83538723,35.4753323]]},"id":"gsi-12-3627-1615-road-103"},{"type":"Feature","properties":{"ftCode":2703,"motorway":9,"rnkWidth":2,"rdCtg":1,"tollSect":9,"source_layer":"road","kind":"road_centerline","bridge":true,"major":true},"geometry":{"type":"LineString","coordinates":[[138.83538723,35.4753323],[138.83581638,35.47500028],[138.83699656,35.47447605]]},"id":"gsi-12-3627-1615-road-104"},{"type":"Feature","properties":{"ftCode":2701,"motorway":9,"rnkWidth":2,"rdCtg":1,"tollSect":9,"source_layer":"road","kind":"road_centerline","bridge":false,"major":true},"geometry":{"type":"LineString","coordinates":[[138.83699656,35.47447605],[138.83714676,35.47440615]]},"id":"gsi-12-3627-1615-road-105"},{"type":"Feature","properties":{"ftCode":2704,"motorway":9,"rnkWidth":2,"rdCtg":1,"tollSect":9,"source_layer":"road","kind":"road_centerline","bridge":false,"major":true},"geometry":{"type":"LineString","coordinates":[[138.84060144,35.46828981],[138.83817673,35.47346252],[138.83774757,35.47400423],[138.83714676,35.47440615]]},"id":"gsi-12-3627-1615-road-106"},{"type":"Feature","properties":{"ftCode":2701,"motorway":9,"rnkWidth":2,"rdCtg":1,"tollSect":9,"source_layer":"road","kind":"road_centerline","bridge":false,"major":true},"geometry":{"type":"LineString","coordinates":[[138.84060144,35.46828981],[138.84100914,35.46738106],[138.84186745,35.46631501],[138.84186745,35.46526642],[138.84199619,35.46414791]]},"id":"gsi-12-3627-1615-road-107"},{"type":"Feature","properties":{"ftCode":2703,"motorway":9,"rnkWidth":2,"rdCtg":1,"tollSect":9,"source_layer":"road","kind":"road_centerline","bridge":true,"major":true},"geometry":{"type":"LineString","coordinates":[[138.84199619,35.46414791],[138.84201765,35.4637809]]},"id":"gsi-12-3627-1615-road-108"},{"type":"Feature","properties":{"ftCode":2701,"motorway":9,"rnkWidth":2,"rdCtg":1,"tollSect":9,"source_layer":"road","kind":"road_centerline","bridge":false,"major":true},"geometry":{"type":"LineString","coordinates":[[138.78225803,35.46066995],[138.78277302,35.46177103],[138.78318071,35.46238274],[138.7884593,35.46806263],[138.78871679,35.46827234],[138.78959656,35.46865681],[138.79017591,35.46874419],[138.79058361,35.46874419],[138.79165649,35.46862185],[138.79206419,35.46863933],[138.79262209,35.46879661],[138.79305124,35.46900632],[138.79350185,35.46939079],[138.79609823,35.47244897]]},"id":"gsi-12-3627-1615-road-111"},{"type":"Feature","properties":{"ftCode":2701,"motorway":9,"rnkWidth":2,"rdCtg":1,"tollSect":9,"source_layer":"road","kind":"road_centerline","bridge":false,"major":true},"geometry":{"type":"LineString","coordinates":[[138.84201765,35.4637809],[138.84233952,35.46066995]]},"id":"gsi-12-3627-1615-road-113"},{"type":"Feature","properties":{"ftCode":2701,"motorway":1,"rnkWidth":2,"rdCtg":3,"tollSect":1,"source_layer":"road","kind":"road_centerline","bridge":false,"major":true},"geometry":{"type":"LineString","coordinates":[[138.77929688,35.4598485],[138.77946854,35.45967372]]},"id":"gsi-12-3627-1616-road-0"},{"type":"Feature","properties":{"ftCode":2701,"motorway":9,"rnkWidth":2,"rdCtg":0,"tollSect":9,"source_layer":"road","kind":"road_centerline","bridge":false,"major":true},"geometry":{"type":"LineString","coordinates":[[138.80423069,35.46066995],[138.80438089,35.46012814]]},"id":"gsi-12-3627-1616-road-1"},{"type":"Feature","properties":{"ftCode":2701,"motorway":9,"rnkWidth":1,"rdCtg":1,"tollSect":9,"source_layer":"road","kind":"road_centerline","bridge":false,"major":true},"geometry":{"type":"LineString","coordinates":[[138.77929688,35.40556178],[138.77983332,35.40538689],[138.78043413,35.40538689],[138.7813139,35.4055268],[138.78208637,35.40549182],[138.78210783,35.40566672],[138.78195763,35.40577166],[138.7816143,35.4058591],[138.78144264,35.40610396],[138.78137827,35.40633132],[138.78144264,35.40710085],[138.78122807,35.40773046],[138.78124952,35.40834257],[138.78107786,35.4086049],[138.78086329,35.40869235],[138.78086329,35.40881477],[138.78103495,35.40888473],[138.78197908,35.40856993],[138.78208637,35.40851746],[138.78215075,35.40822015],[138.78225803,35.40815019],[138.78240824,35.40815019],[138.78266573,35.4082901],[138.78290176,35.40830759],[138.78305197,35.40804526],[138.78365278,35.40795781],[138.78399611,35.40767799],[138.78446817,35.40778292],[138.78498316,35.40808024],[138.78513336,35.40809772],[138.78532648,35.40799279],[138.78556252,35.40760803],[138.78569126,35.40757305],[138.78588438,35.4076605],[138.78571272,35.40815019],[138.78577709,35.40867486],[138.78573418,35.40881477],[138.78530502,35.40919952],[138.78549814,35.40951432],[138.78590584,35.4098466],[138.78560543,35.4106161],[138.78517628,35.4109134],[138.78491879,35.41122819],[138.78442526,35.41154298],[138.78367424,35.41231246],[138.78367424,35.41264473],[138.78356695,35.4128371],[138.78333092,35.41294203],[138.78307343,35.412977],[138.78232241,35.41344918],[138.78232241,35.41381642],[138.78296614,35.41435854],[138.78318071,35.41462085],[138.78307343,35.41490065],[138.78238678,35.41546025],[138.78206491,35.41591492],[138.78120661,35.41642205],[138.78058434,35.41666687],[138.78017664,35.41689421],[138.77983332,35.41724395],[138.77929688,35.41764615],[138.77929688,35.41764616]]},"id":"gsi-12-3627-1616-road-2"},{"type":"Feature","properties":{"ftCode":2703,"motorway":1,"rnkWidth":2,"rdCtg":3,"tollSect":1,"source_layer":"road","kind":"road_centerline","bridge":true,"major":true},"geometry":{"type":"LineString","coordinates":[[138.77946854,35.45967372],[138.77981186,35.45939408]]},"id":"gsi-12-3627-1616-road-3"},{"type":"Feature","properties":{"ftCode":2701,"motorway":1,"rnkWidth":2,"rdCtg":3,"tollSect":1,"source_layer":"road","kind":"road_centerline","bridge":false,"major":true},"geometry":{"type":"LineString","coordinates":[[138.77981186,35.45939408],[138.78006935,35.45918434]]},"id":"gsi-12-3627-1616-road-4"},{"type":"Feature","properties":{"ftCode":2703,"motorway":1,"rnkWidth":2,"rdCtg":3,"tollSect":1,"source_layer":"road","kind":"road_centerline","bridge":true,"major":true},"geometry":{"type":"LineString","coordinates":[[138.78006935,35.45918434],[138.78032684,35.45899209]]},"id":"gsi-12-3627-1616-road-5"},{"type":"Feature","properties":{"ftCode":2701,"motorway":1,"rnkWidth":2,"rdCtg":3,"tollSect":1,"source_layer":"road","kind":"road_centerline","bridge":false,"major":true},"geometry":{"type":"LineString","coordinates":[[138.78032684,35.45899209],[138.78109932,35.4585027]]},"id":"gsi-12-3627-1616-road-6"},{"type":"Feature","properties":{"ftCode":2703,"motorway":1,"rnkWidth":2,"rdCtg":3,"tollSect":1,"source_layer":"road","kind":"road_centerline","bridge":true,"major":true},"geometry":{"type":"LineString","coordinates":[[138.78109932,35.4585027],[138.78142118,35.45832792]]},"id":"gsi-12-3627-1616-road-7"},{"type":"Feature","properties":{"ftCode":2701,"motorway":9,"rnkWidth":2,"rdCtg":1,"tollSect":9,"source_layer":"road","kind":"road_centerline","bridge":false,"major":true},"geometry":{"type":"LineString","coordinates":[[138.77929688,35.45519928],[138.77929688,35.45519929],[138.78114223,35.45829297],[138.78225803,35.46066995]]},"id":"gsi-12-3627-1616-road-8"},{"type":"Feature","properties":{"ftCode":2701,"motorway":1,"rnkWidth":2,"rdCtg":3,"tollSect":1,"source_layer":"road","kind":"road_centerline","bridge":false,"major":true},"geometry":{"type":"LineString","coordinates":[[138.78142118,35.45832792],[138.78285885,35.45766375],[138.78376007,35.45734914],[138.7894249,35.45568869]]},"id":"gsi-12-3627-1616-road-9"},{"type":"Feature","properties":{"ftCode":2701,"motorway":1,"rnkWidth":3,"rdCtg":3,"tollSect":1,"source_layer":"road","kind":"road_centerline","bridge":false,"major":true},"geometry":{"type":"LineString","coordinates":[[138.7894249,35.45568869],[138.79174232,35.45495458]]},"id":"gsi-12-3627-1616-road-10"},{"type":"Feature","properties":{"ftCode":2701,"motorway":1,"rnkWidth":1,"rdCtg":3,"tollSect":0,"source_layer":"road","kind":"road_centerline","bridge":false,"major":true},"geometry":{"type":"LineString","coordinates":[[138.79721403,35.45416803],[138.79738569,35.45411559],[138.79764318,35.45387089],[138.7978363,35.45383593],[138.79792213,35.45390585],[138.79787922,35.4540282],[138.79725695,35.45425543]]},"id":"gsi-12-3627-1616-road-11"},{"type":"Feature","properties":{"ftCode":2701,"motorway":1,"rnkWidth":1,"rdCtg":3,"tollSect":1,"source_layer":"road","kind":"road_centerline","bridge":false,"major":true},"geometry":{"type":"LineString","coordinates":[[138.79815817,35.45392333],[138.79787922,35.4540282]]},"id":"gsi-12-3627-1616-road-12"},{"type":"Feature","properties":{"ftCode":2701,"motorway":1,"rnkWidth":1,"rdCtg":3,"tollSect":1,"source_layer":"road","kind":"road_centerline","bridge":false,"major":true},"geometry":{"type":"LineString","coordinates":[[138.7986517,35.45350383],[138.79886627,35.45324164],[138.79888773,35.4528571],[138.79878044,35.45261239],[138.79863024,35.45249003],[138.79841566,35.45242011],[138.79796505,35.45249003],[138.79611969,35.4532766],[138.79528284,35.45348635]]},"id":"gsi-12-3627-1616-road-13"},{"type":"Feature","properties":{"ftCode":2701,"motorway":1,"rnkWidth":4,"rdCtg":3,"tollSect":1,"source_layer":"road","kind":"road_centerline","bridge":false,"major":true},"geometry":{"type":"LineString","coordinates":[[138.79174232,35.45495458],[138.79298687,35.45450013],[138.79633427,35.45301441],[138.79781485,35.45224532],[138.80165577,35.45002541]]},"id":"gsi-12-3627-1616-road-14"},{"type":"Feature","properties":{"ftCode":2701,"motorway":1,"rnkWidth":1,"rdCtg":3,"tollSect":1,"source_layer":"road","kind":"road_centerline","bridge":false,"major":true},"geometry":{"type":"LineString","coordinates":[[138.79772902,35.45205305],[138.79639864,35.45282214],[138.7960124,35.45315424]]},"id":"gsi-12-3627-1616-road-15"},{"type":"Feature","properties":{"ftCode":2701,"motorway":1,"rnkWidth":1,"rdCtg":3,"tollSect":1,"source_layer":"road","kind":"road_centerline","bridge":false,"major":true},"geometry":{"type":"LineString","coordinates":[[138.79777193,35.45383593],[138.79805088,35.45373106]]},"id":"gsi-12-3627-1616-road-16"},{"type":"Feature","properties":{"ftCode":2701,"motorway":1,"rnkWidth":1,"rdCtg":3,"tollSect":1,"source_layer":"road","kind":"road_centerline","bridge":false,"major":true},"geometry":{"type":"LineString","coordinates":[[138.79815817,35.45392333],[138.79800797,35.45387089],[138.79805088,35.45373106]]},"id":"gsi-12-3627-1616-road-17"},{"type":"Feature","properties":{"ftCode":2701,"motorway":1,"rnkWidth":1,"rdCtg":3,"tollSect":1,"source_layer":"road","kind":"road_centerline","bridge":false,"major":true},"geometry":{"type":"LineString","coordinates":[[138.79805088,35.45373106],[138.7986517,35.45350383]]},"id":"gsi-12-3627-1616-road-18"},{"type":"Feature","properties":{"ftCode":2704,"motorway":1,"rnkWidth":1,"rdCtg":3,"tollSect":1,"source_layer":"road","kind":"road_centerline","bridge":false,"major":true},"geometry":{"type":"LineString","coordinates":[[138.79837275,35.45221036],[138.79802942,35.45205305],[138.79772902,35.45205305]]},"id":"gsi-12-3627-1616-road-19"},{"type":"Feature","properties":{"ftCode":2701,"motorway":1,"rnkWidth":1,"rdCtg":3,"tollSect":1,"source_layer":"road","kind":"road_centerline","bridge":false,"major":true},"geometry":{"type":"LineString","coordinates":[[138.79899502,35.4536087],[138.79815817,35.45392333]]},"id":"gsi-12-3627-1616-road-20"},{"type":"Feature","properties":{"ftCode":2701,"motorway":1,"rnkWidth":1,"rdCtg":3,"tollSect":1,"source_layer":"road","kind":"road_centerline","bridge":false,"major":true},"geometry":{"type":"LineString","coordinates":[[138.79899502,35.45334652],[138.7986517,35.45350383]]},"id":"gsi-12-3627-1616-road-21"},{"type":"Feature","properties":{"ftCode":2701,"motorway":1,"rnkWidth":1,"rdCtg":3,"tollSect":1,"source_layer":"road","kind":"road_centerline","bridge":false,"major":true},"geometry":{"type":"LineString","coordinates":[[138.79899502,35.4536087],[138.79923105,35.4532766],[138.79916668,35.45296197],[138.7988019,35.45249003],[138.79837275,35.45221036]]},"id":"gsi-12-3627-1616-road-22"},{"type":"Feature","properties":{"ftCode":2704,"motorway":1,"rnkWidth":1,"rdCtg":3,"tollSect":1,"source_layer":"road","kind":"road_centerline","bridge":false,"major":true},"geometry":{"type":"LineString","coordinates":[[138.79929543,35.45292701],[138.79920959,35.4531892],[138.79899502,35.45334652]]},"id":"gsi-12-3627-1616-road-23"},{"type":"Feature","properties":{"ftCode":2701,"motorway":1,"rnkWidth":1,"rdCtg":3,"tollSect":1,"source_layer":"road","kind":"road_centerline","bridge":false,"major":true},"geometry":{"type":"LineString","coordinates":[[138.79856586,35.45208801],[138.79867315,35.4522628],[138.79914522,35.4526823],[138.79929543,35.45292701]]},"id":"gsi-12-3627-1616-road-24"},{"type":"Feature","properties":{"ftCode":2704,"motorway":1,"rnkWidth":1,"rdCtg":3,"tollSect":1,"source_layer":"road","kind":"road_centerline","bridge":false,"major":true},"geometry":{"type":"LineString","coordinates":[[138.79856586,35.45159858],[138.79848003,35.4517559],[138.79856586,35.45208801]]},"id":"gsi-12-3627-1616-road-25"},{"type":"Feature","properties":{"ftCode":2701,"motorway":1,"rnkWidth":1,"rdCtg":3,"tollSect":1,"source_layer":"road","kind":"road_centerline","bridge":false,"major":true},"geometry":{"type":"LineString","coordinates":[[138.79899502,35.4536087],[138.79920959,35.45353879],[138.79942417,35.45338147],[138.79953146,35.45308433],[138.79938126,35.45278718],[138.79903793,35.45249003],[138.79890919,35.45229776],[138.79893064,35.45198313],[138.79923105,35.45168598],[138.80019665,35.45103923],[138.8004756,35.45070712]]},"id":"gsi-12-3627-1616-road-26"},{"type":"Feature","properties":{"ftCode":2701,"motorway":1,"rnkWidth":1,"rdCtg":3,"tollSect":1,"source_layer":"road","kind":"road_centerline","bridge":false,"major":true},"geometry":{"type":"LineString","coordinates":[[138.8011837,35.45030508],[138.8006258,35.4504624],[138.80017519,35.45067216],[138.79860878,35.45152866],[138.79856586,35.45159858]]},"id":"gsi-12-3627-1616-road-27"},{"type":"Feature","properties":{"ftCode":2701,"motorway":0,"rnkWidth":3,"rdCtg":0,"tollSect":0,"source_layer":"road","kind":"road_centerline","bridge":false,"major":true},"geometry":{"type":"LineString","coordinates":[[138.80438089,35.46012814],[138.80444527,35.4598485],[138.80427361,35.45888722],[138.80435944,35.45824053],[138.80455256,35.45790845],[138.80547523,35.4569821],[138.80584002,35.45652766]]},"id":"gsi-12-3627-1616-road-28"},{"type":"Feature","properties":{"ftCode":2701,"motorway":9,"rnkWidth":2,"rdCtg":0,"tollSect":9,"source_layer":"road","kind":"road_centerline","bridge":false,"major":true},"geometry":{"type":"LineString","coordinates":[[138.80584002,35.45652766],[138.80637646,35.45612565]]},"id":"gsi-12-3627-1616-road-29"},{"type":"Feature","properties":{"ftCode":2703,"motorway":9,"rnkWidth":2,"rdCtg":0,"tollSect":9,"source_layer":"road","kind":"road_centerline","bridge":true,"major":true},"geometry":{"type":"LineString","coordinates":[[138.80667686,35.45593339],[138.80637646,35.45612565]]},"id":"gsi-12-3627-1616-road-30"},{"type":"Feature","properties":{"ftCode":2701,"motorway":1,"rnkWidth":3,"rdCtg":3,"tollSect":1,"source_layer":"road","kind":"road_centerline","bridge":false,"major":true},"geometry":{"type":"LineString","coordinates":[[138.80165577,35.45002541],[138.80431652,35.44843472]]},"id":"gsi-12-3627-1616-road-31"},{"type":"Feature","properties":{"ftCode":2703,"motorway":1,"rnkWidth":2,"rdCtg":3,"tollSect":1,"source_layer":"road","kind":"road_centerline","bridge":true,"major":true},"geometry":{"type":"LineString","coordinates":[[138.80431652,35.44843472],[138.80470276,35.44822496]]},"id":"gsi-12-3627-1616-road-32"},{"type":"Feature","properties":{"ftCode":2701,"motorway":1,"rnkWidth":2,"rdCtg":3,"tollSect":1,"source_layer":"road","kind":"road_centerline","bridge":false,"major":true},"geometry":{"type":"LineString","coordinates":[[138.80470276,35.44822496],[138.81034613,35.44511341]]},"id":"gsi-12-3627-1616-road-33"},{"type":"Feature","properties":{"ftCode":2703,"motorway":1,"rnkWidth":2,"rdCtg":3,"tollSect":1,"source_layer":"road","kind":"road_centerline","bridge":true,"major":true},"geometry":{"type":"LineString","coordinates":[[138.81034613,35.44511341],[138.81088257,35.44483371]]},"id":"gsi-12-3627-1616-road-34"},{"type":"Feature","properties":{"ftCode":2701,"motorway":9,"rnkWidth":2,"rdCtg":0,"tollSect":9,"source_layer":"road","kind":"road_centerline","bridge":false,"major":true},"geometry":{"type":"LineString","coordinates":[[138.83946419,35.43619763],[138.83884192,35.43684449],[138.83821964,35.43733401],[138.83146048,35.44196677],[138.82963657,35.44287581],[138.82498026,35.44504348],[138.81747007,35.44908149],[138.8148737,35.45058476],[138.8135004,35.45172094],[138.81105423,35.4532766],[138.80667686,35.45593339]]},"id":"gsi-12-3627-1616-road-35"},{"type":"Feature","properties":{"ftCode":2701,"motorway":1,"rnkWidth":2,"rdCtg":3,"tollSect":1,"source_layer":"road","kind":"road_centerline","bridge":false,"major":true},"geometry":{"type":"LineString","coordinates":[[138.81088257,35.44483371],[138.82697582,35.43633749]]},"id":"gsi-12-3627-1616-road-36"},{"type":"Feature","properties":{"ftCode":2701,"motorway":1,"rnkWidth":4,"rdCtg":3,"tollSect":1,"source_layer":"road","kind":"road_centerline","bridge":false,"major":true},"geometry":{"type":"LineString","coordinates":[[138.82697582,35.43633749],[138.83023739,35.43471157],[138.83457184,35.43301568]]},"id":"gsi-12-3627-1616-road-37"},{"type":"Feature","properties":{"ftCode":2701,"motorway":1,"rnkWidth":3,"rdCtg":3,"tollSect":1,"source_layer":"road","kind":"road_centerline","bridge":false,"major":true},"geometry":{"type":"LineString","coordinates":[[138.83708239,35.435306],[138.83615971,35.43469409]]},"id":"gsi-12-3627-1616-road-38"},{"type":"Feature","properties":{"ftCode":2701,"motorway":1,"rnkWidth":1,"rdCtg":3,"tollSect":1,"source_layer":"road","kind":"road_centerline","bridge":false,"major":true},"geometry":{"type":"LineString","coordinates":[[138.83978605,35.43586545],[138.83849859,35.43570811],[138.83755445,35.43542838],[138.83723259,35.43527103],[138.83708239,35.435306],[138.83710384,35.43541089],[138.83804798,35.43586545],[138.83937836,35.43630253]]},"id":"gsi-12-3627-1616-road-39"},{"type":"Feature","properties":{"ftCode":2701,"motorway":1,"rnkWidth":2,"rdCtg":3,"tollSect":1,"source_layer":"road","kind":"road_centerline","bridge":false,"major":true},"geometry":{"type":"LineString","coordinates":[[138.84128809,35.43598783],[138.84053707,35.43607525],[138.83942127,35.43604028],[138.83806944,35.43574307],[138.83708239,35.435306]]},"id":"gsi-12-3627-1616-road-40"},{"type":"Feature","properties":{"ftCode":2703,"motorway":9,"rnkWidth":2,"rdCtg":0,"tollSect":9,"source_layer":"road","kind":"road_centerline","bridge":true,"major":true},"geometry":{"type":"LineString","coordinates":[[138.83946419,35.43619763],[138.83972168,35.43593538]]},"id":"gsi-12-3627-1616-road-41"},{"type":"Feature","properties":{"ftCode":2703,"motorway":1,"rnkWidth":4,"rdCtg":3,"tollSect":1,"source_layer":"road","kind":"road_centerline","bridge":true,"major":true},"geometry":{"type":"LineString","coordinates":[[138.83457184,35.43301568],[138.83510828,35.43278839]]},"id":"gsi-12-3627-1616-road-42"},{"type":"Feature","properties":{"ftCode":2701,"motorway":1,"rnkWidth":2,"rdCtg":3,"tollSect":1,"source_layer":"road","kind":"road_centerline","bridge":false,"major":true},"geometry":{"type":"LineString","coordinates":[[138.8345933,35.43261356],[138.83536577,35.43374999],[138.83615971,35.43469409]]},"id":"gsi-12-3627-1616-road-43"},{"type":"Feature","properties":{"ftCode":2701,"motorway":1,"rnkWidth":1,"rdCtg":3,"tollSect":1,"source_layer":"road","kind":"road_centerline","bridge":false,"major":true},"geometry":{"type":"LineString","coordinates":[[138.83819818,35.43063788],[138.83804798,35.43069033],[138.83736134,35.43121485],[138.83663177,35.43165195],[138.83502245,35.43231633],[138.8345933,35.43261356],[138.83422852,35.43270097],[138.83111715,35.434257],[138.83098841,35.43439687]]},"id":"gsi-12-3627-1616-road-44"},{"type":"Feature","properties":{"ftCode":2701,"motorway":1,"rnkWidth":1,"rdCtg":3,"tollSect":1,"source_layer":"road","kind":"road_centerline","bridge":false,"major":true},"geometry":{"type":"LineString","coordinates":[[138.83128881,35.43427449],[138.83143902,35.43429197],[138.83390665,35.43359264],[138.83440018,35.4335227],[138.8345933,35.43354019],[138.83482933,35.43364509],[138.83607388,35.43469409],[138.83615971,35.43469409],[138.83618116,35.43460667],[138.83555889,35.43376747],[138.83547306,35.43345277],[138.83549452,35.433208],[138.83568764,35.43292826],[138.83781195,35.43114491],[138.8382411,35.43070781],[138.83832693,35.43051549]]},"id":"gsi-12-3627-1616-road-45"},{"type":"Feature","properties":{"ftCode":2701,"motorway":1,"rnkWidth":4,"rdCtg":3,"tollSect":1,"source_layer":"road","kind":"road_centerline","bridge":false,"major":true},"geometry":{"type":"LineString","coordinates":[[138.83510828,35.43278839],[138.83596659,35.4323513],[138.83680344,35.43182679],[138.83772612,35.43109246],[138.83873463,35.43007838],[138.83937836,35.42923914],[138.83978605,35.42857473],[138.84032249,35.42743822],[138.84092331,35.42575967]]},"id":"gsi-12-3627-1616-road-46"},{"type":"Feature","properties":{"ftCode":2701,"motorway":9,"rnkWidth":1,"rdCtg":1,"tollSect":9,"source_layer":"road","kind":"road_centerline","bridge":false,"major":true},"geometry":{"type":"LineString","coordinates":[[138.85660887,35.45366114],[138.85399103,35.45484971],[138.85341167,35.45476231],[138.8531971,35.45477979],[138.85298252,35.45491962],[138.85266066,35.45547894]]},"id":"gsi-12-3627-1616-road-47"},{"type":"Feature","properties":{"ftCode":2701,"motorway":9,"rnkWidth":2,"rdCtg":1,"tollSect":9,"source_layer":"road","kind":"road_centerline","bridge":false,"major":true},"geometry":{"type":"LineString","coordinates":[[138.84233952,35.46066995],[138.84246826,35.45993589],[138.84800434,35.45976111],[138.85124445,35.45934164],[138.8539052,35.45871244],[138.85484934,35.45869496],[138.85632992,35.45799584],[138.85841131,35.45731419],[138.85759592,35.45605574],[138.85727406,35.45544399],[138.853755,35.44563783],[138.85259628,35.44343522],[138.85190964,35.44194929],[138.85135174,35.44125002],[138.85083675,35.44037593],[138.84937763,35.43934449],[138.84896994,35.43895988],[138.84811163,35.43738646],[138.8478756,35.43630253],[138.84658813,35.43334787],[138.84542942,35.42923914]]},"id":"gsi-12-3627-1616-road-48"},{"type":"Feature","properties":{"ftCode":2701,"motorway":9,"rnkWidth":0,"rdCtg":1,"tollSect":9,"source_layer":"road","kind":"road_centerline","bridge":false,"major":true},"geometry":{"type":"LineString","coordinates":[[138.84854078,35.43670463],[138.84828329,35.43694939],[138.84826183,35.43719415],[138.84886265,35.43799835],[138.84922743,35.43822562],[138.85083675,35.43894239],[138.85139465,35.43946686],[138.85212421,35.44091787],[138.85205984,35.44119758],[138.85173798,35.44158218],[138.85173798,35.44172203]]},"id":"gsi-12-3627-1616-road-49"},{"type":"Feature","properties":{"ftCode":2701,"motorway":9,"rnkWidth":2,"rdCtg":0,"tollSect":9,"source_layer":"road","kind":"road_centerline","bridge":false,"major":true},"geometry":{"type":"LineString","coordinates":[[138.85751009,35.41642205],[138.85478497,35.41899263],[138.84961367,35.42339914],[138.8492918,35.42394119],[138.84920597,35.42425593],[138.84924889,35.42485043],[138.84937763,35.42537499],[138.84933472,35.42570721],[138.84909868,35.42621428],[138.84860516,35.42698362],[138.84796143,35.42766553],[138.84742498,35.42808516],[138.84583712,35.42895939],[138.84542942,35.42923914],[138.84476423,35.4300609],[138.84291887,35.43266601],[138.83972168,35.43593538]]},"id":"gsi-12-3627-1616-road-50"},{"type":"Feature","properties":{"ftCode":2701,"motorway":1,"rnkWidth":2,"rdCtg":3,"tollSect":1,"source_layer":"road","kind":"road_centerline","bridge":false,"major":true},"geometry":{"type":"LineString","coordinates":[[138.84092331,35.42575967],[138.84113789,35.4250078],[138.84133101,35.42394119],[138.84156704,35.42163306],[138.8415885,35.42072379],[138.84141684,35.41867787],[138.84098768,35.41666687],[138.8404727,35.4151105],[138.83955002,35.41304696],[138.8386488,35.41131563],[138.83806944,35.40982912],[138.83781195,35.40848248],[138.83789778,35.406856]]},"id":"gsi-12-3627-1616-road-51"},{"type":"Feature","properties":{"ftCode":2704,"motorway":1,"rnkWidth":2,"rdCtg":3,"tollSect":1,"source_layer":"road","kind":"road_centerline","bridge":false,"major":true},"geometry":{"type":"LineString","coordinates":[[138.84242535,35.38904997],[138.83789778,35.406856]]},"id":"gsi-12-3627-1616-road-52"},{"type":"Feature","properties":{"ftCode":2703,"motorway":9,"rnkWidth":2,"rdCtg":0,"tollSect":9,"source_layer":"road","kind":"road_centerline","bridge":true,"major":true},"geometry":{"type":"LineString","coordinates":[[138.85751009,35.41642205],[138.85774612,35.41619472]]},"id":"gsi-12-3627-1616-road-53"},{"type":"Feature","properties":{"ftCode":2701,"motorway":9,"rnkWidth":2,"rdCtg":0,"tollSect":9,"source_layer":"road","kind":"road_centerline","bridge":false,"major":true},"geometry":{"type":"LineString","coordinates":[[138.85774612,35.41619472],[138.8601923,35.41362406]]},"id":"gsi-12-3627-1616-road-54"},{"type":"Feature","properties":{"ftCode":2703,"motorway":9,"rnkWidth":2,"rdCtg":0,"tollSect":9,"source_layer":"road","kind":"road_centerline","bridge":true,"major":true},"geometry":{"type":"LineString","coordinates":[[138.8601923,35.41362406],[138.86044979,35.41336174]]},"id":"gsi-12-3627-1616-road-55"},{"type":"Feature","properties":{"ftCode":2701,"motorway":9,"rnkWidth":2,"rdCtg":0,"tollSect":9,"source_layer":"road","kind":"road_centerline","bridge":false,"major":true},"geometry":{"type":"LineString","coordinates":[[138.8671875,35.40048966],[138.86697292,35.40019231],[138.86705875,35.39748121],[138.86665106,35.39704393],[138.86626482,35.39636176],[138.86581421,35.39604691],[138.86510611,35.39525979],[138.86405468,35.39454262],[138.8638401,35.3941578],[138.8638401,35.39382545],[138.86416197,35.39191879],[138.86431217,35.39176135],[138.86534214,35.39155144],[138.86542797,35.391429],[138.86527777,35.39135903],[138.86478424,35.39148147],[138.86435509,35.39149897],[138.86381865,35.391429],[138.86364698,35.39135903],[138.86289597,35.39030946],[138.86263847,35.38974969],[138.86197329,35.38904997]]},"id":"gsi-12-3627-1616-road-56"},{"type":"Feature","properties":{"ftCode":2701,"motorway":9,"rnkWidth":2,"rdCtg":1,"tollSect":9,"source_layer":"road","kind":"road_centerline","bridge":false,"major":true},"geometry":{"type":"LineString","coordinates":[[138.84937763,35.42546242],[138.85019302,35.42714098],[138.85087967,35.42806767],[138.85139465,35.42862718],[138.85210276,35.42890693],[138.85377645,35.42934404],[138.85472059,35.4295014],[138.85568619,35.4295014],[138.85804653,35.42888945],[138.85890484,35.42876706],[138.86047125,35.42873209],[138.86225224,35.42829497],[138.8671875,35.42766553]]},"id":"gsi-12-3627-1616-road-57"},{"type":"Feature","properties":{"ftCode":2701,"motorway":9,"rnkWidth":2,"rdCtg":0,"tollSect":9,"source_layer":"road","kind":"road_centerline","bridge":false,"major":true},"geometry":{"type":"LineString","coordinates":[[138.86044979,35.41336174],[138.86169434,35.41180531],[138.86197329,35.41124568],[138.86220932,35.41028382],[138.86244535,35.40989907],[138.86268139,35.40965423],[138.86319637,35.40935692],[138.8671875,35.40823764]]},"id":"gsi-12-3627-1616-road-58"},{"type":"Feature","properties":{"ftCode":2721,"motorway":0,"rnkWidth":0,"rdCtg":1,"tollSect":0,"source_layer":"road","kind":"road_centerline","bridge":false,"major":true},"geometry":{"type":"LineString","coordinates":[[138.7945962,35.33574833],[138.79429579,35.3356433],[138.79367352,35.33578334],[138.79285812,35.33658855],[138.79182816,35.33693863],[138.79056215,35.33702616],[138.79034758,35.33688612],[138.78921032,35.33709617],[138.78869534,35.33737624],[138.78837347,35.33730623],[138.78811598,35.33763881],[138.78779411,35.33776134],[138.78706455,35.33777884],[138.78661394,35.33793638],[138.78618479,35.33791888],[138.78590584,35.3380239],[138.7855196,35.33795388],[138.78521919,35.33818144],[138.78485441,35.33816393],[138.784554,35.33826896],[138.78408194,35.33816393],[138.78371716,35.33826896],[138.783288,35.33826896],[138.78285885,35.33854903],[138.78163576,35.33858403],[138.78124952,35.33882909],[138.78101349,35.33877658],[138.78082037,35.33895162],[138.78045559,35.33889911],[138.78006935,35.33907415],[138.77957582,35.3388816],[138.77929688,35.33905664]]},"id":"gsi-12-3627-1617-road-1"},{"type":"Feature","properties":{"ftCode":2704,"motorway":1,"rnkWidth":2,"rdCtg":3,"tollSect":1,"source_layer":"road","kind":"road_centerline","bridge":false,"major":true},"geometry":{"type":"LineString","coordinates":[[138.84469986,35.38016297],[138.84242535,35.38904997]]},"id":"gsi-12-3627-1617-road-2"},{"type":"Feature","properties":{"ftCode":2701,"motorway":9,"rnkWidth":2,"rdCtg":1,"tollSect":9,"source_layer":"road","kind":"road_centerline","bridge":false,"major":true},"geometry":{"type":"LineString","coordinates":[[138.77929688,35.36641067],[138.77929688,35.36641069],[138.77957582,35.36754806],[138.77970457,35.3687554],[138.7797904,35.36896537],[138.78002644,35.36903535],[138.78028393,35.36889538],[138.78041267,35.3686854],[138.78064871,35.36758305],[138.78086329,35.36697063],[138.78135681,35.36604323],[138.78133535,35.36569327],[138.78122807,35.3653608],[138.78097057,35.36488835],[138.78099203,35.36480086],[138.78112078,35.36473086],[138.7813139,35.36476586],[138.78172159,35.36501084],[138.78225803,35.36513333],[138.78270864,35.36548329],[138.78350258,35.36667316],[138.78416777,35.367968],[138.78429651,35.3680205],[138.78446817,35.368003],[138.784554,35.36788051],[138.78468275,35.36649818],[138.78491879,35.3653958],[138.78502607,35.36516832],[138.78526211,35.36509833],[138.78547668,35.36520332],[138.78594875,35.36578076],[138.78633499,35.3663932],[138.7864852,35.36653318],[138.78674269,35.36653318],[138.78689289,35.3663057],[138.78708601,35.36553579],[138.78708601,35.36453838],[138.78727913,35.36439839],[138.78742933,35.36452088],[138.78757954,35.36555329],[138.78820181,35.36618322],[138.78848076,35.36660317],[138.78863096,35.36669066],[138.78878117,35.36667316],[138.78910303,35.36641069],[138.78921032,35.3654308],[138.78993988,35.36443339],[138.79015446,35.36448589],[138.79032612,35.36478336],[138.79064798,35.36593825],[138.79079819,35.36618322],[138.79094839,35.36625321],[138.79131317,35.36607823],[138.79144192,35.36593825],[138.79157066,35.36513333],[138.79152775,35.36473086],[138.79163504,35.36462587],[138.79184961,35.36457338],[138.79217148,35.36464337],[138.79257917,35.36492335],[138.79317999,35.36572827],[138.79333019,35.36620072],[138.79356623,35.3663757],[138.79375935,35.36641069],[138.7943387,35.3663057],[138.79528284,35.36628821],[138.79547596,35.36616572],[138.79571199,35.36583326],[138.79590511,35.36576326],[138.79614115,35.36588575],[138.79667759,35.36641069],[138.79687071,35.36653318],[138.79708529,35.36656818],[138.79729986,35.3663407],[138.79729986,35.36604323],[138.79740715,35.36581576],[138.79764318,35.36578076],[138.79798651,35.36593825],[138.79828691,35.36588575],[138.79843712,35.36576326],[138.79858732,35.36530831],[138.79875898,35.36511583],[138.79908085,35.36506333],[138.80060434,35.36557078],[138.80092621,35.36558828],[138.80114079,35.3654308],[138.8013339,35.36476586],[138.80156994,35.36467837],[138.80178452,35.36481836],[138.80255699,35.36557078],[138.80275011,35.36562328],[138.80302906,35.36553579],[138.80375862,35.36488835],[138.80395174,35.36480086],[138.80416632,35.36487085],[138.80446672,35.3653608],[138.80474567,35.36558828],[138.80502462,35.36551829],[138.80536795,35.36520332],[138.80592585,35.36508083],[138.80641937,35.36506333],[138.80684853,35.36515083],[138.80727768,35.36529081],[138.80759954,35.36548329],[138.80783558,35.36571077],[138.80815744,35.36621821],[138.80856514,35.36655068],[138.80972385,35.36656818],[138.80995989,35.36655068],[138.81019592,35.36642819],[138.81028175,35.36628821],[138.81032467,35.36583326],[138.81043196,35.36567577],[138.81058216,35.36565827],[138.8115263,35.36604323],[138.8116765,35.36606073],[138.81182671,35.36597324],[138.81184816,35.36564078],[138.81156921,35.36515083],[138.81159067,35.36497584],[138.8116765,35.36490585],[138.81193399,35.36494085],[138.81358624,35.36581576],[138.8137579,35.36585075],[138.81388664,35.36579826],[138.81399393,35.36571077],[138.81399393,35.36527331],[138.81414413,35.36427591],[138.8143158,35.36411842],[138.81472349,35.36422341],[138.81556034,35.36473086],[138.81596804,35.36490585],[138.81607533,35.36487085],[138.81618261,35.36473086],[138.8161397,35.36396093],[138.8162899,35.36380344],[138.81644011,35.36378595],[138.81663322,35.36387344],[138.81770611,35.36476586],[138.81794214,35.36476586],[138.81804943,35.36466087],[138.81792068,35.36420591],[138.81792068,35.36350597],[138.8179636,35.36334848],[138.81809235,35.36327849],[138.81828547,35.36331348],[138.81980896,35.36410092],[138.82002354,35.36406592],[138.82043123,35.36280602],[138.82073164,35.36236855],[138.82094622,35.36231605],[138.82111788,35.36240355],[138.8214612,35.36296351],[138.82165432,35.3631385],[138.82182598,35.36322599],[138.82195473,35.36322599],[138.8221693,35.363121],[138.82223368,35.36299851],[138.82234097,35.36229855],[138.82246971,35.36215856],[138.82264137,35.36210606],[138.82281303,35.36221106],[138.82302761,35.36257853],[138.8232851,35.36284102],[138.82347822,35.36296351],[138.82360697,35.36296351],[138.82375717,35.36287601],[138.82377863,35.36277102],[138.82371426,35.36229855],[138.82375717,35.36217606],[138.82401466,35.36205357],[138.82446527,35.36221106],[138.82540941,35.36287601],[138.82581711,35.36292851],[138.83092403,35.36189608],[138.83289814,35.36172109],[138.83588076,35.36159859],[138.8395071,35.36166859],[138.84021521,35.36177358],[138.84083748,35.36175608],[138.84218931,35.36186108],[138.84577274,35.36186108],[138.84744644,35.36196607],[138.8499999,35.36194857],[138.85098696,35.36203607],[138.85285378,35.36201857],[138.85579348,35.36208856],[138.85832548,35.36205357],[138.85881901,35.36200107],[138.85939837,35.36182608],[138.85972023,35.36179108]]},"id":"gsi-12-3627-1617-road-3"},{"type":"Feature","properties":{"ftCode":2701,"motorway":9,"rnkWidth":2,"rdCtg":1,"tollSect":9,"source_layer":"road","kind":"road_centerline","bridge":false,"major":true},"geometry":{"type":"LineString","coordinates":[[138.79573345,35.33595838],[138.79517555,35.3360284],[138.79470348,35.33616844],[138.7945962,35.3356608],[138.79483223,35.33545075],[138.79498243,35.33545075],[138.79573345,35.33595838]]},"id":"gsi-12-3627-1617-road-4"},{"type":"Feature","properties":{"ftCode":2701,"motorway":9,"rnkWidth":2,"rdCtg":1,"tollSect":9,"source_layer":"road","kind":"road_centerline","bridge":false,"major":true},"geometry":{"type":"LineString","coordinates":[[138.79573345,35.33595838],[138.79590511,35.33592337],[138.79639864,35.33552076],[138.79663467,35.33548576],[138.79820108,35.33622095],[138.79841566,35.33627346],[138.79863024,35.33622095],[138.7988019,35.3360284],[138.79916668,35.33496061],[138.79933834,35.33482057],[138.79959583,35.33482057],[138.79998207,35.33494311],[138.80030394,35.33494311],[138.8017416,35.33403285],[138.80232096,35.33401534],[138.80335093,35.3342079],[138.80388737,35.3342254],[138.80410194,35.33412037],[138.80489588,35.33308757]]},"id":"gsi-12-3627-1617-road-5"},{"type":"Feature","properties":{"ftCode":2701,"motorway":9,"rnkWidth":2,"rdCtg":1,"tollSect":9,"source_layer":"road","kind":"road_centerline","bridge":false,"major":true},"geometry":{"type":"LineString","coordinates":[[138.78749371,35.31745387],[138.78783703,35.31801415],[138.78833055,35.31846937],[138.78897429,35.31885455],[138.79051924,35.31934478],[138.79077673,35.31951986],[138.79120588,35.31999258],[138.7918067,35.32039527],[138.79227877,35.32055284],[138.79290104,35.32065789],[138.79333019,35.32081546],[138.79427433,35.32151577],[138.79453182,35.3215683],[138.79536867,35.32151577],[138.79577637,35.32162082],[138.79599094,35.32177839],[138.79611969,35.32200599],[138.79614115,35.3222511],[138.79599094,35.32293389],[138.79609823,35.32316149],[138.79626989,35.32328404],[138.79669905,35.32335407],[138.79777193,35.32326653],[138.79796505,35.32330155],[138.79817963,35.3234416],[138.79828691,35.32377424],[138.79811525,35.32424694],[138.79815817,35.32457957],[138.79848003,35.3248947],[138.79918814,35.3253849],[138.79931688,35.32554246],[138.79944563,35.32587509],[138.79938126,35.32645281],[138.79946709,35.3266979],[138.79983187,35.326943],[138.80060434,35.32718809],[138.80101204,35.32741567],[138.80114079,35.32759074],[138.80116224,35.32788835],[138.80094767,35.328326],[138.80094767,35.32876366],[138.80167723,35.32942889],[138.80225658,35.32983153]]},"id":"gsi-12-3627-1617-road-6"},{"type":"Feature","properties":{"ftCode":2701,"motorway":9,"rnkWidth":1,"rdCtg":1,"tollSect":9,"source_layer":"road","kind":"road_centerline","bridge":false,"major":true},"geometry":{"type":"LineString","coordinates":[[138.80489588,35.33308757],[138.80491734,35.33296503],[138.80455256,35.33242237],[138.80431652,35.3321948],[138.80373716,35.33191471],[138.80352259,35.33165213],[138.80317926,35.33042673],[138.80320072,35.33012913]]},"id":"gsi-12-3627-1617-road-7"},{"type":"Feature","properties":{"ftCode":2704,"motorway":9,"rnkWidth":2,"rdCtg":1,"tollSect":9,"source_layer":"road","kind":"road_centerline","bridge":false,"major":true},"geometry":{"type":"LineString","coordinates":[[138.80225658,35.32983153],[138.80296469,35.33007661]]},"id":"gsi-12-3627-1617-road-8"},{"type":"Feature","properties":{"ftCode":2701,"motorway":1,"rnkWidth":2,"rdCtg":3,"tollSect":1,"source_layer":"road","kind":"road_centerline","bridge":false,"major":true},"geometry":{"type":"LineString","coordinates":[[138.84487152,35.37948066],[138.84469986,35.38016297]]},"id":"gsi-12-3627-1617-road-9"},{"type":"Feature","properties":{"ftCode":2703,"motorway":1,"rnkWidth":2,"rdCtg":3,"tollSect":1,"source_layer":"road","kind":"road_centerline","bridge":true,"major":true},"geometry":{"type":"LineString","coordinates":[[138.84572983,35.37773112],[138.84525776,35.3785884],[138.84487152,35.37948066]]},"id":"gsi-12-3627-1617-road-10"},{"type":"Feature","properties":{"ftCode":2701,"motorway":9,"rnkWidth":2,"rdCtg":0,"tollSect":9,"source_layer":"road","kind":"road_centerline","bridge":false,"major":true},"geometry":{"type":"LineString","coordinates":[[138.86197329,35.38904997],[138.85995626,35.38623353],[138.85841131,35.3845891],[138.85763884,35.38401179],[138.85723114,35.38390683],[138.85654449,35.3839943],[138.85626554,35.3839768],[138.85611534,35.38385434],[138.85596514,35.38334701],[138.85570765,35.38315457],[138.85527849,35.38297963],[138.85497808,35.3830496],[138.85472059,35.38320705],[138.85407686,35.38324204],[138.85349751,35.38348696],[138.85328293,35.38348696],[138.85261774,35.38339949],[138.85210276,35.38297963],[138.85158777,35.38271721],[138.85139465,35.38266473],[138.85045052,35.38266473],[138.85030031,35.38261224],[138.85006428,35.38240231],[138.84963512,35.38067033],[138.84972095,35.3804079],[138.85012865,35.38002301],[138.85042906,35.37993554],[138.8505578,35.37998802],[138.85068655,35.38009299],[138.85070801,35.38032043],[138.85030031,35.3807753],[138.8502574,35.38098524],[138.8504076,35.38135263],[138.85060072,35.38159755],[138.85083675,35.38173751],[138.85227442,35.38198244],[138.85293961,35.38236732],[138.8531971,35.3824198],[138.85343313,35.38238481],[138.85351896,35.38231483],[138.8540554,35.38151008],[138.85433435,35.38119517],[138.85450602,35.38112519],[138.85465622,35.3811077],[138.85504246,35.38119517],[138.85615826,35.38166753],[138.85701656,35.38151008],[138.85738134,35.38151008],[138.85832548,35.38194745],[138.85862589,35.38192995],[138.85899067,35.38161505],[138.85838985,35.37928822],[138.85828257,35.37790608],[138.85838985,35.37666389],[138.85858297,35.37580659],[138.85879755,35.37521172],[138.85905504,35.37487929],[138.85974169,35.37421444],[138.86006355,35.37368955],[138.86017084,35.37111753],[138.85989189,35.37019018],[138.85961294,35.36968276],[138.85926962,35.3694378],[138.85854006,35.36917533],[138.85821819,35.36887788],[138.85798216,35.36821297],[138.85798216,35.36786302],[138.85854006,35.36667316],[138.85954857,35.36578076],[138.85959148,35.36558828],[138.85952711,35.36480086],[138.85965586,35.36452088],[138.86094332,35.36341847],[138.86214495,35.36226355],[138.8629818,35.36184358],[138.86345387,35.36172109],[138.86401176,35.36163359],[138.86484861,35.36161609],[138.86456966,35.36056614]]},"id":"gsi-12-3627-1617-road-11"},{"type":"Feature","properties":{"ftCode":2701,"motorway":1,"rnkWidth":2,"rdCtg":3,"tollSect":1,"source_layer":"road","kind":"road_centerline","bridge":false,"major":true},"geometry":{"type":"LineString","coordinates":[[138.84572983,35.37773112],[138.84663105,35.37629647],[138.84916306,35.37267474],[138.84944201,35.37195738],[138.84959221,35.37132749],[138.84961367,35.37089006],[138.84948492,35.37012019],[138.84896994,35.36880789],[138.84834766,35.36777553],[138.84813309,35.36700562],[138.84809017,35.36602574],[138.84819746,35.36532581],[138.84841204,35.36469587],[138.84866953,35.36424091],[138.84937763,35.36354097],[138.85034323,35.36289351],[138.85100842,35.36261353],[138.85182381,35.36236855],[138.85281086,35.36229855]]},"id":"gsi-12-3627-1617-road-12"},{"type":"Feature","properties":{"ftCode":2701,"motorway":1,"rnkWidth":3,"rdCtg":3,"tollSect":1,"source_layer":"road","kind":"road_centerline","bridge":false,"major":true},"geometry":{"type":"LineString","coordinates":[[138.85362625,35.36236855],[138.85281086,35.36229855]]},"id":"gsi-12-3627-1617-road-13"},{"type":"Feature","properties":{"ftCode":2701,"motorway":1,"rnkWidth":4,"rdCtg":3,"tollSect":1,"source_layer":"road","kind":"road_centerline","bridge":false,"major":true},"geometry":{"type":"LineString","coordinates":[[138.8548708,35.36238605],[138.85362625,35.36236855]]},"id":"gsi-12-3627-1617-road-14"},{"type":"Feature","properties":{"ftCode":2701,"motorway":1,"rnkWidth":3,"rdCtg":3,"tollSect":1,"source_layer":"road","kind":"road_centerline","bridge":false,"major":true},"geometry":{"type":"LineString","coordinates":[[138.8548708,35.36238605],[138.85555744,35.36233355]]},"id":"gsi-12-3627-1617-road-15"},{"type":"Feature","properties":{"ftCode":2701,"motorway":1,"rnkWidth":1,"rdCtg":3,"tollSect":0,"source_layer":"road","kind":"road_centerline","bridge":false,"major":true},"geometry":{"type":"LineString","coordinates":[[138.8548708,35.36238605],[138.85549307,35.36254354],[138.85738134,35.36256104],[138.85869026,35.36315599]]},"id":"gsi-12-3627-1617-road-16"},{"type":"Feature","properties":{"ftCode":2701,"motorway":1,"rnkWidth":2,"rdCtg":3,"tollSect":1,"source_layer":"road","kind":"road_centerline","bridge":false,"major":true},"geometry":{"type":"LineString","coordinates":[[138.8632822,35.36103862],[138.85954857,35.36210606],[138.85793924,35.36229855],[138.85555744,35.36233355]]},"id":"gsi-12-3627-1617-road-17"},{"type":"Feature","properties":{"ftCode":2701,"motorway":1,"rnkWidth":1,"rdCtg":3,"tollSect":1,"source_layer":"road","kind":"road_centerline","bridge":false,"major":true},"geometry":{"type":"LineString","coordinates":[[138.86094332,35.36154609],[138.85918379,35.36205357],[138.85888338,35.36219356]]},"id":"gsi-12-3627-1617-road-18"},{"type":"Feature","properties":{"ftCode":2704,"motorway":9,"rnkWidth":2,"rdCtg":1,"tollSect":9,"source_layer":"road","kind":"road_centerline","bridge":false,"major":true},"geometry":{"type":"LineString","coordinates":[[138.86096478,35.36200107],[138.85972023,35.36179108]]},"id":"gsi-12-3627-1617-road-19"},{"type":"Feature","properties":{"ftCode":2701,"motorway":9,"rnkWidth":2,"rdCtg":1,"tollSect":9,"source_layer":"road","kind":"road_centerline","bridge":false,"major":true},"geometry":{"type":"LineString","coordinates":[[138.86096478,35.36200107],[138.861866,35.36214106],[138.86214495,35.36226355]]},"id":"gsi-12-3627-1617-road-20"},{"type":"Feature","properties":{"ftCode":2701,"motorway":9,"rnkWidth":1,"rdCtg":0,"tollSect":9,"source_layer":"road","kind":"road_centerline","bridge":false,"major":true},"geometry":{"type":"LineString","coordinates":[[138.86491299,35.36044364],[138.86456966,35.36056614]]},"id":"gsi-12-3627-1617-road-21"},{"type":"Feature","properties":{"ftCode":2701,"motorway":9,"rnkWidth":1,"rdCtg":0,"tollSect":9,"source_layer":"road","kind":"road_centerline","bridge":false,"major":true},"geometry":{"type":"LineString","coordinates":[[138.86504173,35.36068863],[138.86463404,35.36081113]]},"id":"gsi-12-3627-1617-road-22"},{"type":"Feature","properties":{"ftCode":2703,"motorway":1,"rnkWidth":2,"rdCtg":3,"tollSect":1,"source_layer":"road","kind":"road_centerline","bridge":true,"major":true},"geometry":{"type":"LineString","coordinates":[[138.86675835,35.35962117],[138.86532068,35.36039115],[138.8632822,35.36103862]]},"id":"gsi-12-3627-1617-road-23"},{"type":"Feature","properties":{"ftCode":2703,"motorway":9,"rnkWidth":1,"rdCtg":0,"tollSect":9,"source_layer":"road","kind":"road_centerline","bridge":true,"major":true},"geometry":{"type":"LineString","coordinates":[[138.86504173,35.36068863],[138.86555672,35.36047864],[138.86650085,35.35997116],[138.86665106,35.35986617],[138.86675835,35.35962117],[138.86665106,35.35958617],[138.86562109,35.36014616],[138.86491299,35.36044364]]},"id":"gsi-12-3627-1617-road-24"},{"type":"Feature","properties":{"ftCode":2701,"motorway":9,"rnkWidth":2,"rdCtg":1,"tollSect":9,"source_layer":"road","kind":"road_centerline","bridge":false,"major":true},"geometry":{"type":"LineString","coordinates":[[138.8671875,35.32323152],[138.86639357,35.3234416],[138.86579275,35.32398433],[138.86542797,35.32421192],[138.8648057,35.32445702],[138.85939837,35.3259101],[138.85708094,35.32647032],[138.85315418,35.32729313],[138.85145903,35.32757323],[138.8499999,35.32767827],[138.84944201,35.32778331],[138.84596586,35.32864112],[138.84362698,35.32937637],[138.84107351,35.33007661],[138.84017229,35.33049675],[138.83927107,35.33072433],[138.83609533,35.33123199],[138.83461475,35.33133703],[138.83388519,35.33145957],[138.83092403,35.33235235],[138.83010864,35.3328425],[138.829422,35.33335015],[138.82905722,35.33347269],[138.82847786,35.3335077],[138.82819891,35.33342017],[138.8271904,35.33245738],[138.82684708,35.33226482],[138.82646084,35.33222981],[138.8260746,35.33247489],[138.82590294,35.33282499],[138.82611752,35.3331751],[138.82669687,35.33378778],[138.82680416,35.33394532],[138.82680416,35.33408536],[138.82656813,35.33443546],[138.8262248,35.33454049],[138.82596731,35.33454049],[138.8256669,35.33441796],[138.82555962,35.33429542],[138.82523775,35.3335077],[138.8249588,35.33312258],[138.8248086,35.33300005],[138.82442236,35.33286],[138.82418633,35.33286],[138.82386446,35.33305256],[138.82375717,35.33315759],[138.82358551,35.33364774],[138.82330656,35.33417289],[138.82287741,35.33443546],[138.82264137,35.33447047],[138.82236242,35.33447047],[138.82180452,35.3342254],[138.82066727,35.33287751],[138.82045269,35.33271996],[138.8201952,35.33263243],[138.81970167,35.33259742],[138.81946564,35.33264994],[138.8181138,35.3335077],[138.81770611,35.33364774],[138.8172555,35.33361273],[138.81680489,35.33335015],[138.81594658,35.33238736],[138.81556034,35.33205476],[138.81532431,35.33191471],[138.814466,35.33165213],[138.81412268,35.33147707],[138.8129425,35.33042673],[138.81180525,35.32930635],[138.81154776,35.32914879],[138.8111186,35.32911378],[138.81075382,35.32918381],[138.81051779,35.32925383],[138.81034613,35.32942889],[138.81015301,35.32976151],[138.81013155,35.32993657],[138.81028175,35.33130202],[138.81021738,35.33170465],[138.80993843,35.33226482],[138.80963802,35.33268495],[138.80927324,35.33307007],[138.80892992,35.33329763],[138.8085866,35.33329763],[138.80832911,35.33321011],[138.80813599,35.33305256],[138.80753517,35.3322123],[138.80732059,35.33201974],[138.80684853,35.3318622],[138.80556107,35.33168714],[138.80521774,35.3315646],[138.80485296,35.33119698],[138.80463839,35.33077685],[138.80433798,35.33047925],[138.80296469,35.33007661]]},"id":"gsi-12-3627-1617-road-25"},{"type":"Feature","properties":{"ftCode":2703,"motorway":9,"rnkWidth":2,"rdCtg":1,"tollSect":9,"source_layer":"road","kind":"road_centerline","bridge":true,"major":true},"geometry":{"type":"LineString","coordinates":[[138.78749371,35.31745387],[138.78745079,35.31736633]]},"id":"gsi-12-3627-1617-road-27"},{"type":"Feature","properties":{"ftCode":2701,"motorway":9,"rnkWidth":2,"rdCtg":1,"tollSect":9,"source_layer":"road","kind":"road_centerline","bridge":false,"major":true},"geometry":{"type":"LineString","coordinates":[[138.86484861,35.36161609],[138.86512756,35.36249104],[138.8671875,35.36221106]]},"id":"gsi-12-3627-1617-road-28"},{"type":"Feature","properties":{"ftCode":2703,"motorway":9,"rnkWidth":2,"rdCtg":0,"tollSect":9,"source_layer":"road","kind":"road_centerline","bridge":true,"major":true},"geometry":{"type":"LineString","coordinates":[[138.8671875,35.35935868],[138.86675835,35.35962117]]},"id":"gsi-12-3627-1617-road-29"},{"type":"Feature","properties":{"ftCode":2701,"motorway":9,"rnkWidth":2,"rdCtg":1,"tollSect":9,"source_layer":"road","kind":"road_centerline","bridge":false,"major":true},"geometry":{"type":"LineString","coordinates":[[138.77929688,35.31073028],[138.78116369,35.31155325],[138.78365278,35.3121836],[138.78446817,35.31262134],[138.7860775,35.31417969],[138.78667831,35.31489757],[138.78704309,35.31575552],[138.78727913,35.31673602]]},"id":"gsi-12-3627-1618-road-1"},{"type":"Feature","properties":{"ftCode":2703,"motorway":9,"rnkWidth":2,"rdCtg":1,"tollSect":9,"source_layer":"road","kind":"road_centerline","bridge":true,"major":true},"geometry":{"type":"LineString","coordinates":[[138.78745079,35.31736633],[138.78727913,35.31673602]]},"id":"gsi-12-3627-1618-road-2"},{"type":"Feature","properties":{"ftCode":2701,"motorway":9,"rnkWidth":2,"rdCtg":6,"tollSect":1,"source_layer":"road","kind":"road_centerline","bridge":false,"major":true},"geometry":{"type":"MultiLineString","coordinates":[[[138.77929688,35.29129174],[138.78051996,35.29109908],[138.78084183,35.29088891],[138.78092766,35.2906262],[138.78077745,35.29034596],[138.78056288,35.29022336],[138.77929688,35.28969793]],[[138.77929688,35.28235896],[138.77966166,35.28225386],[138.7809062,35.28144811],[138.78185034,35.2808],[138.78311634,35.27978403],[138.78382444,35.2795388],[138.78466129,35.27950376],[138.78521919,35.27960886],[138.78590584,35.27990665],[138.78963947,35.28249909],[138.78987551,35.28256915],[138.79009008,35.28255164],[138.79099131,35.28199112],[138.79131317,35.28192105],[138.79159212,35.28200863],[138.79238605,35.28255164],[138.79281521,35.28258667],[138.79300833,35.28249909],[138.79317999,35.28230641],[138.79463911,35.27899577]]]},"id":"gsi-12-3627-1618-road-3"},{"type":"Feature","properties":{"ftCode":2701,"motorway":9,"rnkWidth":2,"rdCtg":0,"tollSect":9,"source_layer":"road","kind":"road_centerline","bridge":false,"major":true},"geometry":{"type":"LineString","coordinates":[[138.77929688,35.25238314],[138.78088474,35.2535922],[138.78139973,35.25422301],[138.78180742,35.2546085],[138.7825799,35.2550816],[138.78294468,35.25537947],[138.78350258,35.25611539],[138.78382444,35.25630814],[138.78532648,35.25695644],[138.78635645,35.25711414],[138.78732204,35.2569214],[138.78826618,35.2569214],[138.78878117,35.25683379],[138.78993988,35.25623805],[138.79152775,35.25592265],[138.79225731,35.25585257],[138.79386663,35.25618548],[138.7978363,35.25627309],[138.79966021,35.25646583],[138.80019665,35.25655344],[138.80107641,35.25690388],[138.80165577,35.25706157],[138.80264282,35.25704405],[138.80431652,35.25688635],[138.80515337,35.25693892],[138.80609751,35.25713166],[138.80644083,35.25730688],[138.80689144,35.25770987],[138.80729914,35.2579727],[138.80792141,35.25818295],[138.80835056,35.25823552],[138.80983114,35.25809535],[138.81017447,35.25811287],[138.81176233,35.25844577],[138.81242752,35.25867355],[138.81386518,35.25944449],[138.81397247,35.25968978],[138.81397247,35.26021542],[138.81407976,35.26046071],[138.81418705,35.26054832],[138.81568909,35.26105642],[138.81618261,35.26110898],[138.81993771,35.26032054],[138.8201952,35.26014533],[138.82113934,35.25923423],[138.82234097,35.25874364],[138.82392883,35.25856842],[138.82498026,35.258218],[138.82513046,35.25811287],[138.82498026,35.25763979],[138.82504463,35.25746457],[138.82515192,35.25741201],[138.82594585,35.25739448],[138.82613897,35.2573244],[138.82736206,35.25672866],[138.83055925,35.25494142],[138.83092403,35.25453841],[138.83096695,35.25336441],[138.83105278,35.25320671],[138.83212566,35.25280369],[138.83274794,35.25282121],[138.83339167,35.25299644],[138.83358479,35.25297891],[138.83358479,35.25278616],[138.83317709,35.25243571],[138.83317709,35.25233057],[138.83324146,35.25229553],[138.83343458,35.25231305],[138.83367062,35.25241819],[138.8343358,35.25280369],[138.83457184,35.25282121],[138.83472204,35.25271607],[138.8348937,35.25219039],[138.83504391,35.25203269],[138.83611679,35.25155957],[138.83650303,35.251507],[138.83723259,35.25155957],[138.83841276,35.25176985],[138.83905649,35.251507],[138.83948565,35.25145443],[138.83967876,35.251507],[138.84064436,35.25206773],[138.84199619,35.2525058],[138.84324074,35.25299644],[138.84362698,35.25301396],[138.84437799,35.25278616],[138.84480715,35.25257589],[138.84710312,35.25113902],[138.84832621,35.25220792],[138.84860516,35.25238314],[138.84903431,35.25252332],[138.84961367,35.25257589],[138.84991407,35.25254085],[138.85015011,35.25248828],[138.85118008,35.25205021],[138.85169506,35.25194507],[138.85210276,35.25194507],[138.85285378,35.2521203],[138.85317564,35.25226048],[138.85384083,35.25271607],[138.85442019,35.2528913],[138.85506392,35.25299644]]},"id":"gsi-12-3627-1618-road-4"},{"type":"Feature","properties":{"ftCode":2701,"motorway":9,"rnkWidth":2,"rdCtg":1,"tollSect":9,"source_layer":"road","kind":"road_centerline","bridge":false,"major":true},"geometry":{"type":"LineString","coordinates":[[138.8671875,35.2908714],[138.86643648,35.29011828],[138.86544943,35.28892728],[138.86493444,35.28813911],[138.86405468,35.28647517],[138.86377573,35.28626498],[138.86255264,35.28589716],[138.86225224,35.28586213],[138.8594842,35.28594971],[138.85766029,35.28565194],[138.85547161,35.28568697],[138.85291815,35.28545927],[138.85133028,35.28512647],[138.84939909,35.28439081],[138.84931326,35.2840405],[138.84935617,35.28384782],[138.85036469,35.28109778],[138.85062218,35.28081751]]},"id":"gsi-12-3627-1618-road-5"},{"type":"Feature","properties":{"ftCode":2701,"motorway":9,"rnkWidth":2,"rdCtg":0,"tollSect":9,"source_layer":"road","kind":"road_centerline","bridge":false,"major":true},"geometry":{"type":"LineString","coordinates":[[138.86435509,35.26223031],[138.8671875,35.26410499]]},"id":"gsi-12-3627-1618-road-6"},{"type":"Feature","properties":{"ftCode":2703,"motorway":9,"rnkWidth":2,"rdCtg":0,"tollSect":9,"source_layer":"road","kind":"road_centerline","bridge":true,"major":true},"geometry":{"type":"LineString","coordinates":[[138.85506392,35.25299644],[138.85538578,35.253049]]},"id":"gsi-12-3627-1618-road-7"},{"type":"Feature","properties":{"ftCode":2701,"motorway":9,"rnkWidth":2,"rdCtg":0,"tollSect":9,"source_layer":"road","kind":"road_centerline","bridge":false,"major":true},"geometry":{"type":"LineString","coordinates":[[138.86399031,35.26198502],[138.86135101,35.26025046],[138.8609004,35.25974235],[138.85854006,35.25581752],[138.85703802,35.25380247],[138.85626554,35.25324175],[138.85575056,35.25308405],[138.85538578,35.253049]]},"id":"gsi-12-3627-1618-road-8"},{"type":"Feature","properties":{"ftCode":2703,"motorway":9,"rnkWidth":2,"rdCtg":0,"tollSect":9,"source_layer":"road","kind":"road_centerline","bridge":true,"major":true},"geometry":{"type":"LineString","coordinates":[[138.86435509,35.26223031],[138.86399031,35.26198502]]},"id":"gsi-12-3627-1618-road-9"},{"type":"Feature","properties":{"ftCode":2701,"motorway":9,"rnkWidth":2,"rdCtg":1,"tollSect":9,"source_layer":"road","kind":"road_centerline","bridge":false,"major":true},"geometry":{"type":"LineString","coordinates":[[138.84710312,35.25113902],[138.84736061,35.25077104],[138.84770393,35.25045562],[138.84800434,35.25036801],[138.84841204,35.2501402],[138.84894848,35.2494568],[138.84978533,35.24875586],[138.85015011,35.24854558],[138.85053635,35.24842291],[138.8515234,35.24835282],[138.8519311,35.24823015],[138.85236025,35.24801987],[138.85437727,35.24609225],[138.85476351,35.24561909]]},"id":"gsi-12-3627-1618-road-10"},{"type":"Feature","properties":{"ftCode":2701,"motorway":9,"rnkWidth":2,"rdCtg":1,"tollSect":9,"source_layer":"road","kind":"road_centerline","bridge":false,"major":true},"geometry":{"type":"LineString","coordinates":[[138.85476351,35.24561909],[138.85534286,35.24502327],[138.85617971,35.24465526],[138.85695219,35.24439239],[138.85759592,35.24432229],[138.86064291,35.24444497],[138.86180162,35.24432229],[138.86276722,35.24402438],[138.86441946,35.24330587],[138.86637211,35.24286775],[138.8671875,35.24253478]]},"id":"gsi-12-3627-1619-road-0"},{"type":"Feature","properties":{"ftCode":2701,"motorway":9,"rnkWidth":1,"rdCtg":1,"tollSect":9,"source_layer":"road","kind":"road_centerline","bridge":false,"major":true},"geometry":{"type":"LineString","coordinates":[[138.90428814,35.61],[138.90426636,35.60994688],[138.90443802,35.60917929],[138.90467405,35.60855126],[138.90473843,35.60809768],[138.90473843,35.60794067],[138.90445948,35.60720795],[138.90430927,35.60607398],[138.90463114,35.60525401],[138.90456676,35.60412001],[138.90478134,35.60371874]]},"id":"gsi-12-3628-1613-road-8"},{"type":"Feature","properties":{"ftCode":2701,"motorway":1,"rnkWidth":1,"rdCtg":3,"tollSect":1,"source_layer":"road","kind":"road_centerline","bridge":false,"major":true},"geometry":{"type":"LineString","coordinates":[[138.91866446,35.60371874],[138.91986609,35.60432936],[138.92081022,35.6048702],[138.92091751,35.60499232]]},"id":"gsi-12-3628-1613-road-10"},{"type":"Feature","properties":{"ftCode":2701,"motorway":1,"rnkWidth":2,"rdCtg":3,"tollSect":1,"source_layer":"road","kind":"road_centerline","bridge":false,"major":true},"geometry":{"type":"LineString","coordinates":[[138.925488,35.60624843],[138.92428637,35.60602164],[138.92267704,35.60544592],[138.92207623,35.60516678],[138.92074585,35.60436426],[138.919909,35.60371874]]},"id":"gsi-12-3628-1613-road-12"},{"type":"Feature","properties":{"ftCode":2701,"motorway":1,"rnkWidth":1,"rdCtg":3,"tollSect":1,"source_layer":"road","kind":"road_centerline","bridge":false,"major":true},"geometry":{"type":"LineString","coordinates":[[138.92091751,35.60499232],[138.92196894,35.60560293],[138.92304182,35.60607398],[138.92392159,35.60637056],[138.92520905,35.60666713]]},"id":"gsi-12-3628-1613-road-13"},{"type":"Feature","properties":{"ftCode":2701,"motorway":1,"rnkWidth":4,"rdCtg":3,"tollSect":1,"source_layer":"road","kind":"road_centerline","bridge":false,"major":true},"geometry":{"type":"LineString","coordinates":[[138.91937256,35.60371874],[138.92188311,35.60530635],[138.92252684,35.60565527],[138.92312765,35.60589952],[138.92475843,35.606388],[138.92791271,35.60694627],[138.92917871,35.60729518],[138.93038034,35.60795811],[138.93106699,35.60851637],[138.93149614,35.60905717],[138.93186092,35.60973754]]},"id":"gsi-12-3628-1613-road-14"},{"type":"Feature","properties":{"ftCode":2701,"motorway":1,"rnkWidth":1,"rdCtg":3,"tollSect":1,"source_layer":"road","kind":"road_centerline","bridge":false,"major":true},"geometry":{"type":"LineString","coordinates":[[138.92602444,35.60617865],[138.92587423,35.60621354],[138.92546654,35.6061612],[138.92428637,35.60589952],[138.92394304,35.60588207]]},"id":"gsi-12-3628-1613-road-15"},{"type":"Feature","properties":{"ftCode":2701,"motorway":1,"rnkWidth":1,"rdCtg":3,"tollSect":1,"source_layer":"road","kind":"road_centerline","bridge":false,"major":true},"geometry":{"type":"LineString","coordinates":[[138.92390013,35.6061612],[138.92413616,35.60609142],[138.92540216,35.60635311],[138.92589569,35.60633566],[138.92621756,35.60617865]]},"id":"gsi-12-3628-1613-road-16"},{"type":"Feature","properties":{"ftCode":2704,"motorway":1,"rnkWidth":1,"rdCtg":3,"tollSect":1,"source_layer":"road","kind":"road_centerline","bridge":false,"major":true},"geometry":{"type":"LineString","coordinates":[[138.92520905,35.60666713],[138.9261961,35.60677181],[138.92641068,35.60663224]]},"id":"gsi-12-3628-1613-road-17"},{"type":"Feature","properties":{"ftCode":2703,"motorway":1,"rnkWidth":2,"rdCtg":3,"tollSect":1,"source_layer":"road","kind":"road_centerline","bridge":true,"major":true},"geometry":{"type":"LineString","coordinates":[[138.925488,35.60624843],[138.92660379,35.60647523]]},"id":"gsi-12-3628-1613-road-18"},{"type":"Feature","properties":{"ftCode":2703,"motorway":1,"rnkWidth":1,"rdCtg":3,"tollSect":1,"source_layer":"road","kind":"road_centerline","bridge":true,"major":true},"geometry":{"type":"LineString","coordinates":[[138.92602444,35.60617865],[138.92632484,35.60593441],[138.92621756,35.60617865]]},"id":"gsi-12-3628-1613-road-19"},{"type":"Feature","properties":{"ftCode":2704,"motorway":1,"rnkWidth":1,"rdCtg":3,"tollSect":1,"source_layer":"road","kind":"road_centerline","bridge":false,"major":true},"geometry":{"type":"LineString","coordinates":[[138.9263463,35.60649268],[138.92641068,35.60663224]]},"id":"gsi-12-3628-1613-road-20"},{"type":"Feature","properties":{"ftCode":2704,"motorway":1,"rnkWidth":1,"rdCtg":3,"tollSect":1,"source_layer":"road","kind":"road_centerline","bridge":false,"major":true},"geometry":{"type":"LineString","coordinates":[[138.92641068,35.60663224],[138.92668962,35.60689393]]},"id":"gsi-12-3628-1613-road-21"},{"type":"Feature","properties":{"ftCode":2704,"motorway":1,"rnkWidth":1,"rdCtg":3,"tollSect":1,"source_layer":"road","kind":"road_centerline","bridge":false,"major":true},"geometry":{"type":"LineString","coordinates":[[138.92641068,35.60663224],[138.92649651,35.60628333]]},"id":"gsi-12-3628-1613-road-22"},{"type":"Feature","properties":{"ftCode":2703,"motorway":1,"rnkWidth":1,"rdCtg":3,"tollSect":1,"source_layer":"road","kind":"road_centerline","bridge":true,"major":true},"geometry":{"type":"LineString","coordinates":[[138.92653942,35.60563783],[138.9263463,35.60649268]]},"id":"gsi-12-3628-1613-road-23"},{"type":"Feature","properties":{"ftCode":2703,"motorway":1,"rnkWidth":1,"rdCtg":3,"tollSect":1,"source_layer":"road","kind":"road_centerline","bridge":true,"major":true},"geometry":{"type":"LineString","coordinates":[[138.92649651,35.60628333],[138.92666817,35.60565527]]},"id":"gsi-12-3628-1613-road-24"},{"type":"Feature","properties":{"ftCode":2703,"motorway":1,"rnkWidth":1,"rdCtg":3,"tollSect":1,"source_layer":"road","kind":"road_centerline","bridge":true,"major":true},"geometry":{"type":"LineString","coordinates":[[138.92677546,35.60626588],[138.92668962,35.60609142],[138.926754,35.60569016]]},"id":"gsi-12-3628-1613-road-25"},{"type":"Feature","properties":{"ftCode":2701,"motorway":1,"rnkWidth":2,"rdCtg":3,"tollSect":1,"source_layer":"road","kind":"road_centerline","bridge":false,"major":true},"geometry":{"type":"LineString","coordinates":[[138.92638922,35.60563783],[138.9263463,35.60542847],[138.92604589,35.60516678],[138.92608881,35.60504466]]},"id":"gsi-12-3628-1613-road-26"},{"type":"Feature","properties":{"ftCode":2701,"motorway":1,"rnkWidth":4,"rdCtg":3,"tollSect":1,"source_layer":"road","kind":"road_centerline","bridge":false,"major":true},"geometry":{"type":"LineString","coordinates":[[138.92465115,35.60371874],[138.92471552,35.60403278],[138.92490864,35.60420724],[138.92636776,35.60523657]]},"id":"gsi-12-3628-1613-road-27"},{"type":"Feature","properties":{"ftCode":2701,"motorway":1,"rnkWidth":2,"rdCtg":3,"tollSect":1,"source_layer":"road","kind":"road_centerline","bridge":false,"major":true},"geometry":{"type":"LineString","coordinates":[[138.92523049,35.60371874],[138.92484426,35.60375363],[138.92469406,35.60396299]]},"id":"gsi-12-3628-1613-road-28"},{"type":"Feature","properties":{"ftCode":2701,"motorway":0,"rnkWidth":4,"rdCtg":1,"tollSect":0,"source_layer":"road","kind":"road_centerline","bridge":false,"major":true},"geometry":{"type":"LineString","coordinates":[[138.9252305,35.60371874],[138.92591715,35.60405022],[138.9269042,35.60473063]]},"id":"gsi-12-3628-1613-road-29"},{"type":"Feature","properties":{"ftCode":2703,"motorway":1,"rnkWidth":2,"rdCtg":3,"tollSect":1,"source_layer":"road","kind":"road_centerline","bridge":true,"major":true},"geometry":{"type":"LineString","coordinates":[[138.92632484,35.60593441],[138.92638922,35.60584718],[138.92638922,35.60563783]]},"id":"gsi-12-3628-1613-road-30"},{"type":"Feature","properties":{"ftCode":2701,"motorway":1,"rnkWidth":1,"rdCtg":3,"tollSect":1,"source_layer":"road","kind":"road_centerline","bridge":false,"major":true},"geometry":{"type":"LineString","coordinates":[[138.92666817,35.60565527],[138.92658234,35.60535869],[138.92641068,35.60518423],[138.92632484,35.60525401],[138.92649651,35.60542847],[138.92653942,35.60563783]]},"id":"gsi-12-3628-1613-road-31"},{"type":"Feature","properties":{"ftCode":2701,"motorway":1,"rnkWidth":1,"rdCtg":3,"tollSect":1,"source_layer":"road","kind":"road_centerline","bridge":false,"major":true},"geometry":{"type":"LineString","coordinates":[[138.926754,35.60569016],[138.92666817,35.60530635],[138.92623901,35.60499232],[138.92608881,35.60504466]]},"id":"gsi-12-3628-1613-road-32"},{"type":"Feature","properties":{"ftCode":2701,"motorway":1,"rnkWidth":1,"rdCtg":3,"tollSect":1,"source_layer":"road","kind":"road_centerline","bridge":false,"major":true},"geometry":{"type":"LineString","coordinates":[[138.92668962,35.60689393],[138.9287281,35.60734752],[138.92947912,35.60764409],[138.93016577,35.6080279],[138.93057346,35.60834191],[138.93108845,35.60886527],[138.93132448,35.60916184],[138.93178472,35.61]]},"id":"gsi-12-3628-1613-road-33"},{"type":"Feature","properties":{"ftCode":2701,"motorway":1,"rnkWidth":2,"rdCtg":3,"tollSect":1,"source_layer":"road","kind":"road_centerline","bridge":false,"major":true},"geometry":{"type":"LineString","coordinates":[[138.93206372,35.61],[138.93194675,35.60973754],[138.93186092,35.60973754],[138.93181801,35.60978987],[138.93188961,35.61]]},"id":"gsi-12-3628-1613-road-34"},{"type":"Feature","properties":{"ftCode":2703,"motorway":1,"rnkWidth":2,"rdCtg":3,"tollSect":1,"source_layer":"road","kind":"road_centerline","bridge":true,"major":true},"geometry":{"type":"LineString","coordinates":[[138.93243171,35.61],[138.93190384,35.60893506]]},"id":"gsi-12-3628-1613-road-36"},{"type":"Feature","properties":{"ftCode":2701,"motorway":1,"rnkWidth":1,"rdCtg":3,"tollSect":1,"source_layer":"road","kind":"road_centerline","bridge":false,"major":true},"geometry":{"type":"LineString","coordinates":[[138.92935038,35.60712072],[138.92924309,35.6070335],[138.92851353,35.6068067],[138.92711878,35.60647523],[138.92692566,35.60640545],[138.92677546,35.60626588]]},"id":"gsi-12-3628-1613-road-37"},{"type":"Feature","properties":{"ftCode":2701,"motorway":1,"rnkWidth":2,"rdCtg":3,"tollSect":1,"source_layer":"road","kind":"road_centerline","bridge":false,"major":true},"geometry":{"type":"LineString","coordinates":[[138.92660379,35.60647523],[138.92935038,35.60712072],[138.92980099,35.60729518],[138.93065929,35.60774877],[138.93113136,35.60809768],[138.93190384,35.60893506]]},"id":"gsi-12-3628-1613-road-38"},{"type":"Feature","properties":{"ftCode":2701,"motorway":0,"rnkWidth":2,"rdCtg":0,"tollSect":0,"source_layer":"road","kind":"road_centerline","bridge":false,"major":true},"geometry":{"type":"LineString","coordinates":[[138.93443584,35.60579484],[138.93332005,35.60572506],[138.93198967,35.60542847],[138.92819166,35.60417235],[138.92703295,35.60371874]]},"id":"gsi-12-3628-1613-road-39"},{"type":"Feature","properties":{"ftCode":2701,"motorway":0,"rnkWidth":2,"rdCtg":1,"tollSect":0,"source_layer":"road","kind":"road_centerline","bridge":false,"major":true},"geometry":{"type":"LineString","coordinates":[[138.9269042,35.60473063],[138.9278698,35.6053238],[138.92849207,35.60553315],[138.92975807,35.60565527],[138.93213987,35.60605653],[138.93274069,35.60617865],[138.93338442,35.60642289],[138.93439293,35.60712072],[138.93537998,35.60834191],[138.93550873,35.60842914]]},"id":"gsi-12-3628-1613-road-40"},{"type":"Feature","properties":{"ftCode":2703,"motorway":0,"rnkWidth":2,"rdCtg":1,"tollSect":0,"source_layer":"road","kind":"road_centerline","bridge":true,"major":true},"geometry":{"type":"LineString","coordinates":[[138.93550873,35.60842914],[138.93711805,35.60937119]]},"id":"gsi-12-3628-1613-road-68"},{"type":"Feature","properties":{"ftCode":2701,"motorway":0,"rnkWidth":2,"rdCtg":1,"tollSect":0,"source_layer":"road","kind":"road_centerline","bridge":false,"major":true},"geometry":{"type":"LineString","coordinates":[[138.93711805,35.60937119],[138.93784761,35.60978987]]},"id":"gsi-12-3628-1613-road-69"},{"type":"Feature","properties":{"ftCode":2701,"motorway":0,"rnkWidth":2,"rdCtg":1,"tollSect":0,"source_layer":"road","kind":"road_centerline","bridge":false,"major":true},"geometry":{"type":"LineString","coordinates":[[138.93806219,35.60991199],[138.93822776,35.61]]},"id":"gsi-12-3628-1613-road-70"},{"type":"Feature","properties":{"ftCode":2703,"motorway":0,"rnkWidth":2,"rdCtg":1,"tollSect":0,"source_layer":"road","kind":"road_centerline","bridge":true,"major":true},"geometry":{"type":"LineString","coordinates":[[138.93784761,35.60978987],[138.93806219,35.60991199]]},"id":"gsi-12-3628-1613-road-71"},{"type":"Feature","properties":{"ftCode":2704,"motorway":0,"rnkWidth":2,"rdCtg":0,"tollSect":0,"source_layer":"road","kind":"road_centerline","bridge":false,"major":true},"geometry":{"type":"LineString","coordinates":[[138.9383626,35.60659735],[138.93756866,35.60612631],[138.93673182,35.60584718],[138.93583059,35.60575995],[138.93443584,35.60579484]]},"id":"gsi-12-3628-1613-road-72"},{"type":"Feature","properties":{"ftCode":2701,"motorway":0,"rnkWidth":2,"rdCtg":0,"tollSect":0,"source_layer":"road","kind":"road_centerline","bridge":false,"major":true},"geometry":{"type":"LineString","coordinates":[[138.93990755,35.60774877],[138.94132376,35.60874316],[138.94239664,35.60940608],[138.9434571,35.61]]},"id":"gsi-12-3628-1613-road-75"},{"type":"Feature","properties":{"ftCode":2703,"motorway":0,"rnkWidth":2,"rdCtg":0,"tollSect":0,"source_layer":"road","kind":"road_centerline","bridge":true,"major":true},"geometry":{"type":"LineString","coordinates":[[138.93990755,35.60774877],[138.93969297,35.60759176]]},"id":"gsi-12-3628-1613-road-76"},{"type":"Feature","properties":{"ftCode":2701,"motorway":0,"rnkWidth":2,"rdCtg":0,"tollSect":0,"source_layer":"road","kind":"road_centerline","bridge":false,"major":true},"geometry":{"type":"LineString","coordinates":[[138.93969297,35.60759176],[138.93943548,35.60739985]]},"id":"gsi-12-3628-1613-road-77"},{"type":"Feature","properties":{"ftCode":2703,"motorway":0,"rnkWidth":2,"rdCtg":0,"tollSect":0,"source_layer":"road","kind":"road_centerline","bridge":true,"major":true},"geometry":{"type":"LineString","coordinates":[[138.93943548,35.60739985],[138.9383626,35.60659735]]},"id":"gsi-12-3628-1613-road-78"},{"type":"Feature","properties":{"ftCode":2701,"motorway":1,"rnkWidth":4,"rdCtg":3,"tollSect":1,"source_layer":"road","kind":"road_centerline","bridge":false,"major":true},"geometry":{"type":"LineString","coordinates":[[138.90018941,35.60371874],[138.90081167,35.60377108],[138.90203476,35.60373619]]},"id":"gsi-12-3628-1613-road-108"},{"type":"Feature","properties":{"ftCode":2703,"motorway":1,"rnkWidth":4,"rdCtg":3,"tollSect":1,"source_layer":"road","kind":"road_centerline","bridge":true,"major":true},"geometry":{"type":"LineString","coordinates":[[138.90203476,35.60373619],[138.90218495,35.60371874]]},"id":"gsi-12-3628-1613-road-110"},{"type":"Feature","properties":{"ftCode":2701,"motorway":1,"rnkWidth":1,"rdCtg":3,"tollSect":1,"source_layer":"road","kind":"road_centerline","bridge":false,"major":true},"geometry":{"type":"LineString","coordinates":[[138.91817093,35.60371874],[138.92091751,35.60499232]]},"id":"gsi-12-3628-1613-road-116"},{"type":"Feature","properties":{"ftCode":2701,"motorway":1,"rnkWidth":2,"rdCtg":3,"tollSect":1,"source_layer":"road","kind":"road_centerline","bridge":false,"major":true},"geometry":{"type":"LineString","coordinates":[[138.91875029,35.60371874],[138.92048836,35.6044166]]},"id":"gsi-12-3628-1613-road-119"},{"type":"Feature","properties":{"ftCode":2701,"motorway":1,"rnkWidth":2,"rdCtg":3,"tollSect":1,"source_layer":"road","kind":"road_centerline","bridge":false,"major":true},"geometry":{"type":"LineString","coordinates":[[138.92458677,35.60371874],[138.92465115,35.60384087]]},"id":"gsi-12-3628-1613-road-123"},{"type":"Feature","properties":{"ftCode":2701,"motorway":9,"rnkWidth":2,"rdCtg":0,"tollSect":9,"source_layer":"road","kind":"road_centerline","bridge":false,"major":true},"geometry":{"type":"LineString","coordinates":[[138.94138813,35.60371874],[138.94149542,35.60394554],[138.94151688,35.60436426],[138.94138813,35.60481786],[138.94087315,35.6059693],[138.94057274,35.60654501],[138.93982172,35.60736496],[138.93960714,35.60752197]]},"id":"gsi-12-3628-1613-road-125"},{"type":"Feature","properties":{"ftCode":2701,"motorway":9,"rnkWidth":2,"rdCtg":0,"tollSect":9,"source_layer":"road","kind":"road_centerline","bridge":false,"major":true},"geometry":{"type":"LineString","coordinates":[[138.86742353,35.60078769],[138.8671875,35.60094471]]},"id":"gsi-12-3628-1614-road-0"},{"type":"Feature","properties":{"ftCode":2701,"motorway":1,"rnkWidth":4,"rdCtg":3,"tollSect":1,"source_layer":"road","kind":"road_centerline","bridge":false,"major":true},"geometry":{"type":"LineString","coordinates":[[138.8671875,35.60244514],[138.8673377,35.60237535]]},"id":"gsi-12-3628-1614-road-2"},{"type":"Feature","properties":{"ftCode":2701,"motorway":1,"rnkWidth":4,"rdCtg":3,"tollSect":1,"source_layer":"road","kind":"road_centerline","bridge":false,"major":true},"geometry":{"type":"LineString","coordinates":[[138.8671875,35.53570109],[138.86853933,35.53615508]]},"id":"gsi-12-3628-1614-road-3"},{"type":"Feature","properties":{"ftCode":2701,"motorway":9,"rnkWidth":2,"rdCtg":0,"tollSect":9,"source_layer":"road","kind":"road_centerline","bridge":false,"major":true},"geometry":{"type":"LineString","coordinates":[[138.8671875,35.53362318],[138.8690114,35.53461849],[138.87044907,35.53561379],[138.8734746,35.536644],[138.87733698,35.53816309],[138.87800217,35.5383377]]},"id":"gsi-12-3628-1614-road-4"},{"type":"Feature","properties":{"ftCode":2701,"motorway":9,"rnkWidth":1,"rdCtg":1,"tollSect":9,"source_layer":"road","kind":"road_centerline","bridge":false,"major":true},"geometry":{"type":"LineString","coordinates":[[138.90478134,35.60371874],[138.90482426,35.60349194]]},"id":"gsi-12-3628-1614-road-5"},{"type":"Feature","properties":{"ftCode":2701,"motorway":1,"rnkWidth":1,"rdCtg":3,"tollSect":1,"source_layer":"road","kind":"road_centerline","bridge":false,"major":true},"geometry":{"type":"LineString","coordinates":[[138.91853571,35.60364895],[138.91866446,35.60371874]]},"id":"gsi-12-3628-1614-road-6"},{"type":"Feature","properties":{"ftCode":2701,"motorway":1,"rnkWidth":2,"rdCtg":3,"tollSect":1,"source_layer":"road","kind":"road_centerline","bridge":false,"major":true},"geometry":{"type":"LineString","coordinates":[[138.919909,35.60371874],[138.91978025,35.60357917]]},"id":"gsi-12-3628-1614-road-7"},{"type":"Feature","properties":{"ftCode":2701,"motorway":1,"rnkWidth":4,"rdCtg":3,"tollSect":1,"source_layer":"road","kind":"road_centerline","bridge":false,"major":true},"geometry":{"type":"LineString","coordinates":[[138.91829967,35.60307322],[138.91937256,35.60371874]]},"id":"gsi-12-3628-1614-road-9"},{"type":"Feature","properties":{"ftCode":2701,"motorway":1,"rnkWidth":4,"rdCtg":3,"tollSect":1,"source_layer":"road","kind":"road_centerline","bridge":false,"major":true},"geometry":{"type":"LineString","coordinates":[[138.92473698,35.60349194],[138.92465115,35.60371874]]},"id":"gsi-12-3628-1614-road-11"},{"type":"Feature","properties":{"ftCode":2701,"motorway":1,"rnkWidth":2,"rdCtg":3,"tollSect":1,"source_layer":"road","kind":"road_centerline","bridge":false,"major":true},"geometry":{"type":"LineString","coordinates":[[138.9252305,35.60371874],[138.92523049,35.60371874]]},"id":"gsi-12-3628-1614-road-12"},{"type":"Feature","properties":{"ftCode":2701,"motorway":0,"rnkWidth":4,"rdCtg":1,"tollSect":0,"source_layer":"road","kind":"road_centerline","bridge":false,"major":true},"geometry":{"type":"LineString","coordinates":[[138.92473698,35.60349194],[138.9252305,35.60371874]]},"id":"gsi-12-3628-1614-road-13"},{"type":"Feature","properties":{"ftCode":2701,"motorway":0,"rnkWidth":2,"rdCtg":0,"tollSect":0,"source_layer":"road","kind":"road_centerline","bridge":false,"major":true},"geometry":{"type":"LineString","coordinates":[[138.92703295,35.60371874],[138.92593861,35.6031779],[138.92572403,35.60312556],[138.92516613,35.6031779],[138.92473698,35.60349194]]},"id":"gsi-12-3628-1614-road-15"},{"type":"Feature","properties":{"ftCode":2703,"motorway":1,"rnkWidth":4,"rdCtg":3,"tollSect":1,"source_layer":"road","kind":"road_centerline","bridge":true,"major":true},"geometry":{"type":"LineString","coordinates":[[138.8673377,35.60237535],[138.86811018,35.60195663]]},"id":"gsi-12-3628-1614-road-17"},{"type":"Feature","properties":{"ftCode":2703,"motorway":9,"rnkWidth":2,"rdCtg":0,"tollSect":9,"source_layer":"road","kind":"road_centerline","bridge":true,"major":true},"geometry":{"type":"LineString","coordinates":[[138.86763811,35.60028172],[138.86742353,35.60078769]]},"id":"gsi-12-3628-1614-road-18"},{"type":"Feature","properties":{"ftCode":2701,"motorway":9,"rnkWidth":2,"rdCtg":0,"tollSect":9,"source_layer":"road","kind":"road_centerline","bridge":false,"major":true},"geometry":{"type":"LineString","coordinates":[[138.8710928,35.59860677],[138.87017012,35.59897317],[138.86834621,35.59982809],[138.86785269,35.60007235],[138.86763811,35.60028172]]},"id":"gsi-12-3628-1614-road-19"},{"type":"Feature","properties":{"ftCode":2701,"motorway":1,"rnkWidth":4,"rdCtg":3,"tollSect":1,"source_layer":"road","kind":"road_centerline","bridge":false,"major":true},"geometry":{"type":"LineString","coordinates":[[138.86811018,35.60195663],[138.8694191,35.60124131],[138.87115717,35.60040385],[138.8722086,35.60000256],[138.87360334,35.59956638]]},"id":"gsi-12-3628-1614-road-20"},{"type":"Feature","properties":{"ftCode":2703,"motorway":9,"rnkWidth":2,"rdCtg":0,"tollSect":9,"source_layer":"road","kind":"road_centerline","bridge":true,"major":true},"geometry":{"type":"LineString","coordinates":[[138.87137175,35.59853698],[138.8710928,35.59860677]]},"id":"gsi-12-3628-1614-road-21"},{"type":"Feature","properties":{"ftCode":2703,"motorway":1,"rnkWidth":4,"rdCtg":3,"tollSect":1,"source_layer":"road","kind":"road_centerline","bridge":true,"major":true},"geometry":{"type":"LineString","coordinates":[[138.87360334,35.59956638],[138.8740325,35.59944425]]},"id":"gsi-12-3628-1614-road-22"},{"type":"Feature","properties":{"ftCode":2701,"motorway":1,"rnkWidth":4,"rdCtg":3,"tollSect":1,"source_layer":"road","kind":"road_centerline","bridge":false,"major":true},"geometry":{"type":"LineString","coordinates":[[138.8740325,35.59944425],[138.87482643,35.59926978],[138.87647867,35.59902551],[138.87770176,35.59893827]]},"id":"gsi-12-3628-1614-road-23"},{"type":"Feature","properties":{"ftCode":2701,"motorway":9,"rnkWidth":2,"rdCtg":0,"tollSect":9,"source_layer":"road","kind":"road_centerline","bridge":false,"major":true},"geometry":{"type":"LineString","coordinates":[[138.87137175,35.59853698],[138.87158632,35.59848464],[138.87214422,35.59806589],[138.87287378,35.59705392],[138.87358189,35.5964258],[138.87388229,35.59626876],[138.87499809,35.59630366],[138.87665033,35.59616408],[138.8787961,35.59569298],[138.87931108,35.59565808],[138.88216496,35.59649559]]},"id":"gsi-12-3628-1614-road-24"},{"type":"Feature","properties":{"ftCode":2701,"motorway":9,"rnkWidth":2,"rdCtg":1,"tollSect":0,"source_layer":"road","kind":"road_centerline","bridge":false,"major":true},"geometry":{"type":"LineString","coordinates":[[138.8754487,35.58684626],[138.87589931,35.58700331],[138.87604952,35.58716036],[138.87628555,35.58778856],[138.87645721,35.58796306],[138.87671471,35.5880852],[138.87729406,35.58813755],[138.87763739,35.5882597],[138.87815237,35.5887832],[138.87892485,35.58935903],[138.87905359,35.58951608],[138.87909651,35.58970802],[138.87892485,35.59021406]]},"id":"gsi-12-3628-1614-road-25"},{"type":"Feature","properties":{"ftCode":2703,"motorway":1,"rnkWidth":4,"rdCtg":3,"tollSect":1,"source_layer":"road","kind":"road_centerline","bridge":true,"major":true},"geometry":{"type":"LineString","coordinates":[[138.87770176,35.59893827],[138.87892485,35.59893827]]},"id":"gsi-12-3628-1614-road-26"},{"type":"Feature","properties":{"ftCode":2701,"motorway":9,"rnkWidth":2,"rdCtg":1,"tollSect":9,"source_layer":"road","kind":"road_centerline","bridge":false,"major":true},"geometry":{"type":"LineString","coordinates":[[138.88021231,35.5959198],[138.88051271,35.59506484]]},"id":"gsi-12-3628-1614-road-27"},{"type":"Feature","properties":{"ftCode":2704,"motorway":9,"rnkWidth":2,"rdCtg":1,"tollSect":9,"source_layer":"road","kind":"road_centerline","bridge":false,"major":true},"geometry":{"type":"LineString","coordinates":[[138.88051271,35.59506484],[138.88062,35.59464608]]},"id":"gsi-12-3628-1614-road-28"},{"type":"Feature","properties":{"ftCode":2703,"motorway":9,"rnkWidth":2,"rdCtg":0,"tollSect":9,"source_layer":"road","kind":"road_centerline","bridge":true,"major":true},"geometry":{"type":"LineString","coordinates":[[138.88216496,35.59649559],[138.88265848,35.59656538]]},"id":"gsi-12-3628-1614-road-29"},{"type":"Feature","properties":{"ftCode":2701,"motorway":1,"rnkWidth":2,"rdCtg":3,"tollSect":1,"source_layer":"road","kind":"road_centerline","bridge":false,"major":true},"geometry":{"type":"LineString","coordinates":[[138.88774395,35.60080513],[138.8869071,35.60045619],[138.88448238,35.59972341],[138.88332367,35.59949659],[138.88302326,35.59949659],[138.88510466,35.60026427],[138.88527632,35.60026427],[138.88710022,35.60075279],[138.88716459,35.600683]]},"id":"gsi-12-3628-1614-road-30"},{"type":"Feature","properties":{"ftCode":2701,"motorway":9,"rnkWidth":1,"rdCtg":1,"tollSect":9,"source_layer":"road","kind":"road_centerline","bridge":false,"major":true},"geometry":{"type":"LineString","coordinates":[[138.88441801,35.59492525],[138.88476133,35.59644325]]},"id":"gsi-12-3628-1614-road-31"},{"type":"Feature","properties":{"ftCode":2701,"motorway":9,"rnkWidth":2,"rdCtg":0,"tollSect":9,"source_layer":"road","kind":"road_centerline","bridge":false,"major":true},"geometry":{"type":"LineString","coordinates":[[138.88804436,35.59663517],[138.88752937,35.59644325],[138.88720751,35.5963909],[138.88607025,35.59637345],[138.88426781,35.59649559],[138.88330221,35.59647814],[138.88265848,35.59656538]]},"id":"gsi-12-3628-1614-road-32"},{"type":"Feature","properties":{"ftCode":2703,"motorway":0,"rnkWidth":2,"rdCtg":0,"tollSect":0,"source_layer":"road","kind":"road_centerline","bridge":true,"major":true},"geometry":{"type":"LineString","coordinates":[[138.88907433,35.59778673],[138.88922453,35.59844974]]},"id":"gsi-12-3628-1614-road-33"},{"type":"Feature","properties":{"ftCode":2701,"motorway":0,"rnkWidth":2,"rdCtg":0,"tollSect":0,"source_layer":"road","kind":"road_centerline","bridge":false,"major":true},"geometry":{"type":"LineString","coordinates":[[138.88907433,35.59778673],[138.88862371,35.59708882],[138.88804436,35.59663517]]},"id":"gsi-12-3628-1614-road-34"},{"type":"Feature","properties":{"ftCode":2701,"motorway":9,"rnkWidth":2,"rdCtg":1,"tollSect":9,"source_layer":"road","kind":"road_centerline","bridge":false,"major":true},"geometry":{"type":"LineString","coordinates":[[138.88062,35.59464608],[138.88059855,35.59365151],[138.87999773,35.5931106],[138.8789463,35.59122612],[138.8787961,35.59063284],[138.87892485,35.59021406]]},"id":"gsi-12-3628-1614-road-35"},{"type":"Feature","properties":{"ftCode":2701,"motorway":9,"rnkWidth":1,"rdCtg":1,"tollSect":9,"source_layer":"road","kind":"road_centerline","bridge":false,"major":true},"geometry":{"type":"LineString","coordinates":[[138.87383938,35.5861657],[138.87386084,35.58562474],[138.87353897,35.58473476],[138.87336731,35.58459516],[138.8729167,35.58442065]]},"id":"gsi-12-3628-1614-road-36"},{"type":"Feature","properties":{"ftCode":2701,"motorway":9,"rnkWidth":2,"rdCtg":1,"tollSect":9,"source_layer":"road","kind":"road_centerline","bridge":false,"major":true},"geometry":{"type":"LineString","coordinates":[[138.8754487,35.58684626],[138.87450457,35.5865845],[138.87386084,35.5862006],[138.87349606,35.58571199],[138.8729167,35.58442065],[138.87265921,35.58412399],[138.87229443,35.58389713],[138.87120008,35.58342596],[138.87064219,35.58295479],[138.87044907,35.58286753],[138.86989117,35.58276282],[138.8694191,35.58227419],[138.86879683,35.58201243],[138.86813164,35.58196007],[138.86770248,35.58176811],[138.8671875,35.58113986]]},"id":"gsi-12-3628-1614-road-37"},{"type":"Feature","properties":{"ftCode":2701,"motorway":1,"rnkWidth":4,"rdCtg":3,"tollSect":1,"source_layer":"road","kind":"road_centerline","bridge":false,"major":true},"geometry":{"type":"LineString","coordinates":[[138.87892485,35.59893827],[138.88068438,35.59906041],[138.88233662,35.59930467],[138.88388157,35.59972341],[138.88613462,35.60045619],[138.8885808,35.60096216],[138.89182091,35.60146812],[138.89452457,35.60214855],[138.89737844,35.60312556],[138.8986659,35.60347449],[138.9001894,35.60371874],[138.90018941,35.60371874]]},"id":"gsi-12-3628-1614-road-38"},{"type":"Feature","properties":{"ftCode":2701,"motorway":0,"rnkWidth":2,"rdCtg":0,"tollSect":0,"source_layer":"road","kind":"road_centerline","bridge":false,"major":true},"geometry":{"type":"LineString","coordinates":[[138.89061928,35.59911275],[138.88961077,35.59885104],[138.8892889,35.59862422],[138.88922453,35.59844974]]},"id":"gsi-12-3628-1614-road-39"},{"type":"Feature","properties":{"ftCode":2701,"motorway":9,"rnkWidth":2,"rdCtg":0,"tollSect":9,"source_layer":"road","kind":"road_centerline","bridge":false,"major":true},"geometry":{"type":"LineString","coordinates":[[138.89061928,35.59911275],[138.89297962,35.59970596],[138.8962841,35.60064811],[138.89785051,35.60090981],[138.90072584,35.60179961],[138.90158415,35.60234046],[138.90188456,35.60237535],[138.90205622,35.60228812]]},"id":"gsi-12-3628-1614-road-40"},{"type":"Feature","properties":{"ftCode":2703,"motorway":1,"rnkWidth":4,"rdCtg":3,"tollSect":1,"source_layer":"road","kind":"road_centerline","bridge":true,"major":true},"geometry":{"type":"LineString","coordinates":[[138.90218495,35.60371874],[138.90218496,35.60371874],[138.90295744,35.60363151]]},"id":"gsi-12-3628-1614-road-41"},{"type":"Feature","properties":{"ftCode":2703,"motorway":9,"rnkWidth":2,"rdCtg":0,"tollSect":9,"source_layer":"road","kind":"road_centerline","bridge":true,"major":true},"geometry":{"type":"LineString","coordinates":[[138.90205622,35.60228812],[138.90254974,35.60202642]]},"id":"gsi-12-3628-1614-road-42"},{"type":"Feature","properties":{"ftCode":2703,"motorway":9,"rnkWidth":1,"rdCtg":1,"tollSect":9,"source_layer":"road","kind":"road_centerline","bridge":true,"major":true},"geometry":{"type":"LineString","coordinates":[[138.90460968,35.60305577],[138.90482426,35.60349194]]},"id":"gsi-12-3628-1614-road-43"},{"type":"Feature","properties":{"ftCode":2701,"motorway":9,"rnkWidth":1,"rdCtg":1,"tollSect":9,"source_layer":"road","kind":"road_centerline","bridge":false,"major":true},"geometry":{"type":"LineString","coordinates":[[138.90589714,35.60082258],[138.90615463,35.6010145],[138.90632629,35.6013111],[138.90643358,35.60138088],[138.90628338,35.60202642],[138.9053607,35.60251493],[138.90469551,35.60275918],[138.90456676,35.60293365],[138.90460968,35.60305577]]},"id":"gsi-12-3628-1614-road-44"},{"type":"Feature","properties":{"ftCode":2701,"motorway":9,"rnkWidth":2,"rdCtg":0,"tollSect":9,"source_layer":"road","kind":"road_centerline","bridge":false,"major":true},"geometry":{"type":"LineString","coordinates":[[138.90254974,35.60202642],[138.90355825,35.60145067],[138.90400887,35.60143322],[138.90484571,35.60155535],[138.90514612,35.60148557],[138.90634775,35.6004213],[138.90666962,35.60033406]]},"id":"gsi-12-3628-1614-road-45"},{"type":"Feature","properties":{"ftCode":2703,"motorway":9,"rnkWidth":2,"rdCtg":0,"tollSect":9,"source_layer":"road","kind":"road_centerline","bridge":true,"major":true},"geometry":{"type":"LineString","coordinates":[[138.90666962,35.60033406],[138.90763521,35.60017704]]},"id":"gsi-12-3628-1614-road-46"},{"type":"Feature","properties":{"ftCode":2701,"motorway":1,"rnkWidth":4,"rdCtg":3,"tollSect":1,"source_layer":"road","kind":"road_centerline","bridge":false,"major":true},"geometry":{"type":"LineString","coordinates":[[138.90295744,35.60363151],[138.90385866,35.60347449],[138.90529633,35.60300343],[138.90840769,35.60174727],[138.90911579,35.60155535],[138.91040325,35.60136344],[138.91186237,35.60129365],[138.91314983,35.60141578],[138.91435146,35.60159025],[138.91520977,35.60178216],[138.91647577,35.60220089]]},"id":"gsi-12-3628-1614-road-47"},{"type":"Feature","properties":{"ftCode":2701,"motorway":9,"rnkWidth":2,"rdCtg":1,"tollSect":9,"source_layer":"road","kind":"road_centerline","bridge":false,"major":true},"geometry":{"type":"LineString","coordinates":[[138.8671875,35.56352951],[138.86746645,35.56352951],[138.86770248,35.56345969],[138.8684535,35.56307567],[138.86918306,35.5628313],[138.87040615,35.56276147],[138.87100697,35.56265674],[138.8716507,35.56223781],[138.87280941,35.56162687],[138.87506247,35.56119048],[138.87572765,35.56112065],[138.8765645,35.56117302],[138.87710094,35.56134758],[138.87765884,35.56167923],[138.87832403,35.56195852],[138.87911797,35.5622029],[138.87952566,35.56225527],[138.88016939,35.5622029],[138.88124228,35.56185379],[138.88186455,35.56176651],[138.88332367,35.56185379],[138.88594151,35.56159196],[138.88677835,35.56166178],[138.88720751,35.56164432],[138.88830185,35.56143486],[138.89538288,35.56171415],[138.89632702,35.5618887],[138.89703512,35.56211562],[138.89785051,35.5625171],[138.89830112,35.5628313]]},"id":"gsi-12-3628-1614-road-48"},{"type":"Feature","properties":{"ftCode":2701,"motorway":1,"rnkWidth":4,"rdCtg":3,"tollSect":1,"source_layer":"road","kind":"road_centerline","bridge":false,"major":true},"geometry":{"type":"LineString","coordinates":[[138.86986971,35.53669638],[138.8710928,35.53729005]]},"id":"gsi-12-3628-1614-road-49"},{"type":"Feature","properties":{"ftCode":2703,"motorway":1,"rnkWidth":4,"rdCtg":3,"tollSect":1,"source_layer":"road","kind":"road_centerline","bridge":true,"major":true},"geometry":{"type":"LineString","coordinates":[[138.8710928,35.53729005],[138.87343168,35.53863453]]},"id":"gsi-12-3628-1614-road-50"},{"type":"Feature","properties":{"ftCode":2703,"motorway":1,"rnkWidth":4,"rdCtg":3,"tollSect":1,"source_layer":"road","kind":"road_centerline","bridge":true,"major":true},"geometry":{"type":"LineString","coordinates":[[138.86853933,35.53615508],[138.86986971,35.53669638]]},"id":"gsi-12-3628-1614-road-51"},{"type":"Feature","properties":{"ftCode":2701,"motorway":1,"rnkWidth":4,"rdCtg":3,"tollSect":1,"source_layer":"road","kind":"road_centerline","bridge":false,"major":true},"geometry":{"type":"LineString","coordinates":[[138.87343168,35.53863453],[138.87469769,35.53936787],[138.87622118,35.54010121],[138.87737989,35.54050279],[138.87849569,35.5407647]]},"id":"gsi-12-3628-1614-road-52"},{"type":"Feature","properties":{"ftCode":2703,"motorway":9,"rnkWidth":2,"rdCtg":0,"tollSect":9,"source_layer":"road","kind":"road_centerline","bridge":true,"major":true},"geometry":{"type":"LineString","coordinates":[[138.87800217,35.5383377],[138.87825966,35.53839008]]},"id":"gsi-12-3628-1614-road-53"},{"type":"Feature","properties":{"ftCode":2701,"motorway":1,"rnkWidth":4,"rdCtg":3,"tollSect":1,"source_layer":"road","kind":"road_centerline","bridge":false,"major":true},"geometry":{"type":"LineString","coordinates":[[138.88134956,35.54125358],[138.88441801,35.54170754],[138.88838768,35.54249323],[138.8909626,35.54331384],[138.89231443,35.54390746]]},"id":"gsi-12-3628-1614-road-54"},{"type":"Feature","properties":{"ftCode":2703,"motorway":1,"rnkWidth":4,"rdCtg":3,"tollSect":1,"source_layer":"road","kind":"road_centerline","bridge":true,"major":true},"geometry":{"type":"LineString","coordinates":[[138.87849569,35.5407647],[138.88134956,35.54125358]]},"id":"gsi-12-3628-1614-road-55"},{"type":"Feature","properties":{"ftCode":2701,"motorway":9,"rnkWidth":2,"rdCtg":0,"tollSect":9,"source_layer":"road","kind":"road_centerline","bridge":false,"major":true},"geometry":{"type":"LineString","coordinates":[[138.89010429,35.5405901],[138.88920307,35.5405901],[138.88896704,35.54053772],[138.88677835,35.53955994],[138.88592005,35.53905358],[138.88553381,35.53889644],[138.88351679,35.53884406],[138.88134956,35.53908851],[138.87825966,35.53839008]]},"id":"gsi-12-3628-1614-road-56"},{"type":"Feature","properties":{"ftCode":2701,"motorway":0,"rnkWidth":2,"rdCtg":1,"tollSect":0,"source_layer":"road","kind":"road_centerline","bridge":false,"major":true},"geometry":{"type":"LineString","coordinates":[[138.8990736,35.56345969],[138.9000392,35.56414044]]},"id":"gsi-12-3628-1614-road-57"},{"type":"Feature","properties":{"ftCode":2701,"motorway":0,"rnkWidth":2,"rdCtg":1,"tollSect":0,"source_layer":"road","kind":"road_centerline","bridge":false,"major":true},"geometry":{"type":"LineString","coordinates":[[138.89830112,35.5628313],[138.8990736,35.56345969]]},"id":"gsi-12-3628-1614-road-58"},{"type":"Feature","properties":{"ftCode":2701,"motorway":0,"rnkWidth":2,"rdCtg":1,"tollSect":0,"source_layer":"road","kind":"road_centerline","bridge":false,"major":true},"geometry":{"type":"LineString","coordinates":[[138.8990736,35.56345969],[138.89926672,35.5633375],[138.89952421,35.56337241]]},"id":"gsi-12-3628-1614-road-59"},{"type":"Feature","properties":{"ftCode":2701,"motorway":1,"rnkWidth":4,"rdCtg":3,"tollSect":1,"source_layer":"road","kind":"road_centerline","bridge":false,"major":true},"geometry":{"type":"LineString","coordinates":[[138.89351606,35.54457092],[138.89456749,35.54526929],[138.8957262,35.546247],[138.89742136,35.54816746],[138.89864445,35.55000059],[138.90282869,35.55677406]]},"id":"gsi-12-3628-1614-road-60"},{"type":"Feature","properties":{"ftCode":2701,"motorway":9,"rnkWidth":2,"rdCtg":1,"tollSect":9,"source_layer":"road","kind":"road_centerline","bridge":false,"major":true},"geometry":{"type":"LineString","coordinates":[[138.89952421,35.56337241],[138.90143394,35.56379133],[138.90194893,35.56380879],[138.90222788,35.56373897]]},"id":"gsi-12-3628-1614-road-61"},{"type":"Feature","properties":{"ftCode":2704,"motorway":0,"rnkWidth":2,"rdCtg":1,"tollSect":0,"source_layer":"road","kind":"road_centerline","bridge":false,"major":true},"geometry":{"type":"LineString","coordinates":[[138.9000392,35.56414044],[138.90076876,35.56459427],[138.90109062,35.56471645],[138.90158415,35.56480373],[138.90199184,35.56480373],[138.9025712,35.564699],[138.90304327,35.56450699],[138.90340805,35.56426262]]},"id":"gsi-12-3628-1614-road-62"},{"type":"Feature","properties":{"ftCode":2703,"motorway":9,"rnkWidth":2,"rdCtg":1,"tollSect":9,"source_layer":"road","kind":"road_centerline","bridge":true,"major":true},"geometry":{"type":"LineString","coordinates":[[138.90222788,35.56373897],[138.90274286,35.56352951]]},"id":"gsi-12-3628-1614-road-63"},{"type":"Feature","properties":{"ftCode":2701,"motorway":0,"rnkWidth":2,"rdCtg":1,"tollSect":0,"source_layer":"road","kind":"road_centerline","bridge":false,"major":true},"geometry":{"type":"LineString","coordinates":[[138.90340805,35.56426262],[138.90362263,35.56412298]]},"id":"gsi-12-3628-1614-road-64"},{"type":"Feature","properties":{"ftCode":2701,"motorway":9,"rnkWidth":2,"rdCtg":1,"tollSect":9,"source_layer":"road","kind":"road_centerline","bridge":false,"major":true},"geometry":{"type":"LineString","coordinates":[[138.90400887,35.56354696],[138.90274286,35.56352951]]},"id":"gsi-12-3628-1614-road-65"},{"type":"Feature","properties":{"ftCode":2703,"motorway":0,"rnkWidth":2,"rdCtg":1,"tollSect":0,"source_layer":"road","kind":"road_centerline","bridge":true,"major":true},"geometry":{"type":"LineString","coordinates":[[138.90362263,35.56412298],[138.90435219,35.56356442]]},"id":"gsi-12-3628-1614-road-66"},{"type":"Feature","properties":{"ftCode":2701,"motorway":0,"rnkWidth":2,"rdCtg":1,"tollSect":0,"source_layer":"road","kind":"road_centerline","bridge":false,"major":true},"geometry":{"type":"LineString","coordinates":[[138.90452385,35.56340732],[138.90400887,35.56354696]]},"id":"gsi-12-3628-1614-road-67"},{"type":"Feature","properties":{"ftCode":2701,"motorway":0,"rnkWidth":2,"rdCtg":1,"tollSect":0,"source_layer":"road","kind":"road_centerline","bridge":false,"major":true},"geometry":{"type":"LineString","coordinates":[[138.90452385,35.56340732],[138.90435219,35.56356442]]},"id":"gsi-12-3628-1614-road-68"},{"type":"Feature","properties":{"ftCode":2701,"motorway":0,"rnkWidth":2,"rdCtg":1,"tollSect":0,"source_layer":"road","kind":"road_centerline","bridge":false,"major":true},"geometry":{"type":"LineString","coordinates":[[138.90452385,35.56340732],[138.90518904,35.56286621],[138.90617609,35.56239491],[138.90660524,35.56206326]]},"id":"gsi-12-3628-1614-road-69"},{"type":"Feature","properties":{"ftCode":2701,"motorway":1,"rnkWidth":1,"rdCtg":3,"tollSect":1,"source_layer":"road","kind":"road_centerline","bridge":false,"major":true},"geometry":{"type":"LineString","coordinates":[[138.90772104,35.56286621],[138.90767813,35.56304076],[138.90778542,35.56321531],[138.90851498,35.5634946],[138.91021013,35.56436735]]},"id":"gsi-12-3628-1614-road-70"},{"type":"Feature","properties":{"ftCode":2701,"motorway":9,"rnkWidth":2,"rdCtg":1,"tollSect":9,"source_layer":"road","kind":"road_centerline","bridge":false,"major":true},"geometry":{"type":"LineString","coordinates":[[138.90660524,35.56206326],[138.9066267,35.56201089]]},"id":"gsi-12-3628-1614-road-71"},{"type":"Feature","properties":{"ftCode":2704,"motorway":9,"rnkWidth":2,"rdCtg":1,"tollSect":9,"source_layer":"road","kind":"road_centerline","bridge":false,"major":true},"geometry":{"type":"LineString","coordinates":[[138.9066267,35.56201089],[138.90692711,35.56152213]]},"id":"gsi-12-3628-1614-road-72"},{"type":"Feature","properties":{"ftCode":2701,"motorway":1,"rnkWidth":1,"rdCtg":3,"tollSect":1,"source_layer":"road","kind":"road_centerline","bridge":false,"major":true},"geometry":{"type":"LineString","coordinates":[[138.9087081,35.56373897],[138.90836477,35.56375642],[138.90772104,35.56328513],[138.90716314,35.56242982],[138.9070344,35.56199343]]},"id":"gsi-12-3628-1614-road-73"},{"type":"Feature","properties":{"ftCode":2704,"motorway":1,"rnkWidth":1,"rdCtg":3,"tollSect":1,"source_layer":"road","kind":"road_centerline","bridge":false,"major":true},"geometry":{"type":"LineString","coordinates":[[138.90795708,35.56234254],[138.90772104,35.56286621]]},"id":"gsi-12-3628-1614-road-74"},{"type":"Feature","properties":{"ftCode":2701,"motorway":1,"rnkWidth":1,"rdCtg":3,"tollSect":1,"source_layer":"road","kind":"road_centerline","bridge":false,"major":true},"geometry":{"type":"LineString","coordinates":[[138.90748501,35.56237746],[138.90851498,35.56295348],[138.90866518,35.56300585],[138.90887976,35.56295348],[138.90894413,35.56281384],[138.90890121,35.56274402],[138.90847206,35.56248219],[138.90842915,35.56230763]]},"id":"gsi-12-3628-1614-road-75"},{"type":"Feature","properties":{"ftCode":2701,"motorway":1,"rnkWidth":1,"rdCtg":3,"tollSect":1,"source_layer":"road","kind":"road_centerline","bridge":false,"major":true},"geometry":{"type":"LineString","coordinates":[[138.90787125,35.56199343],[138.90797853,35.5622029],[138.90795708,35.56234254]]},"id":"gsi-12-3628-1614-road-76"},{"type":"Feature","properties":{"ftCode":2701,"motorway":1,"rnkWidth":2,"rdCtg":3,"tollSect":1,"source_layer":"road","kind":"road_centerline","bridge":false,"major":true},"geometry":{"type":"LineString","coordinates":[[138.90699148,35.56143486],[138.90842915,35.56230763]]},"id":"gsi-12-3628-1614-road-77"},{"type":"Feature","properties":{"ftCode":2701,"motorway":9,"rnkWidth":2,"rdCtg":1,"tollSect":9,"source_layer":"road","kind":"road_centerline","bridge":false,"major":true},"geometry":{"type":"LineString","coordinates":[[138.90847206,35.55871173],[138.90832186,35.55885138],[138.90761375,35.56000348],[138.90692711,35.56152213]]},"id":"gsi-12-3628-1614-road-78"},{"type":"Feature","properties":{"ftCode":2704,"motorway":1,"rnkWidth":1,"rdCtg":3,"tollSect":1,"source_layer":"road","kind":"road_centerline","bridge":false,"major":true},"geometry":{"type":"LineString","coordinates":[[138.90928745,35.56316295],[138.9087081,35.56373897]]},"id":"gsi-12-3628-1614-road-79"},{"type":"Feature","properties":{"ftCode":2701,"motorway":1,"rnkWidth":1,"rdCtg":3,"tollSect":1,"source_layer":"road","kind":"road_centerline","bridge":false,"major":true},"geometry":{"type":"LineString","coordinates":[[138.90842915,35.56230763],[138.9087081,35.56232509],[138.90915871,35.56253455],[138.90933037,35.56281384],[138.90928745,35.56316295]]},"id":"gsi-12-3628-1614-road-80"},{"type":"Feature","properties":{"ftCode":2701,"motorway":1,"rnkWidth":1,"rdCtg":3,"tollSect":1,"source_layer":"road","kind":"road_centerline","bridge":false,"major":true},"geometry":{"type":"LineString","coordinates":[[138.90990973,35.5641928],[138.90965223,35.56380879],[138.90911579,35.56325022],[138.90911579,35.56270911],[138.9090085,35.56258692],[138.90842915,35.56230763]]},"id":"gsi-12-3628-1614-road-81"},{"type":"Feature","properties":{"ftCode":2703,"motorway":1,"rnkWidth":4,"rdCtg":3,"tollSect":1,"source_layer":"road","kind":"road_centerline","bridge":true,"major":true},"geometry":{"type":"LineString","coordinates":[[138.90282869,35.55677406],[138.90435219,35.55906085]]},"id":"gsi-12-3628-1614-road-82"},{"type":"Feature","properties":{"ftCode":2701,"motorway":9,"rnkWidth":1,"rdCtg":1,"tollSect":9,"source_layer":"road","kind":"road_centerline","bridge":false,"major":true},"geometry":{"type":"LineString","coordinates":[[138.90847206,35.55871173],[138.90892267,35.55843243],[138.9094162,35.55785637],[138.90950203,35.55790874],[138.90963078,35.55721048]]},"id":"gsi-12-3628-1614-road-83"},{"type":"Feature","properties":{"ftCode":2701,"motorway":9,"rnkWidth":1,"rdCtg":1,"tollSect":9,"source_layer":"road","kind":"road_centerline","bridge":false,"major":true},"geometry":{"type":"LineString","coordinates":[[138.90484571,35.55041958],[138.90544653,35.55005296],[138.90630484,35.55120519],[138.90701294,35.55193842],[138.90727043,35.55206062],[138.9075923,35.55242723],[138.90995264,35.55569174]]},"id":"gsi-12-3628-1614-road-84"},{"type":"Feature","properties":{"ftCode":2703,"motorway":1,"rnkWidth":4,"rdCtg":3,"tollSect":1,"source_layer":"road","kind":"road_centerline","bridge":true,"major":true},"geometry":{"type":"LineString","coordinates":[[138.89231443,35.54390746],[138.89351606,35.54457092]]},"id":"gsi-12-3628-1614-road-85"},{"type":"Feature","properties":{"ftCode":2701,"motorway":9,"rnkWidth":2,"rdCtg":0,"tollSect":9,"source_layer":"road","kind":"road_centerline","bridge":false,"major":true},"geometry":{"type":"LineString","coordinates":[[138.89321566,35.54193452],[138.89276505,35.54174246],[138.89128447,35.54079962],[138.89087677,35.54060756],[138.89061928,35.5405901]]},"id":"gsi-12-3628-1614-road-86"},{"type":"Feature","properties":{"ftCode":2701,"motorway":1,"rnkWidth":1,"rdCtg":3,"tollSect":1,"source_layer":"road","kind":"road_centerline","bridge":false,"major":true},"geometry":{"type":"LineString","coordinates":[[138.89752865,35.54834205],[138.89682055,35.54708502],[138.896842,35.54657872],[138.89652014,35.54621208],[138.89561892,35.54584544],[138.89368773,35.54467568]]},"id":"gsi-12-3628-1614-road-87"},{"type":"Feature","properties":{"ftCode":2701,"motorway":1,"rnkWidth":1,"rdCtg":3,"tollSect":1,"source_layer":"road","kind":"road_centerline","bridge":false,"major":true},"geometry":{"type":"LineString","coordinates":[[138.89624119,35.54677077],[138.89718533,35.54828967],[138.89709949,35.54876105],[138.89746428,35.54933717],[138.89770031,35.54944192],[138.89817238,35.54979109],[138.89976025,35.55185113]]},"id":"gsi-12-3628-1614-road-88"},{"type":"Feature","properties":{"ftCode":2703,"motorway":9,"rnkWidth":2,"rdCtg":0,"tollSect":9,"source_layer":"road","kind":"road_centerline","bridge":true,"major":true},"geometry":{"type":"LineString","coordinates":[[138.89061928,35.5405901],[138.89010429,35.5405901]]},"id":"gsi-12-3628-1614-road-89"},{"type":"Feature","properties":{"ftCode":2701,"motorway":9,"rnkWidth":2,"rdCtg":0,"tollSect":9,"source_layer":"road","kind":"road_centerline","bridge":false,"major":true},"geometry":{"type":"LineString","coordinates":[[138.9071846,35.54664855],[138.9060688,35.54610733],[138.89746428,35.54072978],[138.89690638,35.54046787],[138.89624119,35.54038057],[138.895576,35.54048533],[138.89529705,35.54060756],[138.89321566,35.54193452]]},"id":"gsi-12-3628-1614-road-90"},{"type":"Feature","properties":{"ftCode":2701,"motorway":9,"rnkWidth":2,"rdCtg":1,"tollSect":9,"source_layer":"road","kind":"road_centerline","bridge":false,"major":true},"geometry":{"type":"LineString","coordinates":[[138.90699148,35.54671839],[138.9066267,35.5476437],[138.90529633,35.54841188]]},"id":"gsi-12-3628-1614-road-91"},{"type":"Feature","properties":{"ftCode":2703,"motorway":9,"rnkWidth":2,"rdCtg":1,"tollSect":9,"source_layer":"road","kind":"road_centerline","bridge":true,"major":true},"geometry":{"type":"LineString","coordinates":[[138.90699148,35.54671839],[138.90707731,35.54631683]]},"id":"gsi-12-3628-1614-road-92"},{"type":"Feature","properties":{"ftCode":2701,"motorway":9,"rnkWidth":2,"rdCtg":1,"tollSect":9,"source_layer":"road","kind":"road_centerline","bridge":false,"major":true},"geometry":{"type":"LineString","coordinates":[[138.9078927,35.54535659],[138.90752792,35.54558356],[138.90720606,35.54589782],[138.90707731,35.54631683]]},"id":"gsi-12-3628-1614-road-93"},{"type":"Feature","properties":{"ftCode":2704,"motorway":9,"rnkWidth":2,"rdCtg":0,"tollSect":9,"source_layer":"road","kind":"road_centerline","bridge":false,"major":true},"geometry":{"type":"LineString","coordinates":[[138.9071846,35.54664855],[138.91102552,35.54647396]]},"id":"gsi-12-3628-1614-road-94"},{"type":"Feature","properties":{"ftCode":2704,"motorway":9,"rnkWidth":2,"rdCtg":1,"tollSect":9,"source_layer":"road","kind":"road_centerline","bridge":false,"major":true},"geometry":{"type":"LineString","coordinates":[[138.9078927,35.54535659],[138.90832186,35.54486773],[138.90887976,35.54460584]]},"id":"gsi-12-3628-1614-road-95"},{"type":"Feature","properties":{"ftCode":2701,"motorway":9,"rnkWidth":2,"rdCtg":1,"tollSect":9,"source_layer":"road","kind":"road_centerline","bridge":false,"major":true},"geometry":{"type":"LineString","coordinates":[[138.90887976,35.54460584],[138.90913725,35.54439633],[138.90866518,35.54299957],[138.9077425,35.53969962],[138.90765667,35.53894882],[138.90799999,35.53760435],[138.90911579,35.53432164],[138.90980244,35.53350094],[138.90999556,35.5334311]]},"id":"gsi-12-3628-1614-road-96"},{"type":"Feature","properties":{"ftCode":2703,"motorway":9,"rnkWidth":2,"rdCtg":1,"tollSect":9,"source_layer":"road","kind":"road_centerline","bridge":true,"major":true},"geometry":{"type":"LineString","coordinates":[[138.90999556,35.5334311],[138.91044617,35.53341364]]},"id":"gsi-12-3628-1614-road-97"},{"type":"Feature","properties":{"ftCode":2701,"motorway":1,"rnkWidth":2,"rdCtg":3,"tollSect":1,"source_layer":"road","kind":"road_centerline","bridge":false,"major":true},"geometry":{"type":"LineString","coordinates":[[138.91546726,35.6023928],[138.91623974,35.60253237]]},"id":"gsi-12-3628-1614-road-98"},{"type":"Feature","properties":{"ftCode":2701,"motorway":9,"rnkWidth":2,"rdCtg":0,"tollSect":9,"source_layer":"road","kind":"road_centerline","bridge":false,"major":true},"geometry":{"type":"LineString","coordinates":[[138.90763521,35.60017704],[138.90842915,35.6000549],[138.90935183,35.5997932],[138.9106822,35.59907785],[138.91160488,35.59883359],[138.91261339,35.59879869],[138.91460896,35.5990953],[138.91548872,35.59939191],[138.91829967,35.60064811],[138.91866446,35.60084003],[138.91943693,35.60141578],[138.92259121,35.60263705],[138.9235568,35.60293365]]},"id":"gsi-12-3628-1614-road-99"},{"type":"Feature","properties":{"ftCode":2703,"motorway":1,"rnkWidth":1,"rdCtg":3,"tollSect":1,"source_layer":"road","kind":"road_centerline","bridge":true,"major":true},"geometry":{"type":"LineString","coordinates":[[138.91686201,35.6000549],[138.91621828,35.60096216]]},"id":"gsi-12-3628-1614-road-100"},{"type":"Feature","properties":{"ftCode":2701,"motorway":1,"rnkWidth":1,"rdCtg":3,"tollSect":1,"source_layer":"road","kind":"road_centerline","bridge":false,"major":true},"geometry":{"type":"LineString","coordinates":[[138.91621828,35.60096216],[138.91576767,35.60129365],[138.91538143,35.60143322],[138.91503811,35.60148557],[138.91314983,35.60141578],[138.91467333,35.60195663],[138.91664743,35.60305577],[138.91817093,35.60371874]]},"id":"gsi-12-3628-1614-road-101"},{"type":"Feature","properties":{"ftCode":2703,"motorway":1,"rnkWidth":4,"rdCtg":3,"tollSect":1,"source_layer":"road","kind":"road_centerline","bridge":true,"major":true},"geometry":{"type":"LineString","coordinates":[[138.91647577,35.60220089],[138.91829967,35.60307322]]},"id":"gsi-12-3628-1614-road-102"},{"type":"Feature","properties":{"ftCode":2703,"motorway":1,"rnkWidth":2,"rdCtg":3,"tollSect":1,"source_layer":"road","kind":"road_centerline","bridge":true,"major":true},"geometry":{"type":"LineString","coordinates":[[138.91623974,35.60253237],[138.91664743,35.60249748],[138.91709805,35.60235791],[138.91754866,35.60204387],[138.91784906,35.60160769]]},"id":"gsi-12-3628-1614-road-103"},{"type":"Feature","properties":{"ftCode":2701,"motorway":1,"rnkWidth":2,"rdCtg":3,"tollSect":1,"source_layer":"road","kind":"road_centerline","bridge":false,"major":true},"geometry":{"type":"LineString","coordinates":[[138.9165616,35.60139833],[138.91662598,35.60185195],[138.91675472,35.60220089],[138.91718388,35.60281152],[138.91804218,35.60338726],[138.91875029,35.60371874]]},"id":"gsi-12-3628-1614-road-104"},{"type":"Feature","properties":{"ftCode":2703,"motorway":1,"rnkWidth":2,"rdCtg":3,"tollSect":1,"source_layer":"road","kind":"road_centerline","bridge":true,"major":true},"geometry":{"type":"LineString","coordinates":[[138.91978025,35.60357917],[138.91890049,35.60251493]]},"id":"gsi-12-3628-1614-road-105"},{"type":"Feature","properties":{"ftCode":2701,"motorway":1,"rnkWidth":2,"rdCtg":3,"tollSect":1,"source_layer":"road","kind":"road_centerline","bridge":false,"major":true},"geometry":{"type":"LineString","coordinates":[[138.91890049,35.60251493],[138.91829967,35.60148557],[138.91793489,35.60063066],[138.91793489,35.60117152],[138.91784906,35.60160769]]},"id":"gsi-12-3628-1614-road-106"},{"type":"Feature","properties":{"ftCode":2703,"motorway":1,"rnkWidth":2,"rdCtg":3,"tollSect":1,"source_layer":"road","kind":"road_centerline","bridge":true,"major":true},"geometry":{"type":"LineString","coordinates":[[138.91793489,35.60063066],[138.91787052,35.60024682]]},"id":"gsi-12-3628-1614-road-107"},{"type":"Feature","properties":{"ftCode":2703,"motorway":1,"rnkWidth":2,"rdCtg":3,"tollSect":1,"source_layer":"road","kind":"road_centerline","bridge":true,"major":true},"geometry":{"type":"LineString","coordinates":[[138.91746283,35.59897317],[138.91686201,35.6000549],[138.91686201,35.60019448],[138.91664743,35.600683],[138.9165616,35.60139833]]},"id":"gsi-12-3628-1614-road-108"},{"type":"Feature","properties":{"ftCode":2701,"motorway":1,"rnkWidth":2,"rdCtg":3,"tollSect":1,"source_layer":"road","kind":"road_centerline","bridge":false,"major":true},"geometry":{"type":"LineString","coordinates":[[138.91787052,35.60024682],[138.91780615,35.59949659]]},"id":"gsi-12-3628-1614-road-109"},{"type":"Feature","properties":{"ftCode":2703,"motorway":1,"rnkWidth":2,"rdCtg":3,"tollSect":1,"source_layer":"road","kind":"road_centerline","bridge":true,"major":true},"geometry":{"type":"LineString","coordinates":[[138.91780615,35.59949659],[138.91787052,35.59914764]]},"id":"gsi-12-3628-1614-road-110"},{"type":"Feature","properties":{"ftCode":2701,"motorway":1,"rnkWidth":2,"rdCtg":3,"tollSect":1,"source_layer":"road","kind":"road_centerline","bridge":false,"major":true},"geometry":{"type":"LineString","coordinates":[[138.91840696,35.59717606],[138.91817093,35.59752502],[138.91746283,35.59897317]]},"id":"gsi-12-3628-1614-road-111"},{"type":"Feature","properties":{"ftCode":2701,"motorway":1,"rnkWidth":2,"rdCtg":3,"tollSect":1,"source_layer":"road","kind":"road_centerline","bridge":false,"major":true},"geometry":{"type":"LineString","coordinates":[[138.91787052,35.59914764],[138.91795635,35.59864167],[138.91827822,35.59789142]]},"id":"gsi-12-3628-1614-road-112"},{"type":"Feature","properties":{"ftCode":2704,"motorway":1,"rnkWidth":2,"rdCtg":3,"tollSect":1,"source_layer":"road","kind":"road_centerline","bridge":false,"major":true},"geometry":{"type":"LineString","coordinates":[[138.92297745,35.59305826],[138.9217329,35.59429711],[138.92096043,35.59482056],[138.91926527,35.59621642],[138.91840696,35.59717606]]},"id":"gsi-12-3628-1614-road-113"},{"type":"Feature","properties":{"ftCode":2704,"motorway":1,"rnkWidth":2,"rdCtg":3,"tollSect":1,"source_layer":"road","kind":"road_centerline","bridge":false,"major":true},"geometry":{"type":"LineString","coordinates":[[138.91827822,35.59789142],[138.91862154,35.59735054],[138.91941547,35.59658283],[138.92035961,35.59578022],[138.92237663,35.59426221],[138.9228487,35.593826],[138.92344952,35.59298846]]},"id":"gsi-12-3628-1614-road-114"},{"type":"Feature","properties":{"ftCode":2701,"motorway":9,"rnkWidth":4,"rdCtg":0,"tollSect":9,"source_layer":"road","kind":"road_centerline","bridge":false,"major":true},"geometry":{"type":"LineString","coordinates":[[138.9235568,35.60293365],[138.92465115,35.6034396]]},"id":"gsi-12-3628-1614-road-115"},{"type":"Feature","properties":{"ftCode":2701,"motorway":1,"rnkWidth":2,"rdCtg":3,"tollSect":1,"source_layer":"road","kind":"road_centerline","bridge":false,"major":true},"geometry":{"type":"LineString","coordinates":[[138.92415762,35.60321279],[138.92458677,35.60371874]]},"id":"gsi-12-3628-1614-road-116"},{"type":"Feature","properties":{"ftCode":2701,"motorway":0,"rnkWidth":4,"rdCtg":0,"tollSect":0,"source_layer":"road","kind":"road_centerline","bridge":false,"major":true},"geometry":{"type":"LineString","coordinates":[[138.92465115,35.6034396],[138.92473698,35.60349194]]},"id":"gsi-12-3628-1614-road-117"},{"type":"Feature","properties":{"ftCode":2701,"motorway":1,"rnkWidth":2,"rdCtg":3,"tollSect":1,"source_layer":"road","kind":"road_centerline","bridge":false,"major":true},"geometry":{"type":"LineString","coordinates":[[138.92344952,35.59298846],[138.92409325,35.59167979],[138.92439365,35.59072009],[138.92432928,35.5905107],[138.92417908,35.59070264],[138.9239645,35.59143551],[138.92359972,35.59216836],[138.92297745,35.59305826]]},"id":"gsi-12-3628-1614-road-118"},{"type":"Feature","properties":{"ftCode":2701,"motorway":1,"rnkWidth":4,"rdCtg":3,"tollSect":1,"source_layer":"road","kind":"road_centerline","bridge":false,"major":true},"geometry":{"type":"LineString","coordinates":[[138.92555237,35.58550259],[138.92505884,35.5865147],[138.92486572,35.58716036],[138.92432928,35.5905107]]},"id":"gsi-12-3628-1614-road-119"},{"type":"Feature","properties":{"ftCode":2703,"motorway":1,"rnkWidth":4,"rdCtg":3,"tollSect":1,"source_layer":"road","kind":"road_centerline","bridge":true,"major":true},"geometry":{"type":"LineString","coordinates":[[138.92748356,35.58356557],[138.92703295,35.58387968],[138.92615318,35.58471731],[138.92555237,35.58550259]]},"id":"gsi-12-3628-1614-road-120"},{"type":"Feature","properties":{"ftCode":2701,"motorway":1,"rnkWidth":4,"rdCtg":3,"tollSect":1,"source_layer":"road","kind":"road_centerline","bridge":false,"major":true},"geometry":{"type":"LineString","coordinates":[[138.93128157,35.57909803],[138.93123865,35.57990081],[138.93087387,35.58079084],[138.93065929,35.58112241],[138.92986536,35.58194262],[138.92924309,35.5824138],[138.92748356,35.58356557]]},"id":"gsi-12-3628-1614-road-121"},{"type":"Feature","properties":{"ftCode":2703,"motorway":1,"rnkWidth":4,"rdCtg":3,"tollSect":1,"source_layer":"road","kind":"road_centerline","bridge":true,"major":true},"geometry":{"type":"LineString","coordinates":[[138.93061638,35.57726557],[138.93110991,35.57822543],[138.93128157,35.57909803]]},"id":"gsi-12-3628-1614-road-122"},{"type":"Feature","properties":{"ftCode":2703,"motorway":1,"rnkWidth":4,"rdCtg":3,"tollSect":1,"source_layer":"road","kind":"road_centerline","bridge":true,"major":true},"geometry":{"type":"LineString","coordinates":[[138.92771959,35.57443826],[138.92962933,35.57609626]]},"id":"gsi-12-3628-1614-road-123"},{"type":"Feature","properties":{"ftCode":2701,"motorway":1,"rnkWidth":4,"rdCtg":3,"tollSect":1,"source_layer":"road","kind":"road_centerline","bridge":false,"major":true},"geometry":{"type":"LineString","coordinates":[[138.92962933,35.57609626],[138.93061638,35.57726557]]},"id":"gsi-12-3628-1614-road-124"},{"type":"Feature","properties":{"ftCode":2701,"motorway":9,"rnkWidth":2,"rdCtg":1,"tollSect":9,"source_layer":"road","kind":"road_centerline","bridge":false,"major":true},"geometry":{"type":"LineString","coordinates":[[138.92926455,35.57442081],[138.9298439,35.57389722],[138.93038034,35.57321656]]},"id":"gsi-12-3628-1614-road-125"},{"type":"Feature","properties":{"ftCode":2701,"motorway":9,"rnkWidth":2,"rdCtg":1,"tollSect":9,"source_layer":"road","kind":"road_centerline","bridge":false,"major":true},"geometry":{"type":"LineString","coordinates":[[138.93244028,35.57621843],[138.9320755,35.57656748]]},"id":"gsi-12-3628-1614-road-126"},{"type":"Feature","properties":{"ftCode":2703,"motorway":9,"rnkWidth":2,"rdCtg":1,"tollSect":9,"source_layer":"road","kind":"road_centerline","bridge":true,"major":true},"geometry":{"type":"LineString","coordinates":[[138.93293381,35.57593919],[138.93244028,35.57621843]]},"id":"gsi-12-3628-1614-road-127"},{"type":"Feature","properties":{"ftCode":2703,"motorway":9,"rnkWidth":2,"rdCtg":1,"tollSect":9,"source_layer":"road","kind":"road_centerline","bridge":true,"major":true},"geometry":{"type":"LineString","coordinates":[[138.93038034,35.57321656],[138.93050909,35.57304202]]},"id":"gsi-12-3628-1614-road-128"},{"type":"Feature","properties":{"ftCode":2701,"motorway":9,"rnkWidth":2,"rdCtg":0,"tollSect":9,"source_layer":"road","kind":"road_centerline","bridge":false,"major":true},"geometry":{"type":"LineString","coordinates":[[138.93503666,35.57862683],[138.93550873,35.57899332],[138.93570185,35.57930745],[138.93574476,35.57967394],[138.93565893,35.5804069],[138.93576622,35.58066868],[138.93767595,35.58202988],[138.93797636,35.58236145],[138.93821239,35.58269302],[138.93829823,35.58297224],[138.93825531,35.58349576],[138.93769741,35.58450791],[138.93580914,35.58703821],[138.93488646,35.588504],[138.93454313,35.5887832],[138.93426418,35.58888789],[138.93306255,35.58906239],[138.93280506,35.58918454],[138.9326334,35.58935903],[138.93241882,35.58984762],[138.93224716,35.59007446],[138.9309597,35.59073754],[138.93012285,35.59166234],[138.92988682,35.59225561],[138.93014431,35.59644325],[138.93020868,35.59668752],[138.93038034,35.59694924],[138.93113136,35.59775184],[138.93299818,35.59914764],[138.93600225,35.6009796],[138.93716097,35.60206131],[138.93778324,35.60253237],[138.93855572,35.60289875],[138.93896341,35.60302088],[138.93954277,35.60305577],[138.94027233,35.60300343],[138.94083023,35.60314301],[138.94119501,35.60342215],[138.94138813,35.60371874]]},"id":"gsi-12-3628-1614-road-129"},{"type":"Feature","properties":{"ftCode":2703,"motorway":9,"rnkWidth":2,"rdCtg":0,"tollSect":9,"source_layer":"road","kind":"road_centerline","bridge":true,"major":true},"geometry":{"type":"LineString","coordinates":[[138.93471479,35.57845231],[138.93503666,35.57862683]]},"id":"gsi-12-3628-1614-road-130"},{"type":"Feature","properties":{"ftCode":2701,"motorway":9,"rnkWidth":2,"rdCtg":1,"tollSect":9,"source_layer":"road","kind":"road_centerline","bridge":false,"major":true},"geometry":{"type":"LineString","coordinates":[[138.93372774,35.57550288],[138.93293381,35.57593919]]},"id":"gsi-12-3628-1614-road-131"},{"type":"Feature","properties":{"ftCode":2701,"motorway":1,"rnkWidth":4,"rdCtg":3,"tollSect":1,"source_layer":"road","kind":"road_centerline","bridge":false,"major":true},"geometry":{"type":"LineString","coordinates":[[138.90435219,35.55906085],[138.90460968,35.55944489],[138.90555382,35.56052716],[138.9070344,35.56199343],[138.90840769,35.56309313],[138.90990973,35.5641928],[138.91076803,35.56471645],[138.92499447,35.57262315],[138.92771959,35.57443826]]},"id":"gsi-12-3628-1614-road-132"},{"type":"Feature","properties":{"ftCode":2701,"motorway":9,"rnkWidth":2,"rdCtg":0,"tollSect":9,"source_layer":"road","kind":"road_centerline","bridge":false,"major":true},"geometry":{"type":"LineString","coordinates":[[138.93471479,35.57845231],[138.93347025,35.57761461],[138.9313674,35.57606136],[138.93023014,35.57513637],[138.92460823,35.57093017],[138.92192602,35.56934188],[138.92100334,35.56855645],[138.91834259,35.56663647],[138.91551018,35.56429753],[138.91484499,35.56356442],[138.9140296,35.56248219],[138.91098261,35.5587641],[138.90963078,35.55721048],[138.90930891,35.5561107],[138.9112401,35.5548538],[138.90654087,35.54984346],[138.90388012,35.54668347],[138.90265703,35.54603749],[138.90229225,35.5459502],[138.89497519,35.54261545],[138.89321566,35.54193452]]},"id":"gsi-12-3628-1614-road-133"},{"type":"Feature","properties":{"ftCode":2701,"motorway":9,"rnkWidth":2,"rdCtg":1,"tollSect":9,"source_layer":"road","kind":"road_centerline","bridge":false,"major":true},"geometry":{"type":"LineString","coordinates":[[138.91679764,35.56539719],[138.91716242,35.56513537],[138.91821384,35.56461172],[138.91900778,35.56387861],[138.91924381,35.56347714],[138.91932964,35.56249964]]},"id":"gsi-12-3628-1614-road-134"},{"type":"Feature","properties":{"ftCode":2701,"motorway":9,"rnkWidth":2,"rdCtg":1,"tollSect":9,"source_layer":"road","kind":"road_centerline","bridge":false,"major":true},"geometry":{"type":"LineString","coordinates":[[138.91905069,35.56249964],[138.91870737,35.5630233],[138.9175272,35.56377388],[138.9164114,35.56417535],[138.91591787,35.56422771],[138.91563892,35.56440226]]},"id":"gsi-12-3628-1614-road-135"},{"type":"Feature","properties":{"ftCode":2701,"motorway":9,"rnkWidth":2,"rdCtg":1,"tollSect":9,"source_layer":"road","kind":"road_centerline","bridge":false,"major":true},"geometry":{"type":"LineString","coordinates":[[138.91932964,35.56249964],[138.91905069,35.56249964]]},"id":"gsi-12-3628-1614-road-136"},{"type":"Feature","properties":{"ftCode":2701,"motorway":9,"rnkWidth":2,"rdCtg":1,"tollSect":9,"source_layer":"road","kind":"road_centerline","bridge":false,"major":true},"geometry":{"type":"LineString","coordinates":[[138.91905069,35.56249964],[138.91937256,35.56197598]]},"id":"gsi-12-3628-1614-road-137"},{"type":"Feature","properties":{"ftCode":2701,"motorway":9,"rnkWidth":2,"rdCtg":1,"tollSect":9,"source_layer":"road","kind":"road_centerline","bridge":false,"major":true},"geometry":{"type":"LineString","coordinates":[[138.91932964,35.56249964],[138.91937256,35.56197598]]},"id":"gsi-12-3628-1614-road-138"},{"type":"Feature","properties":{"ftCode":2701,"motorway":9,"rnkWidth":2,"rdCtg":1,"tollSect":9,"source_layer":"road","kind":"road_centerline","bridge":false,"major":true},"geometry":{"type":"LineString","coordinates":[[138.92520905,35.5552204],[138.92482281,35.55553463],[138.92016649,35.56068426],[138.91986609,35.56106829],[138.91937256,35.56197598]]},"id":"gsi-12-3628-1614-road-139"},{"type":"Feature","properties":{"ftCode":2703,"motorway":9,"rnkWidth":2,"rdCtg":1,"tollSect":9,"source_layer":"road","kind":"road_centerline","bridge":true,"major":true},"geometry":{"type":"LineString","coordinates":[[138.92520905,35.5552204],[138.92568111,35.55495855]]},"id":"gsi-12-3628-1614-road-140"},{"type":"Feature","properties":{"ftCode":2702,"motorway":9,"rnkWidth":2,"rdCtg":0,"tollSect":9,"source_layer":"road","kind":"road_centerline","bridge":false,"major":true},"geometry":{"type":"LineString","coordinates":[[138.92851353,35.55164164],[138.92909288,35.55192096]]},"id":"gsi-12-3628-1614-road-141"},{"type":"Feature","properties":{"ftCode":2701,"motorway":9,"rnkWidth":2,"rdCtg":0,"tollSect":9,"source_layer":"road","kind":"road_centerline","bridge":false,"major":true},"geometry":{"type":"LineString","coordinates":[[138.92909288,35.55192096],[138.93274069,35.55366671]]},"id":"gsi-12-3628-1614-road-142"},{"type":"Feature","properties":{"ftCode":2703,"motorway":9,"rnkWidth":2,"rdCtg":0,"tollSect":9,"source_layer":"road","kind":"road_centerline","bridge":true,"major":true},"geometry":{"type":"LineString","coordinates":[[138.91102552,35.54647396],[138.91158342,35.54645651],[138.9122057,35.54656126]]},"id":"gsi-12-3628-1614-road-143"},{"type":"Feature","properties":{"ftCode":2701,"motorway":9,"rnkWidth":2,"rdCtg":0,"tollSect":9,"source_layer":"road","kind":"road_centerline","bridge":false,"major":true},"geometry":{"type":"LineString","coordinates":[[138.9122057,35.54656126],[138.91287088,35.5468406],[138.91413689,35.54750403],[138.91475916,35.54774845],[138.92261267,35.54947684],[138.9245224,35.55000059],[138.92688274,35.55089095],[138.92851353,35.55164164]]},"id":"gsi-12-3628-1614-road-144"},{"type":"Feature","properties":{"ftCode":2701,"motorway":9,"rnkWidth":2,"rdCtg":0,"tollSect":9,"source_layer":"road","kind":"road_centerline","bridge":false,"major":true},"geometry":{"type":"LineString","coordinates":[[138.93746138,35.55747232],[138.93750429,35.55844988],[138.93737555,35.55906085],[138.93707514,35.55967182],[138.93666744,35.56024786],[138.93419981,35.56279638],[138.93342733,35.56387861],[138.93291235,35.56483864],[138.93126011,35.56888807],[138.93117428,35.5692197],[138.93110991,35.56976077],[138.93123865,35.57023202],[138.93224716,35.57140141],[138.93274069,35.57209955],[138.93297672,35.57283259],[138.93325567,35.57483968],[138.93372774,35.57550288]]},"id":"gsi-12-3628-1614-road-145"},{"type":"Feature","properties":{"ftCode":2701,"motorway":9,"rnkWidth":2,"rdCtg":1,"tollSect":9,"source_layer":"road","kind":"road_centerline","bridge":false,"major":true},"geometry":{"type":"LineString","coordinates":[[138.94010067,35.56223781],[138.93997192,35.56216799],[138.93958569,35.56223781],[138.937397,35.56342478],[138.93563747,35.56405316],[138.93522978,35.56440226],[138.93473625,35.56504809],[138.93377066,35.56583356],[138.93364191,35.56600811],[138.93274069,35.56817245],[138.93252611,35.5685739],[138.93190384,35.56942915],[138.93050909,35.57304202]]},"id":"gsi-12-3628-1614-road-146"},{"type":"Feature","properties":{"ftCode":2703,"motorway":9,"rnkWidth":2,"rdCtg":1,"tollSect":9,"source_layer":"road","kind":"road_centerline","bridge":true,"major":true},"geometry":{"type":"LineString","coordinates":[[138.94063711,35.56265674],[138.94010067,35.56223781]]},"id":"gsi-12-3628-1614-road-147"},{"type":"Feature","properties":{"ftCode":2704,"motorway":9,"rnkWidth":2,"rdCtg":0,"tollSect":9,"source_layer":"road","kind":"road_centerline","bridge":false,"major":true},"geometry":{"type":"LineString","coordinates":[[138.93274069,35.55366671],[138.93490791,35.55469669],[138.93615246,35.55541243],[138.93677473,35.55605833],[138.93720388,35.55668678],[138.93746138,35.55747232]]},"id":"gsi-12-3628-1614-road-148"},{"type":"Feature","properties":{"ftCode":2701,"motorway":9,"rnkWidth":2,"rdCtg":1,"tollSect":9,"source_layer":"road","kind":"road_centerline","bridge":false,"major":true},"geometry":{"type":"LineString","coordinates":[[138.92568111,35.55495855],[138.92823458,35.55364926],[138.92915726,35.55342231],[138.9295435,35.55323028],[138.93001556,35.5522352],[138.9304018,35.55155435],[138.93061638,35.55130994],[138.9320755,35.55031483],[138.93280506,35.54993075],[138.93505812,35.54993075],[138.93608809,35.54972126],[138.93675327,35.54973871],[138.93748283,35.54938955],[138.93784761,35.5492848],[138.93939257,35.54926734],[138.94040108,35.54937209],[138.94072294,35.54931972],[138.94250393,35.54876105],[138.94291162,35.54879597],[138.94512177,35.54940701],[138.94585133,35.54977363],[138.9460659,35.54980855],[138.94701004,35.54961651],[138.94720316,35.54952922],[138.94748211,35.54924988],[138.94804001,35.54911022],[138.94838333,35.5497038],[138.94861937,35.54975617],[138.9492631,35.54966888],[138.949821,35.54984346]]},"id":"gsi-12-3628-1614-road-149"},{"type":"Feature","properties":{"ftCode":2701,"motorway":9,"rnkWidth":2,"rdCtg":1,"tollSect":9,"source_layer":"road","kind":"road_centerline","bridge":false,"major":true},"geometry":{"type":"LineString","coordinates":[[138.95432711,35.55785637],[138.94952059,35.55886883],[138.94906998,35.55914813],[138.94831896,35.55988129],[138.94716024,35.5605097],[138.94615173,35.56131267],[138.94533634,35.56160941],[138.94447803,35.56180142],[138.94222498,35.5620458],[138.94132376,35.56234254],[138.94080877,35.56263929],[138.94063711,35.56265674]]},"id":"gsi-12-3628-1614-road-150"},{"type":"Feature","properties":{"ftCode":2703,"motorway":9,"rnkWidth":2,"rdCtg":1,"tollSect":9,"source_layer":"road","kind":"road_centerline","bridge":true,"major":true},"geometry":{"type":"LineString","coordinates":[[138.95432711,35.55785637],[138.95467043,35.557804]]},"id":"gsi-12-3628-1614-road-151"},{"type":"Feature","properties":{"ftCode":2701,"motorway":9,"rnkWidth":1,"rdCtg":1,"tollSect":9,"source_layer":"road","kind":"road_centerline","bridge":false,"major":true},"geometry":{"type":"LineString","coordinates":[[138.86888266,35.53454864],[138.86920452,35.53372795],[138.86931181,35.53315171],[138.86933327,35.53222623]]},"id":"gsi-12-3628-1614-road-152"},{"type":"Feature","properties":{"ftCode":2701,"motorway":9,"rnkWidth":2,"rdCtg":1,"tollSect":9,"source_layer":"road","kind":"road_centerline","bridge":false,"major":true},"geometry":{"type":"LineString","coordinates":[[138.91375066,35.53222623],[138.91375065,35.53222623],[138.91267776,35.53276755],[138.9116478,35.53297709],[138.91076803,35.53334379],[138.91044617,35.53341364]]},"id":"gsi-12-3628-1614-road-153"},{"type":"Feature","properties":{"ftCode":2701,"motorway":9,"rnkWidth":2,"rdCtg":1,"tollSect":9,"source_layer":"road","kind":"road_centerline","bridge":false,"major":true},"geometry":{"type":"LineString","coordinates":[[138.95467043,35.557804],[138.95507812,35.55787382]]},"id":"gsi-12-3628-1614-road-154"},{"type":"Feature","properties":{"ftCode":2701,"motorway":9,"rnkWidth":1,"rdCtg":1,"tollSect":9,"source_layer":"road","kind":"road_centerline","bridge":false,"major":true},"geometry":{"type":"LineString","coordinates":[[138.86933327,35.53222623],[138.86939764,35.53156267],[138.87025595,35.5301133],[138.87074947,35.52957196],[138.87102842,35.52915285],[138.87169361,35.52855912],[138.87225151,35.5275812],[138.87326002,35.526254],[138.87377501,35.52398373],[138.87431145,35.52298829],[138.87431145,35.52276126],[138.87394667,35.52171341],[138.87398958,35.52148637],[138.87495518,35.52003682],[138.87645721,35.51888414],[138.8775301,35.51836019],[138.87849569,35.51780131]]},"id":"gsi-12-3628-1615-road-3"},{"type":"Feature","properties":{"ftCode":2703,"motorway":9,"rnkWidth":1,"rdCtg":1,"tollSect":9,"source_layer":"road","kind":"road_centerline","bridge":true,"major":true},"geometry":{"type":"LineString","coordinates":[[138.87849569,35.51780131],[138.87896776,35.51757426]]},"id":"gsi-12-3628-1615-road-4"},{"type":"Feature","properties":{"ftCode":2701,"motorway":9,"rnkWidth":1,"rdCtg":1,"tollSect":9,"source_layer":"road","kind":"road_centerline","bridge":false,"major":true},"geometry":{"type":"LineString","coordinates":[[138.88448238,35.51429074],[138.88332367,35.51533868],[138.88257265,35.51588012],[138.88192892,35.51668353],[138.8799119,35.51820301],[138.87969732,35.51827287],[138.879354,35.51811568],[138.8792038,35.5179585],[138.87907505,35.51764412],[138.87896776,35.51757426]]},"id":"gsi-12-3628-1615-road-5"},{"type":"Feature","properties":{"ftCode":2701,"motorway":9,"rnkWidth":2,"rdCtg":1,"tollSect":9,"source_layer":"road","kind":"road_centerline","bridge":false,"major":true},"geometry":{"type":"LineString","coordinates":[[138.92596006,35.52080526],[138.92615318,35.52228973],[138.92570257,35.52326772],[138.92488718,35.52433301],[138.92282724,35.52665565],[138.92119646,35.52773836],[138.91926527,35.52862897],[138.91825676,35.52885599],[138.91791344,35.52901315],[138.91731262,35.52958942],[138.91654015,35.53072448],[138.91443729,35.53208653],[138.91375066,35.53222623]]},"id":"gsi-12-3628-1615-road-6"},{"type":"Feature","properties":{"ftCode":2703,"motorway":9,"rnkWidth":2,"rdCtg":1,"tollSect":9,"source_layer":"road","kind":"road_centerline","bridge":true,"major":true},"geometry":{"type":"LineString","coordinates":[[138.92596006,35.52080526],[138.92593861,35.52045597]]},"id":"gsi-12-3628-1615-road-7"},{"type":"Feature","properties":{"ftCode":2701,"motorway":9,"rnkWidth":2,"rdCtg":1,"tollSect":9,"source_layer":"road","kind":"road_centerline","bridge":false,"major":true},"geometry":{"type":"LineString","coordinates":[[138.92593861,35.52045597],[138.92596006,35.52021146],[138.92626047,35.51994949],[138.9274621,35.51928583],[138.92847061,35.51914611],[138.92870665,35.51905879],[138.92947912,35.51839512],[138.92971516,35.51827287],[138.93010139,35.51823794],[138.93158197,35.51832526]]},"id":"gsi-12-3628-1615-road-8"},{"type":"Feature","properties":{"ftCode":2703,"motorway":9,"rnkWidth":2,"rdCtg":1,"tollSect":9,"source_layer":"road","kind":"road_centerline","bridge":true,"major":true},"geometry":{"type":"LineString","coordinates":[[138.93158197,35.51832526],[138.9319253,35.51836019]]},"id":"gsi-12-3628-1615-road-9"},{"type":"Feature","properties":{"ftCode":2701,"motorway":9,"rnkWidth":2,"rdCtg":1,"tollSect":9,"source_layer":"road","kind":"road_centerline","bridge":false,"major":true},"geometry":{"type":"LineString","coordinates":[[138.93782616,35.51743454],[138.93701077,35.51792356],[138.93610954,35.51788863],[138.93565893,35.51794103],[138.93531561,35.5178537],[138.93488646,35.51783624],[138.93353462,35.51794103],[138.9330411,35.51804582],[138.9324832,35.51834273],[138.93226862,35.51839512],[138.9319253,35.51836019]]},"id":"gsi-12-3628-1615-road-10"},{"type":"Feature","properties":{"ftCode":2701,"motorway":9,"rnkWidth":1,"rdCtg":1,"tollSect":9,"source_layer":"road","kind":"road_centerline","bridge":false,"major":true},"geometry":{"type":"LineString","coordinates":[[138.94336224,35.5136445],[138.94319057,35.51371436],[138.94291162,35.51395888],[138.94213915,35.51490204],[138.94044399,35.51570546],[138.93988609,35.51605477],[138.93904924,35.51642155],[138.9385128,35.51703284],[138.93782616,35.51743454]]},"id":"gsi-12-3628-1615-road-11"},{"type":"Feature","properties":{"ftCode":2701,"motorway":9,"rnkWidth":2,"rdCtg":0,"tollSect":9,"source_layer":"road","kind":"road_centerline","bridge":false,"major":true},"geometry":{"type":"LineString","coordinates":[[138.95507812,35.47907173],[138.95415545,35.47893194],[138.95267487,35.47832036],[138.95181656,35.47786604],[138.95166636,35.47748162],[138.9516449,35.47650307],[138.95158052,35.47632833],[138.95128012,35.47585653],[138.95070076,35.47541967],[138.9505291,35.47498281],[138.95044327,35.47445857],[138.95031452,35.47417898],[138.9501214,35.47400423],[138.94999266,35.47391686],[138.94928455,35.47368969],[138.94876957,35.4732004],[138.94831896,35.47288585],[138.94733191,35.4727111],[138.94690275,35.47253635],[138.94664526,35.47234412],[138.94600153,35.47136552],[138.94567966,35.47113834],[138.94422054,35.47082378],[138.94370556,35.47050922],[138.94340515,35.47024709],[138.94331932,35.47012476],[138.94336224,35.46988011],[138.9436841,35.46937331],[138.9438343,35.46891894],[138.9438343,35.46865681],[138.9436841,35.46842962],[138.94301891,35.46795777],[138.94280434,35.46760825],[138.94289017,35.46692668],[138.94231081,35.46622763],[138.94224644,35.46573829],[138.94235373,35.46512661],[138.94211769,35.46458483],[138.94188166,35.46369351],[138.94171,35.46343136],[138.94046545,35.46212058],[138.93922091,35.46066995]]},"id":"gsi-12-3628-1615-road-12"},{"type":"Feature","properties":{"ftCode":2701,"motorway":9,"rnkWidth":2,"rdCtg":1,"tollSect":9,"source_layer":"road","kind":"road_centerline","bridge":false,"major":true},"geometry":{"type":"LineString","coordinates":[[138.95507812,35.51107694],[138.95477772,35.51109441],[138.95441294,35.51104201],[138.95394087,35.51125161],[138.95368338,35.51128654],[138.95308256,35.51163587],[138.95293236,35.51167081],[138.95284653,35.51163587],[138.95280361,35.51151361],[138.95349026,35.51116428],[138.95351171,35.51107694],[138.95342588,35.51098961],[138.95321131,35.51102454],[138.95288944,35.51128654],[138.95205259,35.51147867],[138.95175219,35.51144374],[138.95089388,35.51102454],[138.9505291,35.51098961],[138.94928455,35.51139134],[138.94911289,35.51172321],[138.9490056,35.51175814],[138.94874811,35.51167081],[138.94780397,35.51205507],[138.94769669,35.5120376],[138.94763231,35.5119852],[138.94769669,35.511828],[138.94838333,35.51165334],[138.94838333,35.51149614],[138.9482975,35.51144374],[138.9481473,35.51146121],[138.9477396,35.51168827],[138.94726753,35.51184547],[138.94548655,35.5122996],[138.94501448,35.51259652],[138.94430637,35.51320784],[138.94336224,35.5136445]]},"id":"gsi-12-3628-1615-road-13"},{"type":"Feature","properties":{"ftCode":2701,"motorway":9,"rnkWidth":2,"rdCtg":0,"tollSect":9,"source_layer":"road","kind":"road_centerline","bridge":false,"major":true},"geometry":{"type":"LineString","coordinates":[[138.93922091,35.46066995],[138.93919945,35.46040779],[138.9397788,35.45970868],[138.93984318,35.45946399],[138.93965006,35.45920182],[138.93705368,35.45694714],[138.93679619,35.45588095]]},"id":"gsi-12-3628-1616-road-0"},{"type":"Feature","properties":{"ftCode":2701,"motorway":9,"rnkWidth":2,"rdCtg":0,"tollSect":9,"source_layer":"road","kind":"road_centerline","bridge":false,"major":true},"geometry":{"type":"LineString","coordinates":[[138.87602806,35.40760803],[138.87628555,35.40645374],[138.87598515,35.40449491],[138.87581348,35.40405767],[138.87499809,35.40285086],[138.87420416,35.40243109],[138.87328148,35.40153909],[138.8729167,35.40131171],[138.87023449,35.40085696],[138.86984825,35.40073452],[138.86920452,35.40033224],[138.86894703,35.40026228],[138.86864662,35.40027977],[138.86772394,35.40061209],[138.86744499,35.4005946],[138.8671875,35.40048966]]},"id":"gsi-12-3628-1616-road-1"},{"type":"Feature","properties":{"ftCode":2701,"motorway":9,"rnkWidth":2,"rdCtg":1,"tollSect":9,"source_layer":"road","kind":"road_centerline","bridge":false,"major":true},"geometry":{"type":"LineString","coordinates":[[138.8671875,35.42766553],[138.87143612,35.42710601],[138.87390375,35.42661644],[138.87549162,35.42603943],[138.87690783,35.42539248],[138.8799119,35.42443078],[138.88167143,35.42422096],[138.88302326,35.4239237],[138.88403177,35.42380131],[138.88424635,35.42366142],[138.8843751,35.42339914],[138.88422489,35.42306691],[138.88383865,35.42268222],[138.88377428,35.42243742],[138.8838172,35.42219262],[138.88403177,35.4219653],[138.88422489,35.42187787],[138.88542652,35.42166804],[138.88615608,35.42170301],[138.88712168,35.42191284],[138.88800144,35.42179044],[138.88978243,35.42180793],[138.89164925,35.42205273],[138.89190674,35.42214016],[138.89231443,35.42238496],[138.89265776,35.42269971],[138.89287233,35.42313685],[138.89289379,35.42350405],[138.89270067,35.42430839],[138.89267921,35.42467558],[138.89325857,35.42584709],[138.89351606,35.42621428],[138.89465332,35.42719344],[138.89555454,35.42864467],[138.89581203,35.42880203],[138.89639139,35.42899436],[138.896842,35.42908178],[138.8973999,35.42908178],[138.89804363,35.42897687],[138.89888048,35.42873209],[138.89999628,35.42820755],[138.90269995,35.42670386],[138.90351534,35.42640662]]},"id":"gsi-12-3628-1616-road-2"},{"type":"Feature","properties":{"ftCode":2701,"motorway":9,"rnkWidth":1,"rdCtg":1,"tollSect":9,"source_layer":"road","kind":"road_centerline","bridge":false,"major":true},"geometry":{"type":"LineString","coordinates":[[138.90154123,35.42499032],[138.90119791,35.42558482],[138.89999628,35.42728086],[138.89920235,35.42813761],[138.89845133,35.42874957],[138.89853716,35.428837]]},"id":"gsi-12-3628-1616-road-3"},{"type":"Feature","properties":{"ftCode":2701,"motorway":9,"rnkWidth":2,"rdCtg":0,"tollSect":9,"source_layer":"road","kind":"road_centerline","bridge":false,"major":true},"geometry":{"type":"LineString","coordinates":[[138.93038034,35.45182581],[138.93018723,35.45165102],[138.93016577,35.45152866],[138.93048763,35.45117907],[138.93061638,35.45067216],[138.93055201,35.45053232],[138.92997265,35.45014776],[138.92935038,35.44957093],[138.92922163,35.44951849],[138.92881393,35.44951849],[138.92868519,35.44937865],[138.92870665,35.44925629],[138.92926455,35.44901157],[138.92939329,35.4488892],[138.92943621,35.44832984],[138.92932892,35.44815504],[138.92868519,35.44728102],[138.92771959,35.44644195],[138.92733335,35.44562035],[138.92707586,35.44527074],[138.92503738,35.44331285],[138.9241147,35.44261359],[138.92147541,35.4407955],[138.91947985,35.43897736],[138.91915798,35.43875009],[138.917377,35.43782352],[138.91649723,35.43729904],[138.91495228,35.43586545],[138.91445875,35.43551579],[138.91244173,35.4344668],[138.91040325,35.43388985],[138.90832186,35.43296323],[138.90456676,35.43035813],[138.9038372,35.42918668],[138.90375137,35.42892442],[138.90370846,35.42679128],[138.90351534,35.42640662],[138.90400887,35.42624925],[138.90433073,35.4260744],[138.90452385,35.42591703],[138.90456676,35.42570721],[138.90325785,35.41780353],[138.90302181,35.41740133],[138.90214205,35.41666687],[138.90132666,35.4160898],[138.90006065,35.41591492],[138.89703512,35.41514548],[138.89544725,35.41446347],[138.89244318,35.41339671],[138.887465,35.41065108],[138.88630629,35.40961925],[138.88368845,35.40843002],[138.88306618,35.40825513],[138.8803196,35.40785288],[138.8787961,35.40773046],[138.87725115,35.40774794],[138.87602806,35.40760803]]},"id":"gsi-12-3628-1616-road-4"},{"type":"Feature","properties":{"ftCode":2701,"motorway":9,"rnkWidth":2,"rdCtg":0,"tollSect":9,"source_layer":"road","kind":"road_centerline","bridge":false,"major":true},"geometry":{"type":"LineString","coordinates":[[138.8671875,35.40823764],[138.86920452,35.40790535],[138.87096405,35.40776543],[138.87328148,35.40724076],[138.87392521,35.40725825],[138.87602806,35.40760803]]},"id":"gsi-12-3628-1616-road-5"},{"type":"Feature","properties":{"ftCode":2701,"motorway":9,"rnkWidth":0,"rdCtg":1,"tollSect":9,"source_layer":"road","kind":"road_centerline","bridge":false,"major":true},"geometry":{"type":"LineString","coordinates":[[138.87617826,35.40769548],[138.8762641,35.40778292],[138.87667179,35.40790535],[138.87718678,35.40795781],[138.87774467,35.40788786],[138.87828112,35.40794032],[138.87888193,35.40790535],[138.8795042,35.40794032],[138.87956858,35.40801028],[138.88008356,35.40799279],[138.88180017,35.40822015],[138.88225079,35.4081327]]},"id":"gsi-12-3628-1616-road-6"},{"type":"Feature","properties":{"ftCode":2701,"motorway":9,"rnkWidth":0,"rdCtg":1,"tollSect":9,"source_layer":"road","kind":"road_centerline","bridge":false,"major":true},"geometry":{"type":"LineString","coordinates":[[138.90171289,35.42193033],[138.90162706,35.42238496],[138.90166998,35.42387125],[138.90160561,35.42418599],[138.90160561,35.42483295],[138.90154123,35.42499032]]},"id":"gsi-12-3628-1616-road-7"},{"type":"Feature","properties":{"ftCode":2711,"motorway":9,"rnkWidth":1,"rdCtg":1,"tollSect":9,"source_layer":"road","kind":"road_centerline","bridge":false,"major":true},"geometry":{"type":"LineString","coordinates":[[138.90171289,35.42193033],[138.90162706,35.42180793],[138.90106916,35.4214582],[138.90042543,35.42051395],[138.89956713,35.41974455],[138.89924526,35.41918498],[138.89999628,35.4187653],[138.90214205,35.41787348],[138.9031291,35.41752374]]},"id":"gsi-12-3628-1616-road-8"},{"type":"Feature","properties":{"ftCode":2704,"motorway":9,"rnkWidth":2,"rdCtg":0,"tollSect":9,"source_layer":"road","kind":"road_centerline","bridge":false,"major":true},"geometry":{"type":"LineString","coordinates":[[138.93038034,35.45182581],[138.93147469,35.45266482],[138.93186092,35.45282214]]},"id":"gsi-12-3628-1616-road-9"},{"type":"Feature","properties":{"ftCode":2701,"motorway":9,"rnkWidth":1,"rdCtg":1,"tollSect":9,"source_layer":"road","kind":"road_centerline","bridge":false,"major":true},"geometry":{"type":"LineString","coordinates":[[138.91471624,35.42626674],[138.917377,35.42626674],[138.92074585,35.42645907]]},"id":"gsi-12-3628-1616-road-10"},{"type":"Feature","properties":{"ftCode":2701,"motorway":9,"rnkWidth":0,"rdCtg":1,"tollSect":9,"source_layer":"road","kind":"road_centerline","bridge":false,"major":true},"geometry":{"type":"LineString","coordinates":[[138.92074585,35.42645907],[138.92338514,35.42659895],[138.9245224,35.42659895],[138.92520905,35.42666889],[138.92593861,35.42659895],[138.92647505,35.42619679],[138.92703295,35.42563727]]},"id":"gsi-12-3628-1616-road-11"},{"type":"Feature","properties":{"ftCode":2701,"motorway":9,"rnkWidth":2,"rdCtg":0,"tollSect":9,"source_layer":"road","kind":"road_centerline","bridge":false,"major":true},"geometry":{"type":"LineString","coordinates":[[138.93186092,35.45282214],[138.9326334,35.45306685],[138.9330411,35.45324164],[138.9331913,35.45336399],[138.93321276,35.45357374],[138.93314838,35.45374853],[138.93291235,35.45401072],[138.93244028,35.45437778],[138.93244028,35.45450013],[138.93254757,35.45462248],[138.93291235,35.45465744],[138.93409252,35.45422047],[138.93426418,35.45423795],[138.93499374,35.45481475],[138.93580914,35.45490215],[138.93638849,35.45504198],[138.93660307,35.4552692],[138.9366889,35.45553138]]},"id":"gsi-12-3628-1616-road-12"},{"type":"Feature","properties":{"ftCode":2703,"motorway":9,"rnkWidth":2,"rdCtg":0,"tollSect":9,"source_layer":"road","kind":"road_centerline","bridge":true,"major":true},"geometry":{"type":"LineString","coordinates":[[138.93679619,35.45588095],[138.9366889,35.45553138]]},"id":"gsi-12-3628-1616-road-13"},{"type":"Feature","properties":{"ftCode":2701,"motorway":9,"rnkWidth":2,"rdCtg":1,"tollSect":9,"source_layer":"road","kind":"road_centerline","bridge":false,"major":true},"geometry":{"type":"LineString","coordinates":[[138.92769814,35.40075202],[138.9261961,35.40143415],[138.92602444,35.40160905],[138.92598152,35.40167901],[138.92606735,35.40204631],[138.9263463,35.40253603],[138.92632484,35.40286835],[138.92611027,35.40309572],[138.92520905,35.40288584],[138.92482281,35.40288584],[138.92424345,35.40309572],[138.92394304,35.40335807],[138.9234066,35.40337556],[138.92308474,35.40327062],[138.92289162,35.4029558],[138.92256975,35.40264098],[138.92231226,35.40251854],[138.92218351,35.40251854],[138.92196894,35.40265847],[138.92188311,35.40311321],[138.92175436,35.40335807],[138.92164707,35.40342803],[138.9214325,35.40342803],[138.92115355,35.40335807],[138.9206171,35.40302576],[138.919909,35.4027809],[138.91958714,35.40271094],[138.91939402,35.4027809],[138.91907215,35.40302576],[138.91842842,35.40376034],[138.91804218,35.40393524],[138.9171195,35.40414512],[138.91688347,35.4043375],[138.91673326,35.40470479],[138.91654015,35.40491467],[138.91613245,35.40515952],[138.91566038,35.40533442],[138.91390085,35.40641876],[138.91364336,35.40662864],[138.91349316,35.40708336],[138.91385794,35.40767799],[138.91387939,35.40795781],[138.91375065,35.40809772],[138.91312838,35.40815019],[138.91284943,35.40825513],[138.91207695,35.40881477],[138.91186237,35.40926948],[138.91173363,35.40933943],[138.91031742,35.40944437],[138.91001701,35.40958428],[138.90980244,35.40993405],[138.90986681,35.41024884],[138.91010284,35.41042373],[138.91061783,35.41056363],[138.91074657,35.41066857],[138.91072512,35.41086094],[138.91036034,35.4113681],[138.90958786,35.41178782],[138.90939474,35.41215507],[138.90937328,35.41250483],[138.90924454,35.41253981],[138.90909433,35.41243488],[138.90928745,35.4116654],[138.90939474,35.41152549],[138.90971661,35.41143805],[138.90984535,35.41131563],[138.90988827,35.41115824],[138.90982389,35.4110708],[138.90969515,35.41103582],[138.90954494,35.41108829],[138.90933037,35.41131563],[138.90902996,35.41147303],[138.90842915,35.41215507],[138.90834332,35.41238241],[138.90821457,35.41383391],[138.90834332,35.41395632],[138.90851498,35.4139913],[138.9094162,35.41372898],[138.90967369,35.41381642],[138.90973806,35.41397381],[138.9090085,35.41554769],[138.90898705,35.41581],[138.90915871,35.41629964],[138.9127636,35.42269971],[138.91297817,35.42292702],[138.91407251,35.42318931],[138.91426563,35.42325925],[138.91445875,35.42345159],[138.91510248,35.42575967],[138.91505957,35.42602194],[138.91497374,35.42612685],[138.91465187,35.42628422],[138.91173363,35.42633668],[138.90960932,35.42663392],[138.9053607,35.42682625],[138.90484571,35.42682625],[138.90441656,35.42668638],[138.90388012,35.42628422]]},"id":"gsi-12-3628-1616-road-14"},{"type":"Feature","properties":{"ftCode":2701,"motorway":9,"rnkWidth":1,"rdCtg":1,"tollSect":9,"source_layer":"road","kind":"road_centerline","bridge":false,"major":true},"geometry":{"type":"LineString","coordinates":[[138.94016504,35.39952767],[138.93889904,35.39923032],[138.93756866,35.39881054],[138.93671036,35.39867061],[138.93649578,35.3986881],[138.93619537,35.39886301],[138.93553019,35.39949268],[138.93510103,35.39979003],[138.93394232,35.40001741],[138.93295527,35.40006988],[138.93267632,35.40026228],[138.93218279,35.40036722],[138.93141031,35.40082198],[138.93128157,35.40083947],[138.93068075,35.40071703],[138.93035889,35.40085696],[138.93023014,35.40083947],[138.92982244,35.40057711],[138.92935038,35.40054213],[138.92838478,35.40057711],[138.92769814,35.40075202]]},"id":"gsi-12-3628-1616-road-15"},{"type":"Feature","properties":{"ftCode":2701,"motorway":9,"rnkWidth":2,"rdCtg":1,"tollSect":9,"source_layer":"road","kind":"road_centerline","bridge":false,"major":true},"geometry":{"type":"LineString","coordinates":[[138.94016504,35.39952767],[138.94078732,35.39952767],[138.94098043,35.39944021],[138.94136667,35.39889799],[138.94205332,35.39853068],[138.94213915,35.39781354],[138.94190311,35.3974987],[138.94216061,35.39613437],[138.94237518,35.39588949],[138.94228935,35.39555715],[138.94291162,35.39504988],[138.9431262,35.39428024],[138.9431262,35.39394789],[138.94301891,35.39354557],[138.94308329,35.39253102],[138.94304037,35.39233861],[138.9424181,35.39144649],[138.94231081,35.3909392],[138.94216061,35.39076427],[138.94171,35.39050188],[138.94136667,35.39004707],[138.94110918,35.3894698],[138.9411521,35.38929487],[138.94128084,35.38917242],[138.94196749,35.3892249],[138.9424181,35.38904997],[138.94241811,35.38904997]]},"id":"gsi-12-3628-1616-road-16"},{"type":"Feature","properties":{"ftCode":2701,"motorway":9,"rnkWidth":0,"rdCtg":1,"tollSect":9,"source_layer":"road","kind":"road_centerline","bridge":false,"major":true},"geometry":{"type":"LineString","coordinates":[[138.95507812,35.42874957],[138.95475626,35.42892442],[138.95389795,35.42862718],[138.95351171,35.42876706],[138.95237446,35.42979864],[138.95205259,35.42981612],[138.95140886,35.43011335],[138.95078659,35.43032316],[138.95061493,35.43051549],[138.95057201,35.43097007],[138.95046473,35.43114491],[138.95035744,35.43110995],[138.95009995,35.43081272],[138.94917727,35.43056794],[138.94889832,35.43063788],[138.94853354,35.43091762]]},"id":"gsi-12-3628-1616-road-17"},{"type":"Feature","properties":{"ftCode":2701,"motorway":9,"rnkWidth":2,"rdCtg":1,"tollSect":9,"source_layer":"road","kind":"road_centerline","bridge":false,"major":true},"geometry":{"type":"LineString","coordinates":[[138.89076948,35.31736633],[138.88845205,35.31852189],[138.88484716,35.32011514],[138.88323784,35.32071041],[138.88237953,35.32086798],[138.87943983,35.32100805],[138.87577057,35.32153328],[138.87437582,35.32165584],[138.87184381,35.32216356],[138.86993408,35.32270629],[138.8671875,35.32323152]]},"id":"gsi-12-3628-1617-road-2"},{"type":"Feature","properties":{"ftCode":2701,"motorway":9,"rnkWidth":2,"rdCtg":1,"tollSect":9,"source_layer":"road","kind":"road_centerline","bridge":false,"major":true},"geometry":{"type":"LineString","coordinates":[[138.8671875,35.36221106],[138.86890411,35.36175608],[138.87077093,35.36105612]]},"id":"gsi-12-3628-1617-road-3"},{"type":"Feature","properties":{"ftCode":2703,"motorway":9,"rnkWidth":2,"rdCtg":0,"tollSect":9,"source_layer":"road","kind":"road_centerline","bridge":true,"major":true},"geometry":{"type":"LineString","coordinates":[[138.86888266,35.3581337],[138.8671875,35.35935868]]},"id":"gsi-12-3628-1617-road-4"},{"type":"Feature","properties":{"ftCode":2701,"motorway":9,"rnkWidth":2,"rdCtg":1,"tollSect":9,"source_layer":"road","kind":"road_centerline","bridge":false,"major":true},"geometry":{"type":"LineString","coordinates":[[138.86959076,35.3581862],[138.86924744,35.3585012],[138.86883974,35.35874619],[138.86877537,35.35885119],[138.86879683,35.35904369],[138.8690114,35.35916618],[138.87021303,35.35911369],[138.87038469,35.35921868],[138.87070656,35.35977867],[138.87077093,35.36105612]]},"id":"gsi-12-3628-1617-road-5"},{"type":"Feature","properties":{"ftCode":2703,"motorway":9,"rnkWidth":2,"rdCtg":1,"tollSect":9,"source_layer":"road","kind":"road_centerline","bridge":true,"major":true},"geometry":{"type":"LineString","coordinates":[[138.86980534,35.3579237],[138.86959076,35.3581862]]},"id":"gsi-12-3628-1617-road-6"},{"type":"Feature","properties":{"ftCode":2703,"motorway":0,"rnkWidth":2,"rdCtg":0,"tollSect":0,"source_layer":"road","kind":"road_centerline","bridge":true,"major":true},"geometry":{"type":"LineString","coordinates":[[138.87051344,35.3568737],[138.86888266,35.3581337]]},"id":"gsi-12-3628-1617-road-7"},{"type":"Feature","properties":{"ftCode":2701,"motorway":9,"rnkWidth":2,"rdCtg":1,"tollSect":9,"source_layer":"road","kind":"road_centerline","bridge":false,"major":true},"geometry":{"type":"LineString","coordinates":[[138.87032032,35.35739871],[138.87001991,35.3576262],[138.86980534,35.3579237]]},"id":"gsi-12-3628-1617-road-8"},{"type":"Feature","properties":{"ftCode":2701,"motorway":0,"rnkWidth":2,"rdCtg":1,"tollSect":0,"source_layer":"road","kind":"road_centerline","bridge":false,"major":true},"geometry":{"type":"LineString","coordinates":[[138.86995554,35.3568037],[138.87010574,35.3567862],[138.87034178,35.3568562],[138.87066364,35.35711871],[138.87032032,35.35739871]]},"id":"gsi-12-3628-1617-road-9"},{"type":"Feature","properties":{"ftCode":2701,"motorway":0,"rnkWidth":1,"rdCtg":1,"tollSect":0,"source_layer":"road","kind":"road_centerline","bridge":false,"major":true},"geometry":{"type":"LineString","coordinates":[[138.87072802,35.3564012],[138.87010574,35.3567862]]},"id":"gsi-12-3628-1617-road-10"},{"type":"Feature","properties":{"ftCode":2701,"motorway":0,"rnkWidth":1,"rdCtg":0,"tollSect":0,"source_layer":"road","kind":"road_centerline","bridge":false,"major":true},"geometry":{"type":"LineString","coordinates":[[138.87066364,35.35711871],[138.8710928,35.3568037]]},"id":"gsi-12-3628-1617-road-11"},{"type":"Feature","properties":{"ftCode":2701,"motorway":9,"rnkWidth":1,"rdCtg":1,"tollSect":9,"source_layer":"road","kind":"road_centerline","bridge":false,"major":true},"geometry":{"type":"LineString","coordinates":[[138.87072802,35.3564012],[138.87130737,35.35598119]]},"id":"gsi-12-3628-1617-road-12"},{"type":"Feature","properties":{"ftCode":2701,"motorway":0,"rnkWidth":1,"rdCtg":0,"tollSect":0,"source_layer":"road","kind":"road_centerline","bridge":false,"major":true},"geometry":{"type":"LineString","coordinates":[[138.8710928,35.3568037],[138.8722086,35.35554369]]},"id":"gsi-12-3628-1617-road-13"},{"type":"Feature","properties":{"ftCode":2701,"motorway":0,"rnkWidth":1,"rdCtg":0,"tollSect":0,"source_layer":"road","kind":"road_centerline","bridge":false,"major":true},"geometry":{"type":"LineString","coordinates":[[138.87100697,35.3562087],[138.87120008,35.3561562],[138.87244463,35.35524618],[138.87276649,35.35512368]]},"id":"gsi-12-3628-1617-road-14"},{"type":"Feature","properties":{"ftCode":2701,"motorway":0,"rnkWidth":2,"rdCtg":0,"tollSect":0,"source_layer":"road","kind":"road_centerline","bridge":false,"major":true},"geometry":{"type":"LineString","coordinates":[[138.87383938,35.35426615],[138.87051344,35.3568737]]},"id":"gsi-12-3628-1617-road-15"},{"type":"Feature","properties":{"ftCode":2701,"motorway":9,"rnkWidth":2,"rdCtg":1,"tollSect":9,"source_layer":"road","kind":"road_centerline","bridge":false,"major":true},"geometry":{"type":"LineString","coordinates":[[138.87077093,35.36105612],[138.8716507,35.36070613],[138.87499809,35.35907869]]},"id":"gsi-12-3628-1617-road-16"},{"type":"Feature","properties":{"ftCode":2701,"motorway":0,"rnkWidth":1,"rdCtg":0,"tollSect":0,"source_layer":"road","kind":"road_centerline","bridge":false,"major":true},"geometry":{"type":"LineString","coordinates":[[138.8710928,35.3568037],[138.87285233,35.35536868],[138.87364626,35.35482617],[138.87390375,35.35449366],[138.87411833,35.35400364],[138.87437582,35.35368862],[138.87437582,35.35356612]]},"id":"gsi-12-3628-1617-road-17"},{"type":"Feature","properties":{"ftCode":2701,"motorway":0,"rnkWidth":1,"rdCtg":1,"tollSect":0,"source_layer":"road","kind":"road_centerline","bridge":false,"major":true},"geometry":{"type":"LineString","coordinates":[[138.87130737,35.35598119],[138.87321711,35.35456366],[138.87437582,35.35356612]]},"id":"gsi-12-3628-1617-road-18"},{"type":"Feature","properties":{"ftCode":2703,"motorway":0,"rnkWidth":2,"rdCtg":0,"tollSect":0,"source_layer":"road","kind":"road_centerline","bridge":true,"major":true},"geometry":{"type":"LineString","coordinates":[[138.87471914,35.35349611],[138.87383938,35.35426615]]},"id":"gsi-12-3628-1617-road-19"},{"type":"Feature","properties":{"ftCode":2701,"motorway":0,"rnkWidth":2,"rdCtg":1,"tollSect":0,"source_layer":"road","kind":"road_centerline","bridge":false,"major":true},"geometry":{"type":"LineString","coordinates":[[138.87499809,35.35907869],[138.8792038,35.3567687],[138.87954712,35.3564537],[138.88053417,35.35505367],[138.88188601,35.35412614],[138.88302326,35.35361862],[138.88461113,35.35185102],[138.88476133,35.35176351],[138.88493299,35.35174601],[138.88504028,35.35181602],[138.88504028,35.35190352],[138.88476133,35.35225355]]},"id":"gsi-12-3628-1617-road-20"},{"type":"Feature","properties":{"ftCode":2701,"motorway":0,"rnkWidth":2,"rdCtg":0,"tollSect":0,"source_layer":"road","kind":"road_centerline","bridge":false,"major":true},"geometry":{"type":"LineString","coordinates":[[138.87602806,35.35181602],[138.87516975,35.35302359],[138.87471914,35.35349611]]},"id":"gsi-12-3628-1617-road-21"},{"type":"Feature","properties":{"ftCode":2703,"motorway":0,"rnkWidth":2,"rdCtg":0,"tollSect":0,"source_layer":"road","kind":"road_centerline","bridge":true,"major":true},"geometry":{"type":"LineString","coordinates":[[138.87634993,35.35132598],[138.87602806,35.35181602]]},"id":"gsi-12-3628-1617-road-22"},{"type":"Feature","properties":{"ftCode":2701,"motorway":0,"rnkWidth":2,"rdCtg":1,"tollSect":0,"source_layer":"road","kind":"road_centerline","bridge":false,"major":true},"geometry":{"type":"LineString","coordinates":[[138.87437582,35.35356612],[138.87480497,35.35302359],[138.87527704,35.35144849],[138.87613535,35.35052092],[138.87669325,35.35001338],[138.87737989,35.34943582],[138.87806654,35.34903328],[138.87830257,35.34871825],[138.87840986,35.3482982],[138.87871027,35.34784315]]},"id":"gsi-12-3628-1617-road-23"},{"type":"Feature","properties":{"ftCode":2701,"motorway":0,"rnkWidth":2,"rdCtg":0,"tollSect":0,"source_layer":"road","kind":"road_centerline","bridge":false,"major":true},"geometry":{"type":"LineString","coordinates":[[138.87707949,35.35013589],[138.87634993,35.35132598]]},"id":"gsi-12-3628-1617-road-24"},{"type":"Feature","properties":{"ftCode":2703,"motorway":0,"rnkWidth":2,"rdCtg":0,"tollSect":0,"source_layer":"road","kind":"road_centerline","bridge":true,"major":true},"geometry":{"type":"LineString","coordinates":[[138.87892485,35.34721307],[138.87707949,35.35013589]]},"id":"gsi-12-3628-1617-road-25"},{"type":"Feature","properties":{"ftCode":2701,"motorway":0,"rnkWidth":2,"rdCtg":0,"tollSect":0,"source_layer":"road","kind":"road_centerline","bridge":false,"major":true},"geometry":{"type":"LineString","coordinates":[[138.87946129,35.34647798],[138.87892485,35.34721307]]},"id":"gsi-12-3628-1617-road-26"},{"type":"Feature","properties":{"ftCode":2701,"motorway":0,"rnkWidth":1,"rdCtg":1,"tollSect":0,"source_layer":"road","kind":"road_centerline","bridge":false,"major":true},"geometry":{"type":"LineString","coordinates":[[138.87965441,35.34651298],[138.88001919,35.34649548]]},"id":"gsi-12-3628-1617-road-27"},{"type":"Feature","properties":{"ftCode":2703,"motorway":0,"rnkWidth":2,"rdCtg":0,"tollSect":0,"source_layer":"road","kind":"road_centerline","bridge":true,"major":true},"geometry":{"type":"LineString","coordinates":[[138.87963295,35.34628545],[138.87946129,35.34647798]]},"id":"gsi-12-3628-1617-road-28"},{"type":"Feature","properties":{"ftCode":2701,"motorway":0,"rnkWidth":1,"rdCtg":1,"tollSect":0,"source_layer":"road","kind":"road_centerline","bridge":false,"major":true},"geometry":{"type":"LineString","coordinates":[[138.88435364,35.35382863],[138.88409615,35.35365362],[138.88407469,35.35353112],[138.8843751,35.35260357],[138.88476133,35.35225355]]},"id":"gsi-12-3628-1617-road-29"},{"type":"Feature","properties":{"ftCode":2701,"motorway":0,"rnkWidth":2,"rdCtg":1,"tollSect":0,"source_layer":"road","kind":"road_centerline","bridge":false,"major":true},"geometry":{"type":"LineString","coordinates":[[138.87871027,35.34784315],[138.8789463,35.34791316],[138.88132811,35.34721307],[138.88263702,35.34674051],[138.8867569,35.34507778],[138.88819456,35.34464021],[138.88948202,35.34444768],[138.89053345,35.34441267],[138.89439583,35.34399261]]},"id":"gsi-12-3628-1617-road-30"},{"type":"Feature","properties":{"ftCode":2701,"motorway":0,"rnkWidth":2,"rdCtg":0,"tollSect":0,"source_layer":"road","kind":"road_centerline","bridge":false,"major":true},"geometry":{"type":"LineString","coordinates":[[138.88592005,35.34168219],[138.88139248,35.34469272],[138.88012648,35.34572537],[138.87963295,35.34628545]]},"id":"gsi-12-3628-1617-road-31"},{"type":"Feature","properties":{"ftCode":2701,"motorway":0,"rnkWidth":3,"rdCtg":0,"tollSect":0,"source_layer":"road","kind":"road_centerline","bridge":false,"major":true},"geometry":{"type":"LineString","coordinates":[[138.88592005,35.34168219],[138.88855934,35.33989683],[138.88943911,35.33914416],[138.88995409,35.33856653]]},"id":"gsi-12-3628-1617-road-32"},{"type":"Feature","properties":{"ftCode":2701,"motorway":0,"rnkWidth":2,"rdCtg":1,"tollSect":0,"source_layer":"road","kind":"road_centerline","bridge":false,"major":true},"geometry":{"type":"LineString","coordinates":[[138.87871027,35.34784315],[138.87924671,35.34716057],[138.87969732,35.34674051],[138.88049126,35.34612793],[138.88188601,35.3452353],[138.88351679,35.34357254],[138.88527632,35.34250485],[138.88776541,35.34077201],[138.88870955,35.34026441],[138.89061928,35.33944173],[138.89113426,35.33912666],[138.89220715,35.33804141],[138.89300108,35.33739375],[138.89471769,35.33650102],[138.89533997,35.33608091],[138.89660597,35.33426041],[138.89699221,35.33392782],[138.89772177,35.33359522],[138.89875174,35.33335015]]},"id":"gsi-12-3628-1617-road-33"},{"type":"Feature","properties":{"ftCode":2701,"motorway":0,"rnkWidth":1,"rdCtg":1,"tollSect":0,"source_layer":"road","kind":"road_centerline","bridge":false,"major":true},"geometry":{"type":"LineString","coordinates":[[138.89452457,35.3439751],[138.89439583,35.34399261]]},"id":"gsi-12-3628-1617-road-34"},{"type":"Feature","properties":{"ftCode":2701,"motorway":0,"rnkWidth":1,"rdCtg":0,"tollSect":0,"source_layer":"road","kind":"road_centerline","bridge":false,"major":true},"geometry":{"type":"LineString","coordinates":[[138.88933182,35.33923168],[138.88963223,35.33910915],[138.89008284,35.33868906]]},"id":"gsi-12-3628-1617-road-35"},{"type":"Feature","properties":{"ftCode":2703,"motorway":0,"rnkWidth":3,"rdCtg":0,"tollSect":0,"source_layer":"road","kind":"road_centerline","bridge":true,"major":true},"geometry":{"type":"LineString","coordinates":[[138.88995409,35.33856653],[138.89019012,35.33830397]]},"id":"gsi-12-3628-1617-road-36"},{"type":"Feature","properties":{"ftCode":2703,"motorway":0,"rnkWidth":1,"rdCtg":0,"tollSect":0,"source_layer":"road","kind":"road_centerline","bridge":true,"major":true},"geometry":{"type":"LineString","coordinates":[[138.89008284,35.33868906],[138.89027596,35.33849651]]},"id":"gsi-12-3628-1617-road-37"},{"type":"Feature","properties":{"ftCode":2701,"motorway":0,"rnkWidth":3,"rdCtg":0,"tollSect":0,"source_layer":"road","kind":"road_centerline","bridge":false,"major":true},"geometry":{"type":"LineString","coordinates":[[138.89019012,35.33830397],[138.89197111,35.33616844]]},"id":"gsi-12-3628-1617-road-38"},{"type":"Feature","properties":{"ftCode":2701,"motorway":0,"rnkWidth":1,"rdCtg":0,"tollSect":0,"source_layer":"road","kind":"road_centerline","bridge":false,"major":true},"geometry":{"type":"LineString","coordinates":[[138.89023304,35.33826896],[138.89031887,35.33795388],[138.89164925,35.3360284],[138.89317274,35.33473305],[138.89349461,35.33464552]]},"id":"gsi-12-3628-1617-road-39"},{"type":"Feature","properties":{"ftCode":2701,"motorway":0,"rnkWidth":1,"rdCtg":0,"tollSect":0,"source_layer":"road","kind":"road_centerline","bridge":false,"major":true},"geometry":{"type":"LineString","coordinates":[[138.89027596,35.33849651],[138.89197111,35.3368161],[138.89240026,35.33629097],[138.89304399,35.33532821],[138.89377356,35.33454049],[138.89383793,35.33434794]]},"id":"gsi-12-3628-1617-road-40"},{"type":"Feature","properties":{"ftCode":2703,"motorway":0,"rnkWidth":3,"rdCtg":0,"tollSect":0,"source_layer":"road","kind":"road_centerline","bridge":true,"major":true},"geometry":{"type":"LineString","coordinates":[[138.89197111,35.33616844],[138.89216423,35.33594088]]},"id":"gsi-12-3628-1617-road-41"},{"type":"Feature","properties":{"ftCode":2701,"motorway":0,"rnkWidth":2,"rdCtg":1,"tollSect":0,"source_layer":"road","kind":"road_centerline","bridge":false,"major":true},"geometry":{"type":"LineString","coordinates":[[138.88435364,35.35382863],[138.88484716,35.35309359],[138.88561964,35.35265607],[138.88632774,35.35256857],[138.88744354,35.35256857],[138.8878727,35.35251606],[138.88870955,35.35214854],[138.88924599,35.35181602],[138.89049053,35.35130848],[138.8911128,35.35085345],[138.89218569,35.35045091],[138.89267921,35.35048592],[138.89300108,35.35060843],[138.89373064,35.35102846],[138.89463186,35.35122098],[138.89527559,35.35122098],[138.8961339,35.35146599],[138.89701366,35.3515535],[138.90396595,35.35283108],[138.91664743,35.35342611]]},"id":"gsi-12-3628-1617-road-42"},{"type":"Feature","properties":{"ftCode":2701,"motorway":0,"rnkWidth":2,"rdCtg":1,"tollSect":0,"source_layer":"road","kind":"road_centerline","bridge":false,"major":true},"geometry":{"type":"LineString","coordinates":[[138.89452457,35.3439751],[138.89677763,35.34416763],[138.89821529,35.34441267],[138.89939547,35.34425515],[138.90094042,35.34383508],[138.90613317,35.34215478],[138.90752792,35.34131462],[138.91261339,35.33937171],[138.91426563,35.33905664],[138.91497374,35.33900413],[138.91664743,35.33907415]]},"id":"gsi-12-3628-1617-road-43"},{"type":"Feature","properties":{"ftCode":2701,"motorway":0,"rnkWidth":3,"rdCtg":0,"tollSect":0,"source_layer":"road","kind":"road_centerline","bridge":false,"major":true},"geometry":{"type":"LineString","coordinates":[[138.89216423,35.33594088],[138.89272213,35.33534572],[138.89411688,35.33408536],[138.89531851,35.33315759],[138.89845133,35.3309519]]},"id":"gsi-12-3628-1617-road-44"},{"type":"Feature","properties":{"ftCode":2703,"motorway":0,"rnkWidth":3,"rdCtg":0,"tollSect":0,"source_layer":"road","kind":"road_centerline","bridge":true,"major":true},"geometry":{"type":"LineString","coordinates":[[138.89845133,35.3309519],[138.8990736,35.33051426]]},"id":"gsi-12-3628-1617-road-45"},{"type":"Feature","properties":{"ftCode":2701,"motorway":0,"rnkWidth":3,"rdCtg":0,"tollSect":0,"source_layer":"road","kind":"road_centerline","bridge":false,"major":true},"geometry":{"type":"LineString","coordinates":[[138.8990736,35.33051426],[138.90096188,35.32911378],[138.90222788,35.32787084],[138.9029789,35.32689048],[138.90411615,35.32496473],[138.90452385,35.32442201]]},"id":"gsi-12-3628-1617-road-46"},{"type":"Feature","properties":{"ftCode":2701,"motorway":0,"rnkWidth":1,"rdCtg":0,"tollSect":0,"source_layer":"road","kind":"road_centerline","bridge":false,"major":true},"geometry":{"type":"LineString","coordinates":[[138.9029789,35.32645281],[138.90233517,35.32752071],[138.90222788,35.32787084]]},"id":"gsi-12-3628-1617-road-47"},{"type":"Feature","properties":{"ftCode":2701,"motorway":0,"rnkWidth":1,"rdCtg":0,"tollSect":0,"source_layer":"road","kind":"road_centerline","bridge":false,"major":true},"geometry":{"type":"LineString","coordinates":[[138.9018631,35.32827348],[138.90214205,35.32816845],[138.90285015,35.32741567],[138.90332222,35.32713557],[138.90379429,35.32710055],[138.90497446,35.32731063]]},"id":"gsi-12-3628-1617-road-48"},{"type":"Feature","properties":{"ftCode":2704,"motorway":0,"rnkWidth":1,"rdCtg":0,"tollSect":0,"source_layer":"road","kind":"road_centerline","bridge":false,"major":true},"geometry":{"type":"LineString","coordinates":[[138.90319347,35.3261727],[138.9031291,35.32647032],[138.9032793,35.3266979]]},"id":"gsi-12-3628-1617-road-49"},{"type":"Feature","properties":{"ftCode":2703,"motorway":0,"rnkWidth":1,"rdCtg":0,"tollSect":0,"source_layer":"road","kind":"road_centerline","bridge":true,"major":true},"geometry":{"type":"LineString","coordinates":[[138.90360117,35.32627774],[138.90323639,35.32627774],[138.9029789,35.32645281]]},"id":"gsi-12-3628-1617-road-50"},{"type":"Feature","properties":{"ftCode":2701,"motorway":0,"rnkWidth":1,"rdCtg":0,"tollSect":0,"source_layer":"road","kind":"road_centerline","bridge":false,"major":true},"geometry":{"type":"LineString","coordinates":[[138.9032793,35.3266979],[138.90349388,35.32682045],[138.90441656,35.32708305],[138.90497446,35.32731063]]},"id":"gsi-12-3628-1617-road-51"},{"type":"Feature","properties":{"ftCode":2701,"motorway":9,"rnkWidth":2,"rdCtg":1,"tollSect":9,"source_layer":"road","kind":"road_centerline","bridge":false,"major":true},"geometry":{"type":"LineString","coordinates":[[138.89875174,35.33335015],[138.89976025,35.33296503],[138.90158415,35.3318622],[138.90426636,35.33089939],[138.90478134,35.33067181],[138.904953,35.33053176],[138.90542507,35.3300416],[138.90589714,35.32941139],[138.90780687,35.3256475],[138.9084506,35.32482467],[138.91025305,35.32309146]]},"id":"gsi-12-3628-1617-road-52"},{"type":"Feature","properties":{"ftCode":2701,"motorway":0,"rnkWidth":1,"rdCtg":0,"tollSect":0,"source_layer":"road","kind":"road_centerline","bridge":false,"major":true},"geometry":{"type":"LineString","coordinates":[[138.90508175,35.32717058],[138.90460968,35.3269605],[138.9038372,35.32638278],[138.90360117,35.32627774]]},"id":"gsi-12-3628-1617-road-53"},{"type":"Feature","properties":{"ftCode":2701,"motorway":0,"rnkWidth":1,"rdCtg":0,"tollSect":0,"source_layer":"road","kind":"road_centerline","bridge":false,"major":true},"geometry":{"type":"LineString","coordinates":[[138.90497446,35.32731063],[138.90651941,35.32787084]]},"id":"gsi-12-3628-1617-road-54"},{"type":"Feature","properties":{"ftCode":2701,"motorway":0,"rnkWidth":1,"rdCtg":0,"tollSect":0,"source_layer":"road","kind":"road_centerline","bridge":false,"major":true},"geometry":{"type":"LineString","coordinates":[[138.90508175,35.32717058],[138.90578985,35.32753822],[138.90654087,35.32781832]]},"id":"gsi-12-3628-1617-road-55"},{"type":"Feature","properties":{"ftCode":2703,"motorway":0,"rnkWidth":1,"rdCtg":0,"tollSect":0,"source_layer":"road","kind":"road_centerline","bridge":true,"major":true},"geometry":{"type":"LineString","coordinates":[[138.90651941,35.32787084],[138.90679836,35.32794086]]},"id":"gsi-12-3628-1617-road-56"},{"type":"Feature","properties":{"ftCode":2701,"motorway":0,"rnkWidth":1,"rdCtg":0,"tollSect":0,"source_layer":"road","kind":"road_centerline","bridge":false,"major":true},"geometry":{"type":"LineString","coordinates":[[138.90679836,35.32794086],[138.90681982,35.32790585]]},"id":"gsi-12-3628-1617-road-57"},{"type":"Feature","properties":{"ftCode":2703,"motorway":0,"rnkWidth":1,"rdCtg":0,"tollSect":0,"source_layer":"road","kind":"road_centerline","bridge":true,"major":true},"geometry":{"type":"LineString","coordinates":[[138.90654087,35.32781832],[138.90681982,35.32790585]]},"id":"gsi-12-3628-1617-road-58"},{"type":"Feature","properties":{"ftCode":2701,"motorway":0,"rnkWidth":2,"rdCtg":0,"tollSect":0,"source_layer":"road","kind":"road_centerline","bridge":false,"major":true},"geometry":{"type":"LineString","coordinates":[[138.90860081,35.32808092],[138.90787125,35.32809842],[138.90679836,35.32792336]]},"id":"gsi-12-3628-1617-road-59"},{"type":"Feature","properties":{"ftCode":2703,"motorway":0,"rnkWidth":1,"rdCtg":1,"tollSect":0,"source_layer":"road","kind":"road_centerline","bridge":true,"major":true},"geometry":{"type":"LineString","coordinates":[[138.90877247,35.32848356],[138.90887976,35.32869363]]},"id":"gsi-12-3628-1617-road-60"},{"type":"Feature","properties":{"ftCode":2703,"motorway":0,"rnkWidth":2,"rdCtg":0,"tollSect":0,"source_layer":"road","kind":"road_centerline","bridge":true,"major":true},"geometry":{"type":"LineString","coordinates":[[138.90915871,35.3280284],[138.90860081,35.32808092]]},"id":"gsi-12-3628-1617-road-61"},{"type":"Feature","properties":{"ftCode":2701,"motorway":0,"rnkWidth":1,"rdCtg":1,"tollSect":0,"source_layer":"road","kind":"road_centerline","bridge":false,"major":true},"geometry":{"type":"LineString","coordinates":[[138.90969515,35.32778331],[138.90922308,35.32785333],[138.90894413,35.32799338],[138.90879393,35.32818595],[138.90877247,35.32848356]]},"id":"gsi-12-3628-1617-road-62"},{"type":"Feature","properties":{"ftCode":2701,"motorway":0,"rnkWidth":1,"rdCtg":1,"tollSect":0,"source_layer":"road","kind":"road_centerline","bridge":false,"major":true},"geometry":{"type":"LineString","coordinates":[[138.90887976,35.32869363],[138.90913725,35.3288862],[138.9094162,35.32895623],[138.90990973,35.32899124],[138.91055346,35.3288862],[138.91055346,35.32883368],[138.91014576,35.32879867],[138.90986681,35.32855359],[138.90982389,35.32836102],[138.90995264,35.32809842],[138.91048908,35.32781832],[138.91048908,35.32774829],[138.91003847,35.32774829]]},"id":"gsi-12-3628-1617-road-63"},{"type":"Feature","properties":{"ftCode":2701,"motorway":0,"rnkWidth":2,"rdCtg":0,"tollSect":0,"source_layer":"road","kind":"road_centerline","bridge":false,"major":true},"geometry":{"type":"LineString","coordinates":[[138.90950203,35.32795837],[138.90915871,35.3280284]]},"id":"gsi-12-3628-1617-road-64"},{"type":"Feature","properties":{"ftCode":2703,"motorway":0,"rnkWidth":2,"rdCtg":0,"tollSect":0,"source_layer":"road","kind":"road_centerline","bridge":true,"major":true},"geometry":{"type":"LineString","coordinates":[[138.91001701,35.32787084],[138.90950203,35.32795837]]},"id":"gsi-12-3628-1617-road-65"},{"type":"Feature","properties":{"ftCode":2703,"motorway":0,"rnkWidth":1,"rdCtg":1,"tollSect":0,"source_layer":"road","kind":"road_centerline","bridge":true,"major":true},"geometry":{"type":"LineString","coordinates":[[138.91003847,35.32774829],[138.90969515,35.32778331]]},"id":"gsi-12-3628-1617-road-66"},{"type":"Feature","properties":{"ftCode":2701,"motorway":0,"rnkWidth":2,"rdCtg":0,"tollSect":0,"source_layer":"road","kind":"road_centerline","bridge":false,"major":true},"geometry":{"type":"LineString","coordinates":[[138.91048908,35.32778331],[138.91001701,35.32787084]]},"id":"gsi-12-3628-1617-road-67"},{"type":"Feature","properties":{"ftCode":2701,"motorway":0,"rnkWidth":1,"rdCtg":0,"tollSect":0,"source_layer":"road","kind":"road_centerline","bridge":false,"major":true},"geometry":{"type":"LineString","coordinates":[[138.90319347,35.3261727],[138.90390158,35.32512229],[138.9040947,35.32503476],[138.9040947,35.32522733],[138.90390158,35.32568251],[138.90398741,35.32613769],[138.90426636,35.32650533],[138.90508175,35.32717058]]},"id":"gsi-12-3628-1617-road-68"},{"type":"Feature","properties":{"ftCode":2703,"motorway":0,"rnkWidth":3,"rdCtg":0,"tollSect":0,"source_layer":"road","kind":"road_centerline","bridge":true,"major":true},"geometry":{"type":"LineString","coordinates":[[138.90452385,35.32442201],[138.90497446,35.32386178]]},"id":"gsi-12-3628-1617-road-69"},{"type":"Feature","properties":{"ftCode":2703,"motorway":0,"rnkWidth":1,"rdCtg":0,"tollSect":0,"source_layer":"road","kind":"road_centerline","bridge":true,"major":true},"geometry":{"type":"LineString","coordinates":[[138.90872955,35.32097303],[138.90748501,35.32163833],[138.90649796,35.32230362],[138.90523195,35.32351163],[138.90497446,35.32386178],[138.90729189,35.32209353],[138.9088583,35.32120063]]},"id":"gsi-12-3628-1617-road-70"},{"type":"Feature","properties":{"ftCode":2701,"motorway":0,"rnkWidth":2,"rdCtg":1,"tollSect":0,"source_layer":"road","kind":"road_centerline","bridge":false,"major":true},"geometry":{"type":"LineString","coordinates":[[138.91025305,35.32309146],[138.91102552,35.32200599],[138.91143322,35.32165584]]},"id":"gsi-12-3628-1617-road-71"},{"type":"Feature","properties":{"ftCode":2701,"motorway":0,"rnkWidth":1,"rdCtg":0,"tollSect":0,"source_layer":"road","kind":"road_centerline","bridge":false,"major":true},"geometry":{"type":"LineString","coordinates":[[138.9088583,35.32120063],[138.91074657,35.32030773],[138.90963078,35.32062287],[138.90872955,35.32097303]]},"id":"gsi-12-3628-1617-road-72"},{"type":"Feature","properties":{"ftCode":2701,"motorway":9,"rnkWidth":2,"rdCtg":1,"tollSect":9,"source_layer":"road","kind":"road_centerline","bridge":false,"major":true},"geometry":{"type":"LineString","coordinates":[[138.94241811,35.38904997],[138.94278288,35.38884005],[138.94316912,35.38873509],[138.94340515,35.38859514],[138.94387722,35.38808784],[138.94432783,35.38710821],[138.94443512,35.38700325],[138.94537926,35.38667087],[138.94561529,35.38665337],[138.94595861,35.38674084],[138.94608736,35.38663588],[138.94600153,35.38649593],[138.94570112,35.3863035],[138.94490719,35.38632099],[138.9443922,35.38607608],[138.94419909,35.38572621],[138.94407034,35.38521888],[138.94349098,35.38408177],[138.94346952,35.38388933],[138.94329786,35.38352195],[138.94293308,35.38317206],[138.94258976,35.38245479],[138.94273996,35.38182498],[138.94310474,35.38138762],[138.94359827,35.3804079],[138.94394159,35.37925322],[138.94392014,35.37844844],[138.94407034,35.37813352],[138.94402742,35.37734622],[138.944242,35.37680385],[138.94422054,35.3766114],[138.94396305,35.37634896],[138.94392014,35.376174],[138.94411325,35.37550916],[138.94484282,35.37470433],[138.94510031,35.37416195],[138.94589424,35.37360206],[138.94632339,35.37298968],[138.94711733,35.37248228],[138.94763231,35.37186989],[138.94840479,35.37216734],[138.94894123,35.37218484],[138.95001411,35.37209735]]},"id":"gsi-12-3628-1617-road-73"},{"type":"Feature","properties":{"ftCode":2701,"motorway":9,"rnkWidth":1,"rdCtg":1,"tollSect":9,"source_layer":"road","kind":"road_centerline","bridge":false,"major":true},"geometry":{"type":"LineString","coordinates":[[138.95001411,35.37209735],[138.95507812,35.37176491]]},"id":"gsi-12-3628-1617-road-74"},{"type":"Feature","properties":{"ftCode":2701,"motorway":9,"rnkWidth":2,"rdCtg":0,"tollSect":9,"source_layer":"road","kind":"road_centerline","bridge":false,"major":true},"geometry":{"type":"LineString","coordinates":[[138.95439148,35.35381113],[138.95439148,35.35393363],[138.95424128,35.35384613]]},"id":"gsi-12-3628-1617-road-75"},{"type":"Feature","properties":{"ftCode":2701,"motorway":9,"rnkWidth":2,"rdCtg":1,"tollSect":9,"source_layer":"road","kind":"road_centerline","bridge":false,"major":true},"geometry":{"type":"LineString","coordinates":[[138.91664743,35.35342611],[138.9176774,35.35344361],[138.91984463,35.3531636],[138.92201185,35.35251606]]},"id":"gsi-12-3628-1617-road-76"},{"type":"Feature","properties":{"ftCode":2701,"motorway":0,"rnkWidth":2,"rdCtg":1,"tollSect":0,"source_layer":"road","kind":"road_centerline","bridge":false,"major":true},"geometry":{"type":"LineString","coordinates":[[138.92201185,35.35251606],[138.92248392,35.35241106],[138.92317057,35.35241106],[138.92662525,35.35253356]]},"id":"gsi-12-3628-1617-road-77"},{"type":"Feature","properties":{"ftCode":2701,"motorway":9,"rnkWidth":2,"rdCtg":1,"tollSect":9,"source_layer":"road","kind":"road_centerline","bridge":false,"major":true},"geometry":{"type":"LineString","coordinates":[[138.91664743,35.33907415],[138.91714096,35.33907415],[138.91735554,35.33900413],[138.91829967,35.3384615],[138.92048836,35.33786636],[138.92518759,35.33793638],[138.92686129,35.33753378],[138.92718315,35.33753378],[138.92894268,35.33788387],[138.9296937,35.33828646],[138.93012285,35.33840899],[138.93057346,35.3384265],[138.9316678,35.33830397],[138.93439293,35.3375863],[138.93604517,35.3367986],[138.93726826,35.33637849],[138.94505739,35.3349081]]},"id":"gsi-12-3628-1617-road-78"},{"type":"Feature","properties":{"ftCode":2701,"motorway":1,"rnkWidth":3,"rdCtg":3,"tollSect":1,"source_layer":"road","kind":"road_centerline","bridge":false,"major":true},"geometry":{"type":"LineString","coordinates":[[138.91261339,35.32738066],[138.91048908,35.32778331]]},"id":"gsi-12-3628-1617-road-79"},{"type":"Feature","properties":{"ftCode":2703,"motorway":1,"rnkWidth":3,"rdCtg":3,"tollSect":1,"source_layer":"road","kind":"road_centerline","bridge":true,"major":true},"geometry":{"type":"LineString","coordinates":[[138.91304255,35.32724061],[138.91261339,35.32738066]]},"id":"gsi-12-3628-1617-road-80"},{"type":"Feature","properties":{"ftCode":2701,"motorway":0,"rnkWidth":3,"rdCtg":1,"tollSect":0,"source_layer":"road","kind":"road_centerline","bridge":false,"major":true},"geometry":{"type":"LineString","coordinates":[[138.91057491,35.32885119],[138.91151905,35.32862361],[138.91293526,35.32848356],[138.91242027,35.32494722],[138.91209841,35.32370421],[138.91143322,35.32165584]]},"id":"gsi-12-3628-1617-road-81"},{"type":"Feature","properties":{"ftCode":2701,"motorway":1,"rnkWidth":1,"rdCtg":3,"tollSect":1,"source_layer":"road","kind":"road_centerline","bridge":false,"major":true},"geometry":{"type":"LineString","coordinates":[[138.91304255,35.32724061],[138.91452312,35.32701302],[138.91508102,35.32708305],[138.91596079,35.32738066],[138.9164114,35.32741567],[138.91669035,35.32732814],[138.91692638,35.32715307],[138.91707659,35.32676793],[138.91701221,35.32393181],[138.91688347,35.3239143],[138.91662598,35.32485969],[138.91643286,35.32592761],[138.91613245,35.3264178],[138.91581059,35.32662788],[138.91542435,35.32675042],[138.91370773,35.32701302],[138.91302109,35.32720559],[138.91304255,35.32724061]]},"id":"gsi-12-3628-1617-road-82"},{"type":"Feature","properties":{"ftCode":2701,"motorway":0,"rnkWidth":2,"rdCtg":0,"tollSect":0,"source_layer":"road","kind":"road_centerline","bridge":false,"major":true},"geometry":{"type":"LineString","coordinates":[[138.91420126,35.31922223],[138.91370773,35.31943232],[138.91074657,35.32030773]]},"id":"gsi-12-3628-1617-road-83"},{"type":"Feature","properties":{"ftCode":2701,"motorway":0,"rnkWidth":2,"rdCtg":0,"tollSect":0,"source_layer":"road","kind":"road_centerline","bridge":false,"major":true},"geometry":{"type":"LineString","coordinates":[[138.91143322,35.32165584],[138.91299963,35.32041278],[138.91420126,35.31922223]]},"id":"gsi-12-3628-1617-road-84"},{"type":"Feature","properties":{"ftCode":2701,"motorway":0,"rnkWidth":2,"rdCtg":1,"tollSect":0,"source_layer":"road","kind":"road_centerline","bridge":false,"major":true},"geometry":{"type":"LineString","coordinates":[[138.91420126,35.31922223],[138.91435146,35.31881953],[138.91490936,35.31834681]]},"id":"gsi-12-3628-1617-road-85"},{"type":"Feature","properties":{"ftCode":2701,"motorway":1,"rnkWidth":3,"rdCtg":3,"tollSect":1,"source_layer":"road","kind":"road_centerline","bridge":false,"major":true},"geometry":{"type":"LineString","coordinates":[[138.91707659,35.32281134],[138.91694784,35.3239143]]},"id":"gsi-12-3628-1617-road-86"},{"type":"Feature","properties":{"ftCode":2701,"motorway":9,"rnkWidth":4,"rdCtg":0,"tollSect":9,"source_layer":"road","kind":"road_centerline","bridge":false,"major":true},"geometry":{"type":"LineString","coordinates":[[138.92980099,35.31736633],[138.93016577,35.31843435],[138.9308095,35.32116562],[138.93188238,35.32524484],[138.93190384,35.3259101],[138.9316678,35.32774829],[138.93173218,35.32851857],[138.93181801,35.32879867],[138.93492937,35.33520568],[138.93546581,35.33616844]]},"id":"gsi-12-3628-1617-road-87"},{"type":"Feature","properties":{"ftCode":2701,"motorway":9,"rnkWidth":2,"rdCtg":1,"tollSect":9,"source_layer":"road","kind":"road_centerline","bridge":false,"major":true},"geometry":{"type":"LineString","coordinates":[[138.92662525,35.35253356],[138.92870665,35.35263857],[138.93392086,35.35361862],[138.93679619,35.35398614],[138.93720388,35.35395114],[138.93776178,35.35360112],[138.93889904,35.35235855],[138.94106627,35.35078344],[138.94565821,35.34994337],[138.94670963,35.34987336],[138.94726753,35.34973335],[138.95076513,35.34756312],[138.9527607,35.3466355],[138.95394087,35.34623294],[138.95507812,35.34516529]]},"id":"gsi-12-3628-1617-road-88"},{"type":"Feature","properties":{"ftCode":2703,"motorway":9,"rnkWidth":4,"rdCtg":0,"tollSect":9,"source_layer":"road","kind":"road_centerline","bridge":true,"major":true},"geometry":{"type":"LineString","coordinates":[[138.93546581,35.33616844],[138.93561602,35.33637849]]},"id":"gsi-12-3628-1617-road-89"},{"type":"Feature","properties":{"ftCode":2701,"motorway":9,"rnkWidth":4,"rdCtg":0,"tollSect":9,"source_layer":"road","kind":"road_centerline","bridge":false,"major":true},"geometry":{"type":"LineString","coordinates":[[138.93561602,35.33637849],[138.9362812,35.33695614],[138.93720388,35.33739375],[138.94366264,35.33944173],[138.94522905,35.34000185],[138.94587278,35.34042194],[138.94613028,35.34068449],[138.94778252,35.34288992]]},"id":"gsi-12-3628-1617-road-90"},{"type":"Feature","properties":{"ftCode":2701,"motorway":9,"rnkWidth":4,"rdCtg":0,"tollSect":9,"source_layer":"road","kind":"road_centerline","bridge":false,"major":true},"geometry":{"type":"LineString","coordinates":[[138.94990683,35.34702055],[138.94971371,35.34584789],[138.94949913,35.3452528],[138.94915581,35.34469272],[138.94801855,35.34318747]]},"id":"gsi-12-3628-1617-road-91"},{"type":"Feature","properties":{"ftCode":2703,"motorway":9,"rnkWidth":4,"rdCtg":0,"tollSect":9,"source_layer":"road","kind":"road_centerline","bridge":true,"major":true},"geometry":{"type":"LineString","coordinates":[[138.95207405,35.35036341],[138.95233154,35.35066093]]},"id":"gsi-12-3628-1617-road-92"},{"type":"Feature","properties":{"ftCode":2701,"motorway":9,"rnkWidth":4,"rdCtg":0,"tollSect":9,"source_layer":"road","kind":"road_centerline","bridge":false,"major":true},"geometry":{"type":"LineString","coordinates":[[138.95001411,35.34733559],[138.95027161,35.34798317],[138.95057201,35.34845572],[138.95207405,35.35036341]]},"id":"gsi-12-3628-1617-road-93"},{"type":"Feature","properties":{"ftCode":2701,"motorway":9,"rnkWidth":4,"rdCtg":0,"tollSect":9,"source_layer":"road","kind":"road_centerline","bridge":false,"major":true},"geometry":{"type":"LineString","coordinates":[[138.95233154,35.35066093],[138.95327568,35.35181602]]},"id":"gsi-12-3628-1617-road-94"},{"type":"Feature","properties":{"ftCode":2701,"motorway":9,"rnkWidth":2,"rdCtg":0,"tollSect":9,"source_layer":"road","kind":"road_centerline","bridge":false,"major":true},"geometry":{"type":"LineString","coordinates":[[138.9534688,35.35218354],[138.95327568,35.35181602]]},"id":"gsi-12-3628-1617-road-95"},{"type":"Feature","properties":{"ftCode":2701,"motorway":9,"rnkWidth":2,"rdCtg":0,"tollSect":9,"source_layer":"road","kind":"road_centerline","bridge":false,"major":true},"geometry":{"type":"LineString","coordinates":[[138.95314693,35.35165851],[138.95359755,35.35216604]]},"id":"gsi-12-3628-1617-road-96"},{"type":"Feature","properties":{"ftCode":2703,"motorway":9,"rnkWidth":2,"rdCtg":0,"tollSect":9,"source_layer":"road","kind":"road_centerline","bridge":true,"major":true},"geometry":{"type":"LineString","coordinates":[[138.95424128,35.35384613],[138.9534688,35.35218354]]},"id":"gsi-12-3628-1617-road-97"},{"type":"Feature","properties":{"ftCode":2703,"motorway":9,"rnkWidth":2,"rdCtg":0,"tollSect":9,"source_layer":"road","kind":"road_centerline","bridge":true,"major":true},"geometry":{"type":"LineString","coordinates":[[138.95359755,35.35216604],[138.95439148,35.35381113]]},"id":"gsi-12-3628-1617-road-98"},{"type":"Feature","properties":{"ftCode":2703,"motorway":9,"rnkWidth":4,"rdCtg":0,"tollSect":9,"source_layer":"road","kind":"road_centerline","bridge":true,"major":true},"geometry":{"type":"LineString","coordinates":[[138.94990683,35.34702055],[138.95001411,35.34733559]]},"id":"gsi-12-3628-1617-road-99"},{"type":"Feature","properties":{"ftCode":2703,"motorway":9,"rnkWidth":4,"rdCtg":0,"tollSect":9,"source_layer":"road","kind":"road_centerline","bridge":true,"major":true},"geometry":{"type":"LineString","coordinates":[[138.94778252,35.34288992],[138.94801855,35.34318747]]},"id":"gsi-12-3628-1617-road-100"},{"type":"Feature","properties":{"ftCode":2701,"motorway":9,"rnkWidth":2,"rdCtg":1,"tollSect":9,"source_layer":"road","kind":"road_centerline","bridge":false,"major":true},"geometry":{"type":"LineString","coordinates":[[138.95404816,35.34211978],[138.95372629,35.34192724],[138.95342588,35.34189223],[138.95188093,35.34194474],[138.95117283,35.34187473],[138.94879103,35.34129712],[138.94849062,35.34112208],[138.94821167,35.34075451],[138.94756794,35.3393017],[138.94713879,35.33753378],[138.94505739,35.33489059]]},"id":"gsi-12-3628-1617-road-101"},{"type":"Feature","properties":{"ftCode":2703,"motorway":9,"rnkWidth":2,"rdCtg":1,"tollSect":9,"source_layer":"road","kind":"road_centerline","bridge":true,"major":true},"geometry":{"type":"LineString","coordinates":[[138.95432711,35.34241733],[138.95404816,35.34211978]]},"id":"gsi-12-3628-1617-road-102"},{"type":"Feature","properties":{"ftCode":2701,"motorway":9,"rnkWidth":2,"rdCtg":1,"tollSect":9,"source_layer":"road","kind":"road_centerline","bridge":false,"major":true},"geometry":{"type":"LineString","coordinates":[[138.94505739,35.3349081],[138.94473553,35.33448798],[138.94286871,35.33068932],[138.94276142,35.3303392],[138.94346952,35.32429946],[138.94310474,35.32251371],[138.94233227,35.31934478],[138.94233227,35.31841684],[138.94280434,35.31736633]]},"id":"gsi-12-3628-1617-road-103"},{"type":"Feature","properties":{"ftCode":2701,"motorway":9,"rnkWidth":2,"rdCtg":1,"tollSect":9,"source_layer":"road","kind":"road_centerline","bridge":false,"major":true},"geometry":{"type":"LineString","coordinates":[[138.94505739,35.33489059],[138.94505739,35.3349081]]},"id":"gsi-12-3628-1617-road-104"},{"type":"Feature","properties":{"ftCode":2701,"motorway":9,"rnkWidth":2,"rdCtg":1,"tollSect":9,"source_layer":"road","kind":"road_centerline","bridge":false,"major":true},"geometry":{"type":"LineString","coordinates":[[138.94505739,35.33489059],[138.94690275,35.33452299],[138.94891977,35.33391031],[138.94945621,35.3338578],[138.95121574,35.33403285],[138.95160198,35.33424291],[138.95226717,35.33489059],[138.95254612,35.33499562],[138.95507812,35.33518817]]},"id":"gsi-12-3628-1617-road-105"},{"type":"Feature","properties":{"ftCode":2701,"motorway":9,"rnkWidth":2,"rdCtg":1,"tollSect":9,"source_layer":"road","kind":"road_centerline","bridge":false,"major":true},"geometry":{"type":"LineString","coordinates":[[138.94411325,35.31736633],[138.94430637,35.31754142],[138.94529343,35.31799664],[138.94619465,35.3183293],[138.94932747,35.31939731],[138.95057201,35.31969495],[138.95237446,35.32071041],[138.95325422,35.32088549],[138.95484209,35.32181341],[138.95507812,35.32184842]]},"id":"gsi-12-3628-1617-road-106"},{"type":"Feature","properties":{"ftCode":2701,"motorway":9,"rnkWidth":4,"rdCtg":0,"tollSect":9,"source_layer":"road","kind":"road_centerline","bridge":false,"major":true},"geometry":{"type":"LineString","coordinates":[[138.95439148,35.35393363],[138.95467043,35.35416114],[138.95507812,35.35428365]]},"id":"gsi-12-3628-1617-road-107"},{"type":"Feature","properties":{"ftCode":2701,"motorway":9,"rnkWidth":2,"rdCtg":1,"tollSect":9,"source_layer":"road","kind":"road_centerline","bridge":false,"major":true},"geometry":{"type":"LineString","coordinates":[[138.95432711,35.34241733],[138.95456314,35.34260987],[138.95507812,35.34267988]]},"id":"gsi-12-3628-1617-road-108"},{"type":"Feature","properties":{"ftCode":2701,"motorway":9,"rnkWidth":2,"rdCtg":0,"tollSect":9,"source_layer":"road","kind":"road_centerline","bridge":false,"major":true},"geometry":{"type":"LineString","coordinates":[[138.90673399,35.31736633],[138.90664816,35.31920472],[138.90722752,35.32172587],[138.90739918,35.32200599],[138.90847206,35.3229689],[138.90975952,35.32361668]]},"id":"gsi-12-3628-1617-road-109"},{"type":"Feature","properties":{"ftCode":2701,"motorway":0,"rnkWidth":4,"rdCtg":0,"tollSect":0,"source_layer":"road","kind":"road_centerline","bridge":false,"major":true},"geometry":{"type":"LineString","coordinates":[[138.91104698,35.3202377],[138.91016722,35.31736633]]},"id":"gsi-12-3628-1617-road-110"},{"type":"Feature","properties":{"ftCode":2701,"motorway":9,"rnkWidth":2,"rdCtg":1,"tollSect":9,"source_layer":"road","kind":"road_centerline","bridge":false,"major":true},"geometry":{"type":"LineString","coordinates":[[138.91490936,35.31834681],[138.91576767,35.31736633]]},"id":"gsi-12-3628-1617-road-111"},{"type":"Feature","properties":{"ftCode":2701,"motorway":0,"rnkWidth":2,"rdCtg":0,"tollSect":0,"source_layer":"road","kind":"road_centerline","bridge":false,"major":true},"geometry":{"type":"LineString","coordinates":[[138.91862154,35.31736633],[138.91780615,35.31782155],[138.91664743,35.31834681],[138.91420126,35.31922223]]},"id":"gsi-12-3628-1617-road-112"},{"type":"Feature","properties":{"ftCode":2703,"motorway":1,"rnkWidth":3,"rdCtg":3,"tollSect":1,"source_layer":"road","kind":"road_centerline","bridge":true,"major":true},"geometry":{"type":"LineString","coordinates":[[138.91774178,35.31736633],[138.91731262,35.32051783],[138.91707659,35.32281134]]},"id":"gsi-12-3628-1617-road-113"},{"type":"Feature","properties":{"ftCode":2701,"motorway":9,"rnkWidth":2,"rdCtg":1,"tollSect":9,"source_layer":"road","kind":"road_centerline","bridge":false,"major":true},"geometry":{"type":"LineString","coordinates":[[138.89576912,35.31428475],[138.8948679,35.31477501],[138.89407396,35.3153353],[138.89373064,35.31570299],[138.8933444,35.31598313],[138.89216423,35.31668349],[138.89076948,35.31736633]]},"id":"gsi-12-3628-1618-road-0"},{"type":"Feature","properties":{"ftCode":2701,"motorway":9,"rnkWidth":2,"rdCtg":1,"tollSect":9,"source_layer":"road","kind":"road_centerline","bridge":false,"major":true},"geometry":{"type":"LineString","coordinates":[[138.86931181,35.29271039],[138.8671875,35.2908714]]},"id":"gsi-12-3628-1618-road-1"},{"type":"Feature","properties":{"ftCode":2701,"motorway":9,"rnkWidth":2,"rdCtg":0,"tollSect":9,"source_layer":"road","kind":"road_centerline","bridge":false,"major":true},"geometry":{"type":"LineString","coordinates":[[138.8671875,35.26410499],[138.86823893,35.26478827],[138.86907578,35.26557667],[138.86965513,35.26643514],[138.869977,35.26739872]]},"id":"gsi-12-3628-1618-road-2"},{"type":"Feature","properties":{"ftCode":2701,"motorway":9,"rnkWidth":4,"rdCtg":0,"tollSect":9,"source_layer":"road","kind":"road_centerline","bridge":false,"major":true},"geometry":{"type":"LineString","coordinates":[[138.92855644,35.31459991],[138.92935038,35.31615822],[138.92980099,35.31736633]]},"id":"gsi-12-3628-1618-road-4"},{"type":"Feature","properties":{"ftCode":2701,"motorway":9,"rnkWidth":2,"rdCtg":1,"tollSect":9,"source_layer":"road","kind":"road_centerline","bridge":false,"major":true},"geometry":{"type":"LineString","coordinates":[[138.94280434,35.31736633],[138.94295454,35.31706868],[138.94304037,35.31663096]]},"id":"gsi-12-3628-1618-road-5"},{"type":"Feature","properties":{"ftCode":2701,"motorway":9,"rnkWidth":2,"rdCtg":1,"tollSect":9,"source_layer":"road","kind":"road_centerline","bridge":false,"major":true},"geometry":{"type":"LineString","coordinates":[[138.94304037,35.31663096],[138.94402742,35.31724377],[138.94411325,35.31736633]]},"id":"gsi-12-3628-1618-road-6"},{"type":"Feature","properties":{"ftCode":2701,"motorway":9,"rnkWidth":2,"rdCtg":1,"tollSect":9,"source_layer":"road","kind":"road_centerline","bridge":false,"major":true},"geometry":{"type":"LineString","coordinates":[[138.87937546,35.30172959],[138.8795042,35.30236002],[138.88188601,35.30558215],[138.88235807,35.30608997],[138.88375282,35.30717565],[138.88456821,35.30778853],[138.88540506,35.30819127],[138.88815165,35.30894423],[138.88853788,35.30924191],[138.88995409,35.31122056],[138.89038324,35.31169333],[138.89076948,35.31192095],[138.89559746,35.31405713],[138.89576912,35.31428475]]},"id":"gsi-12-3628-1618-road-7"},{"type":"Feature","properties":{"ftCode":2703,"motorway":9,"rnkWidth":2,"rdCtg":1,"tollSect":9,"source_layer":"road","kind":"road_centerline","bridge":true,"major":true},"geometry":{"type":"LineString","coordinates":[[138.86931181,35.29271039],[138.86986971,35.29295558]]},"id":"gsi-12-3628-1618-road-8"},{"type":"Feature","properties":{"ftCode":2701,"motorway":9,"rnkWidth":2,"rdCtg":1,"tollSect":9,"source_layer":"road","kind":"road_centerline","bridge":false,"major":true},"geometry":{"type":"LineString","coordinates":[[138.87021303,35.29299061],[138.86986971,35.29295558]]},"id":"gsi-12-3628-1618-road-9"},{"type":"Feature","properties":{"ftCode":2701,"motorway":0,"rnkWidth":2,"rdCtg":1,"tollSect":0,"source_layer":"road","kind":"road_centerline","bridge":false,"major":true},"geometry":{"type":"LineString","coordinates":[[138.87021303,35.29299061],[138.87094259,35.29304315],[138.87113571,35.29313072]]},"id":"gsi-12-3628-1618-road-10"},{"type":"Feature","properties":{"ftCode":2701,"motorway":9,"rnkWidth":2,"rdCtg":1,"tollSect":9,"source_layer":"road","kind":"road_centerline","bridge":false,"major":true},"geometry":{"type":"LineString","coordinates":[[138.87113571,35.29313072],[138.87143612,35.29334089],[138.8730669,35.29512728],[138.87714386,35.29826213],[138.87819529,35.29933041],[138.87845278,35.29966314],[138.87868881,35.30011847],[138.87937546,35.30172959]]},"id":"gsi-12-3628-1618-road-11"},{"type":"Feature","properties":{"ftCode":2701,"motorway":9,"rnkWidth":2,"rdCtg":0,"tollSect":9,"source_layer":"road","kind":"road_centerline","bridge":false,"major":true},"geometry":{"type":"LineString","coordinates":[[138.88735771,35.28694808],[138.88682127,35.28647517],[138.88435364,35.2850389],[138.88409615,35.28453094],[138.8838172,35.28363763],[138.88362408,35.28335738],[138.88332367,35.28307712],[138.88280869,35.28288444],[138.88175726,35.28274431],[138.88111353,35.28244654],[138.87984753,35.28074745]]},"id":"gsi-12-3628-1618-road-12"},{"type":"Feature","properties":{"ftCode":2703,"motorway":9,"rnkWidth":2,"rdCtg":0,"tollSect":9,"source_layer":"road","kind":"road_centerline","bridge":true,"major":true},"geometry":{"type":"LineString","coordinates":[[138.88735771,35.28694808],[138.88774395,35.28728087]]},"id":"gsi-12-3628-1618-road-13"},{"type":"Feature","properties":{"ftCode":2701,"motorway":9,"rnkWidth":2,"rdCtg":0,"tollSect":9,"source_layer":"road","kind":"road_centerline","bridge":false,"major":true},"geometry":{"type":"LineString","coordinates":[[138.88774395,35.28728087],[138.8909626,35.29008325],[138.89993191,35.29460188],[138.90162706,35.29560014],[138.90317202,35.29696618],[138.90503883,35.29791188],[138.90690565,35.29873498],[138.90795708,35.29933041],[138.90769958,35.29964563],[138.90712023,35.30011847],[138.90692711,35.30041618],[138.90596151,35.30302547],[138.90542507,35.30707059],[138.9053607,35.30834887],[138.90469551,35.31132562],[138.90626192,35.31531779],[138.90671253,35.31624577],[138.90673399,35.31736633]]},"id":"gsi-12-3628-1618-road-14"},{"type":"Feature","properties":{"ftCode":2701,"motorway":0,"rnkWidth":4,"rdCtg":0,"tollSect":0,"source_layer":"road","kind":"road_centerline","bridge":false,"major":true},"geometry":{"type":"LineString","coordinates":[[138.91016722,35.31736633],[138.90902996,35.3136369]]},"id":"gsi-12-3628-1618-road-15"},{"type":"Feature","properties":{"ftCode":2701,"motorway":9,"rnkWidth":2,"rdCtg":1,"tollSect":9,"source_layer":"road","kind":"road_centerline","bridge":false,"major":true},"geometry":{"type":"LineString","coordinates":[[138.9175272,35.30672037],[138.91621828,35.30729823],[138.91520977,35.30763093],[138.91450167,35.30778853],[138.91128302,35.30827883],[138.91063929,35.30845393],[138.90875101,35.30913684],[138.90739918,35.30981975],[138.90548944,35.31102795],[138.90126228,35.31316414],[138.89999628,35.31354935],[138.89688492,35.31403962],[138.89576912,35.31428475]]},"id":"gsi-12-3628-1618-road-16"},{"type":"Feature","properties":{"ftCode":2701,"motorway":9,"rnkWidth":2,"rdCtg":1,"tollSect":9,"source_layer":"road","kind":"road_centerline","bridge":false,"major":true},"geometry":{"type":"LineString","coordinates":[[138.91130447,35.27976651],[138.90948057,35.28148314],[138.90600443,35.28383031],[138.90360117,35.28591467],[138.90278578,35.28630001],[138.89860153,35.28740347],[138.89701366,35.2888397],[138.89027596,35.29409398],[138.88907433,35.29456685],[138.88525486,35.29589787],[138.8850832,35.29603798],[138.88493299,35.29598544],[138.88446093,35.29621311],[138.88332367,35.29714131],[138.88096333,35.29924284],[138.88042688,35.29994334],[138.87952566,35.30158949],[138.87937546,35.30172959]]},"id":"gsi-12-3628-1618-road-17"},{"type":"Feature","properties":{"ftCode":2701,"motorway":9,"rnkWidth":2,"rdCtg":0,"tollSect":9,"source_layer":"road","kind":"road_centerline","bridge":false,"major":true},"geometry":{"type":"LineString","coordinates":[[138.87145758,35.27116531],[138.87373209,35.27424854]]},"id":"gsi-12-3628-1618-road-18"},{"type":"Feature","properties":{"ftCode":2703,"motorway":9,"rnkWidth":2,"rdCtg":0,"tollSect":9,"source_layer":"road","kind":"road_centerline","bridge":true,"major":true},"geometry":{"type":"LineString","coordinates":[[138.8752985,35.27769951],[138.87553453,35.27792723]]},"id":"gsi-12-3628-1618-road-19"},{"type":"Feature","properties":{"ftCode":2701,"motorway":9,"rnkWidth":2,"rdCtg":0,"tollSect":9,"source_layer":"road","kind":"road_centerline","bridge":false,"major":true},"geometry":{"type":"LineString","coordinates":[[138.87954712,35.28032705],[138.87913942,35.27973148],[138.87843132,35.27913591],[138.87800217,35.27889067],[138.87639284,35.27840019]]},"id":"gsi-12-3628-1618-road-20"},{"type":"Feature","properties":{"ftCode":2703,"motorway":9,"rnkWidth":2,"rdCtg":0,"tollSect":9,"source_layer":"road","kind":"road_centerline","bridge":true,"major":true},"geometry":{"type":"LineString","coordinates":[[138.8760066,35.27822502],[138.87639284,35.27840019]]},"id":"gsi-12-3628-1618-road-21"},{"type":"Feature","properties":{"ftCode":2701,"motorway":9,"rnkWidth":2,"rdCtg":0,"tollSect":9,"source_layer":"road","kind":"road_centerline","bridge":false,"major":true},"geometry":{"type":"LineString","coordinates":[[138.87553453,35.27792723],[138.8760066,35.27822502]]},"id":"gsi-12-3628-1618-road-22"},{"type":"Feature","properties":{"ftCode":2701,"motorway":9,"rnkWidth":2,"rdCtg":0,"tollSect":9,"source_layer":"road","kind":"road_centerline","bridge":false,"major":true},"geometry":{"type":"LineString","coordinates":[[138.87386084,35.27445875],[138.87435436,35.27543975],[138.87469769,35.27685867],[138.87486935,35.27719151],[138.8752985,35.27769951]]},"id":"gsi-12-3628-1618-road-23"},{"type":"Feature","properties":{"ftCode":2703,"motorway":9,"rnkWidth":2,"rdCtg":0,"tollSect":9,"source_layer":"road","kind":"road_centerline","bridge":true,"major":true},"geometry":{"type":"LineString","coordinates":[[138.87373209,35.27424854],[138.87386084,35.27445875]]},"id":"gsi-12-3628-1618-road-24"},{"type":"Feature","properties":{"ftCode":2703,"motorway":9,"rnkWidth":2,"rdCtg":0,"tollSect":9,"source_layer":"road","kind":"road_centerline","bridge":true,"major":true},"geometry":{"type":"LineString","coordinates":[[138.87145758,35.27116531],[138.87132883,35.27099013]]},"id":"gsi-12-3628-1618-road-25"},{"type":"Feature","properties":{"ftCode":2701,"motorway":9,"rnkWidth":2,"rdCtg":0,"tollSect":9,"source_layer":"road","kind":"road_centerline","bridge":false,"major":true},"geometry":{"type":"LineString","coordinates":[[138.87008429,35.26773159],[138.87085676,35.27013171],[138.87132883,35.27099013]]},"id":"gsi-12-3628-1618-road-26"},{"type":"Feature","properties":{"ftCode":2703,"motorway":9,"rnkWidth":2,"rdCtg":0,"tollSect":9,"source_layer":"road","kind":"road_centerline","bridge":true,"major":true},"geometry":{"type":"LineString","coordinates":[[138.87008429,35.26773159],[138.869977,35.26739872]]},"id":"gsi-12-3628-1618-road-27"},{"type":"Feature","properties":{"ftCode":2701,"motorway":0,"rnkWidth":2,"rdCtg":0,"tollSect":0,"source_layer":"road","kind":"road_centerline","bridge":false,"major":true},"geometry":{"type":"LineString","coordinates":[[138.87984753,35.28074745],[138.87954712,35.28032705]]},"id":"gsi-12-3628-1618-road-28"},{"type":"Feature","properties":{"ftCode":2703,"motorway":1,"rnkWidth":4,"rdCtg":3,"tollSect":1,"source_layer":"road","kind":"road_centerline","bridge":true,"major":true},"geometry":{"type":"LineString","coordinates":[[138.91085386,35.27142809],[138.91104698,35.274704]]},"id":"gsi-12-3628-1618-road-29"},{"type":"Feature","properties":{"ftCode":2703,"motorway":1,"rnkWidth":1,"rdCtg":3,"tollSect":1,"source_layer":"road","kind":"road_centerline","bridge":true,"major":true},"geometry":{"type":"LineString","coordinates":[[138.91085386,35.27142809],[138.9106822,35.27114779],[138.91059637,35.27039449],[138.91059637,35.26830972],[138.91074657,35.26587451],[138.9106822,35.26450795],[138.91046762,35.26322898],[138.90999556,35.26166965]]},"id":"gsi-12-3628-1618-road-30"},{"type":"Feature","properties":{"ftCode":2703,"motorway":1,"rnkWidth":3,"rdCtg":3,"tollSect":1,"source_layer":"road","kind":"road_centerline","bridge":true,"major":true},"geometry":{"type":"LineString","coordinates":[[138.91085386,35.27142809],[138.91093969,35.26753887],[138.91119719,35.26354434],[138.91121864,35.26065344],[138.91113281,35.25834065]]},"id":"gsi-12-3628-1618-road-31"},{"type":"Feature","properties":{"ftCode":2703,"motorway":1,"rnkWidth":4,"rdCtg":3,"tollSect":1,"source_layer":"road","kind":"road_centerline","bridge":true,"major":true},"geometry":{"type":"LineString","coordinates":[[138.91072512,35.2625632],[138.9110899,35.26326402]]},"id":"gsi-12-3628-1618-road-32"},{"type":"Feature","properties":{"ftCode":2701,"motorway":1,"rnkWidth":1,"rdCtg":3,"tollSect":1,"source_layer":"road","kind":"road_centerline","bridge":false,"major":true},"geometry":{"type":"LineString","coordinates":[[138.90999556,35.26166965],[138.90933037,35.25972483],[138.90918016,35.25898894],[138.90918016,35.2575697],[138.90939474,35.25674618]]},"id":"gsi-12-3628-1618-road-33"},{"type":"Feature","properties":{"ftCode":2701,"motorway":1,"rnkWidth":4,"rdCtg":3,"tollSect":1,"source_layer":"road","kind":"road_centerline","bridge":false,"major":true},"geometry":{"type":"LineString","coordinates":[[138.90945911,35.25788509],[138.90999556,35.26058336],[138.91072512,35.2625632]]},"id":"gsi-12-3628-1618-road-34"},{"type":"Feature","properties":{"ftCode":2701,"motorway":1,"rnkWidth":1,"rdCtg":3,"tollSect":1,"source_layer":"road","kind":"road_centerline","bridge":false,"major":true},"geometry":{"type":"LineString","coordinates":[[138.91089678,35.26142436],[138.91040325,35.26011029]]},"id":"gsi-12-3628-1618-road-35"},{"type":"Feature","properties":{"ftCode":2703,"motorway":1,"rnkWidth":4,"rdCtg":3,"tollSect":1,"source_layer":"road","kind":"road_centerline","bridge":true,"major":true},"geometry":{"type":"LineString","coordinates":[[138.9094162,35.25728935],[138.90945911,35.25788509]]},"id":"gsi-12-3628-1618-road-36"},{"type":"Feature","properties":{"ftCode":2703,"motorway":1,"rnkWidth":1,"rdCtg":3,"tollSect":1,"source_layer":"road","kind":"road_centerline","bridge":true,"major":true},"geometry":{"type":"LineString","coordinates":[[138.91040325,35.26011029],[138.90982389,35.25835817],[138.90965223,35.25718422]]},"id":"gsi-12-3628-1618-road-37"},{"type":"Feature","properties":{"ftCode":2701,"motorway":1,"rnkWidth":1,"rdCtg":3,"tollSect":1,"source_layer":"road","kind":"road_centerline","bridge":false,"major":true},"geometry":{"type":"LineString","coordinates":[[138.90965223,35.25718422],[138.90958786,35.25611539],[138.90939474,35.25557221]]},"id":"gsi-12-3628-1618-road-38"},{"type":"Feature","properties":{"ftCode":2703,"motorway":1,"rnkWidth":2,"rdCtg":3,"tollSect":1,"source_layer":"road","kind":"road_centerline","bridge":true,"major":true},"geometry":{"type":"LineString","coordinates":[[138.90827894,35.24561909],[138.9095664,35.24852805],[138.91021013,35.25052571],[138.91074657,35.25294387],[138.91106844,35.25513416],[138.91134739,35.25783252],[138.91162634,35.26266832],[138.91186237,35.26354434],[138.91231298,35.26463059],[138.91351461,35.26643514]]},"id":"gsi-12-3628-1618-road-39"},{"type":"Feature","properties":{"ftCode":2703,"motorway":1,"rnkWidth":1,"rdCtg":3,"tollSect":1,"source_layer":"road","kind":"road_centerline","bridge":true,"major":true},"geometry":{"type":"LineString","coordinates":[[138.91033888,35.25266351],[138.91051054,35.25297891],[138.91059637,35.25348707],[138.91076803,35.25480124],[138.91106844,35.25834065],[138.91119719,35.25834065],[138.91098261,35.25553717],[138.91106844,35.25513416]]},"id":"gsi-12-3628-1618-road-40"},{"type":"Feature","properties":{"ftCode":2701,"motorway":1,"rnkWidth":1,"rdCtg":3,"tollSect":0,"source_layer":"road","kind":"road_centerline","bridge":false,"major":true},"geometry":{"type":"LineString","coordinates":[[138.90795708,35.25376743],[138.90840769,35.25385504],[138.90849352,35.25378495],[138.90840769,35.25366229]]},"id":"gsi-12-3628-1618-road-41"},{"type":"Feature","properties":{"ftCode":2703,"motorway":1,"rnkWidth":2,"rdCtg":3,"tollSect":1,"source_layer":"road","kind":"road_centerline","bridge":true,"major":true},"geometry":{"type":"LineString","coordinates":[[138.90804291,35.24561909],[138.90842915,35.24637263],[138.90935183,35.24859815],[138.90980244,35.25000002],[138.91021013,35.25171728],[138.91059637,35.25439823],[138.91078949,35.25639574],[138.91081095,35.25956714],[138.91057491,35.26144188],[138.91057491,35.26251064],[138.91087532,35.26375459],[138.9112401,35.26450795]]},"id":"gsi-12-3628-1618-road-42"},{"type":"Feature","properties":{"ftCode":2701,"motorway":1,"rnkWidth":1,"rdCtg":3,"tollSect":1,"source_layer":"road","kind":"road_centerline","bridge":false,"major":true},"geometry":{"type":"LineString","coordinates":[[138.90840769,35.25385504],[138.90879393,35.25385504]]},"id":"gsi-12-3628-1618-road-43"},{"type":"Feature","properties":{"ftCode":2701,"motorway":1,"rnkWidth":1,"rdCtg":3,"tollSect":0,"source_layer":"road","kind":"road_centerline","bridge":false,"major":true},"geometry":{"type":"LineString","coordinates":[[138.90857935,35.25366229],[138.90877247,35.25366229]]},"id":"gsi-12-3628-1618-road-44"},{"type":"Feature","properties":{"ftCode":2701,"motorway":1,"rnkWidth":1,"rdCtg":3,"tollSect":1,"source_layer":"road","kind":"road_centerline","bridge":false,"major":true},"geometry":{"type":"LineString","coordinates":[[138.90879393,35.25385504],[138.90933037,35.2539076]]},"id":"gsi-12-3628-1618-road-45"},{"type":"Feature","properties":{"ftCode":2701,"motorway":1,"rnkWidth":1,"rdCtg":3,"tollSect":1,"source_layer":"road","kind":"road_centerline","bridge":false,"major":true},"geometry":{"type":"LineString","coordinates":[[138.90933037,35.2539076],[138.90930891,35.25420548],[138.90943766,35.2547662]]},"id":"gsi-12-3628-1618-road-46"},{"type":"Feature","properties":{"ftCode":2701,"motorway":1,"rnkWidth":1,"rdCtg":3,"tollSect":1,"source_layer":"road","kind":"road_centerline","bridge":false,"major":true},"geometry":{"type":"LineString","coordinates":[[138.90879393,35.25385504],[138.90868664,35.25376743],[138.90875101,35.25366229],[138.90907288,35.25366229],[138.90913725,35.25360972],[138.90911579,35.25332936],[138.90922308,35.25271607]]},"id":"gsi-12-3628-1618-road-47"},{"type":"Feature","properties":{"ftCode":2701,"motorway":1,"rnkWidth":1,"rdCtg":3,"tollSect":1,"source_layer":"road","kind":"road_centerline","bridge":false,"major":true},"geometry":{"type":"LineString","coordinates":[[138.90922308,35.25271607],[138.90948057,35.25294387],[138.90933037,35.2539076]]},"id":"gsi-12-3628-1618-road-48"},{"type":"Feature","properties":{"ftCode":2701,"motorway":1,"rnkWidth":4,"rdCtg":3,"tollSect":1,"source_layer":"road","kind":"road_centerline","bridge":false,"major":true},"geometry":{"type":"LineString","coordinates":[[138.91016722,35.24816006],[138.91023159,35.24872081],[138.91023159,35.25000002],[138.9101243,35.25096379],[138.90943766,35.2547662],[138.90937328,35.25587009],[138.9094162,35.25728935]]},"id":"gsi-12-3628-1618-road-49"},{"type":"Feature","properties":{"ftCode":2701,"motorway":1,"rnkWidth":1,"rdCtg":3,"tollSect":1,"source_layer":"road","kind":"road_centerline","bridge":false,"major":true},"geometry":{"type":"LineString","coordinates":[[138.9101243,35.25096379],[138.90984535,35.25143691],[138.90969515,35.25191003],[138.90922308,35.25271607]]},"id":"gsi-12-3628-1618-road-50"},{"type":"Feature","properties":{"ftCode":2701,"motorway":9,"rnkWidth":4,"rdCtg":0,"tollSect":9,"source_layer":"road","kind":"road_centerline","bridge":false,"major":true},"geometry":{"type":"LineString","coordinates":[[138.91061783,35.24805492],[138.91078949,35.24940423],[138.91083241,35.25210278],[138.91098261,35.25266351],[138.91151905,35.25362725]]},"id":"gsi-12-3628-1618-road-51"},{"type":"Feature","properties":{"ftCode":2703,"motorway":1,"rnkWidth":4,"rdCtg":3,"tollSect":1,"source_layer":"road","kind":"road_centerline","bridge":true,"major":true},"geometry":{"type":"LineString","coordinates":[[138.91016722,35.24816006],[138.91005993,35.24756425]]},"id":"gsi-12-3628-1618-road-52"},{"type":"Feature","properties":{"ftCode":2703,"motorway":9,"rnkWidth":4,"rdCtg":0,"tollSect":9,"source_layer":"road","kind":"road_centerline","bridge":true,"major":true},"geometry":{"type":"LineString","coordinates":[[138.91042471,35.24742406],[138.91061783,35.24805492]]},"id":"gsi-12-3628-1618-road-53"},{"type":"Feature","properties":{"ftCode":2701,"motorway":9,"rnkWidth":2,"rdCtg":1,"tollSect":9,"source_layer":"road","kind":"road_centerline","bridge":false,"major":true},"geometry":{"type":"LineString","coordinates":[[138.91576767,35.31736633],[138.9164114,35.31661345],[138.91677618,35.3163158],[138.91735554,35.31596562]]},"id":"gsi-12-3628-1618-road-54"},{"type":"Feature","properties":{"ftCode":2701,"motorway":0,"rnkWidth":2,"rdCtg":1,"tollSect":0,"source_layer":"road","kind":"road_centerline","bridge":false,"major":true},"geometry":{"type":"LineString","coordinates":[[138.91849279,35.31524775],[138.91735554,35.31596562]]},"id":"gsi-12-3628-1618-road-55"},{"type":"Feature","properties":{"ftCode":2701,"motorway":0,"rnkWidth":2,"rdCtg":0,"tollSect":0,"source_layer":"road","kind":"road_centerline","bridge":false,"major":true},"geometry":{"type":"LineString","coordinates":[[138.9234066,35.3143898],[138.92209768,35.31512519],[138.91978025,35.31668349],[138.91862154,35.31736633]]},"id":"gsi-12-3628-1618-road-56"},{"type":"Feature","properties":{"ftCode":2701,"motorway":9,"rnkWidth":2,"rdCtg":1,"tollSect":9,"source_layer":"road","kind":"road_centerline","bridge":false,"major":true},"geometry":{"type":"LineString","coordinates":[[138.9217329,35.31255131],[138.92149687,35.31291901],[138.92076731,35.31374196],[138.9204669,35.31398709],[138.91849279,35.31524775]]},"id":"gsi-12-3628-1618-road-57"},{"type":"Feature","properties":{"ftCode":2703,"motorway":9,"rnkWidth":2,"rdCtg":1,"tollSect":9,"source_layer":"road","kind":"road_centerline","bridge":true,"major":true},"geometry":{"type":"LineString","coordinates":[[138.92186165,35.31223613],[138.9217329,35.31255131]]},"id":"gsi-12-3628-1618-road-58"},{"type":"Feature","properties":{"ftCode":2701,"motorway":9,"rnkWidth":2,"rdCtg":1,"tollSect":9,"source_layer":"road","kind":"road_centerline","bridge":false,"major":true},"geometry":{"type":"LineString","coordinates":[[138.92186165,35.31223613],[138.92216206,35.3112906]]},"id":"gsi-12-3628-1618-road-59"},{"type":"Feature","properties":{"ftCode":2703,"motorway":1,"rnkWidth":3,"rdCtg":3,"tollSect":1,"source_layer":"road","kind":"road_centerline","bridge":true,"major":true},"geometry":{"type":"LineString","coordinates":[[138.91349316,35.285722],[138.91387939,35.28717578],[138.91445875,35.2899081],[138.91484499,35.29244768],[138.91523123,35.296073],[138.91551018,35.29761416],[138.91621828,35.300171],[138.91759157,35.30421626],[138.91804218,35.30600241],[138.91836405,35.30794612],[138.91851425,35.31004738],[138.91847134,35.31213107],[138.9182353,35.31423222],[138.91774178,35.31736633]]},"id":"gsi-12-3628-1618-road-60"},{"type":"Feature","properties":{"ftCode":2701,"motorway":0,"rnkWidth":2,"rdCtg":1,"tollSect":0,"source_layer":"road","kind":"road_centerline","bridge":false,"major":true},"geometry":{"type":"LineString","coordinates":[[138.91883612,35.3061425],[138.9175272,35.30672037]]},"id":"gsi-12-3628-1618-road-61"},{"type":"Feature","properties":{"ftCode":2701,"motorway":0,"rnkWidth":3,"rdCtg":0,"tollSect":0,"source_layer":"road","kind":"road_centerline","bridge":false,"major":true},"geometry":{"type":"LineString","coordinates":[[138.92499447,35.31372445],[138.9234066,35.3143898]]},"id":"gsi-12-3628-1618-road-62"},{"type":"Feature","properties":{"ftCode":2703,"motorway":9,"rnkWidth":2,"rdCtg":1,"tollSect":9,"source_layer":"road","kind":"road_centerline","bridge":true,"major":true},"geometry":{"type":"LineString","coordinates":[[138.92226934,35.31101044],[138.92216206,35.3112906]]},"id":"gsi-12-3628-1618-road-63"},{"type":"Feature","properties":{"ftCode":2701,"motorway":9,"rnkWidth":3,"rdCtg":0,"tollSect":9,"source_layer":"road","kind":"road_centerline","bridge":false,"major":true},"geometry":{"type":"LineString","coordinates":[[138.92681837,35.31108048],[138.92739773,35.31227115]]},"id":"gsi-12-3628-1618-road-64"},{"type":"Feature","properties":{"ftCode":2703,"motorway":9,"rnkWidth":3,"rdCtg":0,"tollSect":9,"source_layer":"road","kind":"road_centerline","bridge":true,"major":true},"geometry":{"type":"LineString","coordinates":[[138.92832041,35.31412716],[138.92855644,35.31459991]]},"id":"gsi-12-3628-1618-road-65"},{"type":"Feature","properties":{"ftCode":2701,"motorway":9,"rnkWidth":3,"rdCtg":0,"tollSect":9,"source_layer":"road","kind":"road_centerline","bridge":false,"major":true},"geometry":{"type":"LineString","coordinates":[[138.92795563,35.31337426],[138.92832041,35.31412716]]},"id":"gsi-12-3628-1618-road-66"},{"type":"Feature","properties":{"ftCode":2703,"motorway":9,"rnkWidth":3,"rdCtg":0,"tollSect":9,"source_layer":"road","kind":"road_centerline","bridge":true,"major":true},"geometry":{"type":"LineString","coordinates":[[138.92739773,35.31227115],[138.92795563,35.31337426]]},"id":"gsi-12-3628-1618-road-67"},{"type":"Feature","properties":{"ftCode":2701,"motorway":0,"rnkWidth":4,"rdCtg":0,"tollSect":0,"source_layer":"road","kind":"road_centerline","bridge":false,"major":true},"geometry":{"type":"LineString","coordinates":[[138.93816948,35.30722818],[138.93467188,35.30978473],[138.9338994,35.31027501],[138.93271923,35.31090538],[138.93074512,35.31176337],[138.92499447,35.31372445]]},"id":"gsi-12-3628-1618-road-68"},{"type":"Feature","properties":{"ftCode":2701,"motorway":9,"rnkWidth":4,"rdCtg":0,"tollSect":9,"source_layer":"road","kind":"road_centerline","bridge":false,"major":true},"geometry":{"type":"LineString","coordinates":[[138.92259121,35.3024826],[138.92681837,35.31108048]]},"id":"gsi-12-3628-1618-road-69"},{"type":"Feature","properties":{"ftCode":2703,"motorway":9,"rnkWidth":4,"rdCtg":0,"tollSect":9,"source_layer":"road","kind":"road_centerline","bridge":true,"major":true},"geometry":{"type":"LineString","coordinates":[[138.92239809,35.30211485],[138.92259121,35.3024826]]},"id":"gsi-12-3628-1618-road-70"},{"type":"Feature","properties":{"ftCode":2701,"motorway":9,"rnkWidth":2,"rdCtg":1,"tollSect":9,"source_layer":"road","kind":"road_centerline","bridge":false,"major":true},"geometry":{"type":"LineString","coordinates":[[138.93186092,35.30083647],[138.92829895,35.30286786],[138.92733335,35.30334068],[138.92344952,35.30465405],[138.91947985,35.30587984],[138.91883612,35.3061425]]},"id":"gsi-12-3628-1618-road-71"},{"type":"Feature","properties":{"ftCode":2701,"motorway":9,"rnkWidth":2,"rdCtg":1,"tollSect":9,"source_layer":"road","kind":"road_centerline","bridge":false,"major":true},"geometry":{"type":"LineString","coordinates":[[138.93357754,35.30461902],[138.93121719,35.30542455],[138.93033743,35.30579228],[138.92920017,35.30666783],[138.92748356,35.30756089],[138.92447948,35.30848895],[138.92409325,35.30880414],[138.92336369,35.30960962],[138.92226934,35.31101044]]},"id":"gsi-12-3628-1618-road-72"},{"type":"Feature","properties":{"ftCode":2701,"motorway":9,"rnkWidth":2,"rdCtg":1,"tollSect":9,"source_layer":"road","kind":"road_centerline","bridge":false,"major":true},"geometry":{"type":"LineString","coordinates":[[138.93357754,35.30461902],[138.9327836,35.30271026],[138.93186092,35.30083647]]},"id":"gsi-12-3628-1618-road-73"},{"type":"Feature","properties":{"ftCode":2701,"motorway":9,"rnkWidth":2,"rdCtg":1,"tollSect":9,"source_layer":"road","kind":"road_centerline","bridge":false,"major":true},"geometry":{"type":"LineString","coordinates":[[138.93186092,35.30083647],[138.93254757,35.3004512],[138.933599,35.30006593]]},"id":"gsi-12-3628-1618-road-74"},{"type":"Feature","properties":{"ftCode":2701,"motorway":9,"rnkWidth":4,"rdCtg":0,"tollSect":9,"source_layer":"road","kind":"road_centerline","bridge":false,"major":true},"geometry":{"type":"LineString","coordinates":[[138.9197588,35.29167706],[138.92008066,35.29509226],[138.92042398,35.29775426],[138.92115355,35.29966314],[138.92239809,35.30211485]]},"id":"gsi-12-3628-1618-road-75"},{"type":"Feature","properties":{"ftCode":2701,"motorway":1,"rnkWidth":3,"rdCtg":3,"tollSect":1,"source_layer":"road","kind":"road_centerline","bridge":false,"major":true},"geometry":{"type":"LineString","coordinates":[[138.9129138,35.28383031],[138.91349316,35.285722]]},"id":"gsi-12-3628-1618-road-76"},{"type":"Feature","properties":{"ftCode":2703,"motorway":1,"rnkWidth":4,"rdCtg":3,"tollSect":1,"source_layer":"road","kind":"road_centerline","bridge":true,"major":true},"geometry":{"type":"LineString","coordinates":[[138.91229153,35.28167582],[138.91242027,35.28213125]]},"id":"gsi-12-3628-1618-road-77"},{"type":"Feature","properties":{"ftCode":2701,"motorway":1,"rnkWidth":4,"rdCtg":3,"tollSect":1,"source_layer":"road","kind":"road_centerline","bridge":false,"major":true},"geometry":{"type":"LineString","coordinates":[[138.91242027,35.28213125],[138.9129138,35.28383031]]},"id":"gsi-12-3628-1618-road-78"},{"type":"Feature","properties":{"ftCode":2701,"motorway":0,"rnkWidth":4,"rdCtg":0,"tollSect":0,"source_layer":"road","kind":"road_centerline","bridge":false,"major":true},"geometry":{"type":"LineString","coordinates":[[138.91664743,35.27743675],[138.91750574,35.27817247],[138.91778469,35.2785053],[138.91840696,35.27960886],[138.91860008,35.28030953],[138.9197588,35.29167706]]},"id":"gsi-12-3628-1618-road-79"},{"type":"Feature","properties":{"ftCode":2701,"motorway":9,"rnkWidth":2,"rdCtg":1,"tollSect":9,"source_layer":"road","kind":"road_centerline","bridge":false,"major":true},"geometry":{"type":"LineString","coordinates":[[138.93186092,35.30083647],[138.93145323,35.29997837],[138.93126011,35.29980324],[138.93055201,35.29864741],[138.92907143,35.29575776],[138.92836332,35.29313072],[138.92827749,35.29167706]]},"id":"gsi-12-3628-1618-road-80"},{"type":"Feature","properties":{"ftCode":2701,"motorway":0,"rnkWidth":2,"rdCtg":1,"tollSect":0,"source_layer":"road","kind":"road_centerline","bridge":false,"major":true},"geometry":{"type":"LineString","coordinates":[[138.92821312,35.29108157],[138.92827749,35.29167706]]},"id":"gsi-12-3628-1618-road-81"},{"type":"Feature","properties":{"ftCode":2701,"motorway":1,"rnkWidth":4,"rdCtg":3,"tollSect":1,"source_layer":"road","kind":"road_centerline","bridge":false,"major":true},"geometry":{"type":"LineString","coordinates":[[138.92121792,35.2801694],[138.92287016,35.2819736],[138.92394304,35.28298954],[138.92490864,35.28379528]]},"id":"gsi-12-3628-1618-road-82"},{"type":"Feature","properties":{"ftCode":2703,"motorway":1,"rnkWidth":4,"rdCtg":3,"tollSect":1,"source_layer":"road","kind":"road_centerline","bridge":true,"major":true},"geometry":{"type":"LineString","coordinates":[[138.92490864,35.28379528],[138.92499447,35.28384782]]},"id":"gsi-12-3628-1618-road-83"},{"type":"Feature","properties":{"ftCode":2701,"motorway":1,"rnkWidth":4,"rdCtg":3,"tollSect":1,"source_layer":"road","kind":"road_centerline","bridge":false,"major":true},"geometry":{"type":"LineString","coordinates":[[138.92499447,35.28384782],[138.92686129,35.28521405],[138.92771959,35.28573952]]},"id":"gsi-12-3628-1618-road-84"},{"type":"Feature","properties":{"ftCode":2701,"motorway":0,"rnkWidth":3,"rdCtg":1,"tollSect":0,"source_layer":"road","kind":"road_centerline","bridge":false,"major":true},"geometry":{"type":"LineString","coordinates":[[138.92821312,35.29108157],[138.9281702,35.28834929],[138.92795563,35.28551182]]},"id":"gsi-12-3628-1618-road-85"},{"type":"Feature","properties":{"ftCode":2703,"motorway":1,"rnkWidth":4,"rdCtg":3,"tollSect":1,"source_layer":"road","kind":"road_centerline","bridge":true,"major":true},"geometry":{"type":"LineString","coordinates":[[138.92771959,35.28573952],[138.92868519,35.28630001]]},"id":"gsi-12-3628-1618-road-86"},{"type":"Feature","properties":{"ftCode":2701,"motorway":1,"rnkWidth":4,"rdCtg":3,"tollSect":1,"source_layer":"road","kind":"road_centerline","bridge":false,"major":true},"geometry":{"type":"LineString","coordinates":[[138.92868519,35.28630001],[138.92920017,35.28661529],[138.93113136,35.28756111],[138.93456459,35.28889225]]},"id":"gsi-12-3628-1618-road-87"},{"type":"Feature","properties":{"ftCode":2701,"motorway":9,"rnkWidth":2,"rdCtg":1,"tollSect":9,"source_layer":"road","kind":"road_centerline","bridge":false,"major":true},"geometry":{"type":"LineString","coordinates":[[138.93357754,35.30461902],[138.93529415,35.30794612],[138.93565893,35.30834887],[138.93748283,35.30976722],[138.93909216,35.31136064],[138.93928528,35.3116408],[138.94020796,35.31360188],[138.94102335,35.31484504],[138.94164562,35.31559794],[138.94235373,35.31617573],[138.94304037,35.31663096]]},"id":"gsi-12-3628-1618-road-88"},{"type":"Feature","properties":{"ftCode":2701,"motorway":9,"rnkWidth":2,"rdCtg":1,"tollSect":9,"source_layer":"road","kind":"road_centerline","bridge":false,"major":true},"geometry":{"type":"LineString","coordinates":[[138.93357754,35.30461902],[138.93471479,35.30411119],[138.93544436,35.30362087]]},"id":"gsi-12-3628-1618-road-89"},{"type":"Feature","properties":{"ftCode":2703,"motorway":9,"rnkWidth":2,"rdCtg":1,"tollSect":9,"source_layer":"road","kind":"road_centerline","bridge":true,"major":true},"geometry":{"type":"LineString","coordinates":[[138.93722534,35.30246509],[138.93544436,35.30362087]]},"id":"gsi-12-3628-1618-road-90"},{"type":"Feature","properties":{"ftCode":2703,"motorway":0,"rnkWidth":4,"rdCtg":0,"tollSect":0,"source_layer":"road","kind":"road_centerline","bridge":true,"major":true},"geometry":{"type":"LineString","coordinates":[[138.93816948,35.30722818],[138.94177437,35.30446142]]},"id":"gsi-12-3628-1618-road-91"},{"type":"Feature","properties":{"ftCode":2701,"motorway":0,"rnkWidth":4,"rdCtg":0,"tollSect":0,"source_layer":"road","kind":"road_centerline","bridge":false,"major":true},"geometry":{"type":"LineString","coordinates":[[138.94177437,35.30446142],[138.94610882,35.30111667],[138.94909143,35.2989101],[138.95095825,35.29785934],[138.95185947,35.29710628],[138.95303965,35.29596792]]},"id":"gsi-12-3628-1618-road-92"},{"type":"Feature","properties":{"ftCode":2701,"motorway":9,"rnkWidth":2,"rdCtg":1,"tollSect":9,"source_layer":"road","kind":"road_centerline","bridge":false,"major":true},"geometry":{"type":"LineString","coordinates":[[138.94786835,35.29167706],[138.93992901,35.29982076],[138.93930674,35.30053876],[138.93784761,35.30199227],[138.93722534,35.30246509]]},"id":"gsi-12-3628-1618-road-93"},{"type":"Feature","properties":{"ftCode":2703,"motorway":1,"rnkWidth":4,"rdCtg":3,"tollSect":1,"source_layer":"road","kind":"road_centerline","bridge":true,"major":true},"geometry":{"type":"LineString","coordinates":[[138.93945694,35.29046857],[138.94014359,35.29071377]]},"id":"gsi-12-3628-1618-road-94"},{"type":"Feature","properties":{"ftCode":2701,"motorway":1,"rnkWidth":4,"rdCtg":3,"tollSect":1,"source_layer":"road","kind":"road_centerline","bridge":false,"major":true},"geometry":{"type":"LineString","coordinates":[[138.94014359,35.29071377],[138.94177437,35.29130926]]},"id":"gsi-12-3628-1618-road-95"},{"type":"Feature","properties":{"ftCode":2703,"motorway":1,"rnkWidth":4,"rdCtg":3,"tollSect":1,"source_layer":"road","kind":"road_centerline","bridge":true,"major":true},"geometry":{"type":"LineString","coordinates":[[138.94177437,35.29130926],[138.94396305,35.29218497]]},"id":"gsi-12-3628-1618-road-96"},{"type":"Feature","properties":{"ftCode":2703,"motorway":1,"rnkWidth":4,"rdCtg":3,"tollSect":1,"source_layer":"road","kind":"road_centerline","bridge":true,"major":true},"geometry":{"type":"LineString","coordinates":[[138.93456459,35.28889225],[138.93615246,35.28940018]]},"id":"gsi-12-3628-1618-road-97"},{"type":"Feature","properties":{"ftCode":2701,"motorway":1,"rnkWidth":4,"rdCtg":3,"tollSect":1,"source_layer":"road","kind":"road_centerline","bridge":false,"major":true},"geometry":{"type":"LineString","coordinates":[[138.93615246,35.28940018],[138.93945694,35.29046857]]},"id":"gsi-12-3628-1618-road-98"},{"type":"Feature","properties":{"ftCode":2701,"motorway":1,"rnkWidth":1,"rdCtg":3,"tollSect":1,"source_layer":"road","kind":"road_centerline","bridge":false,"major":true},"geometry":{"type":"LineString","coordinates":[[138.94441366,35.29526739],[138.94471407,35.29517982],[138.94507885,35.29521485],[138.94475698,35.29491712]]},"id":"gsi-12-3628-1618-road-99"},{"type":"Feature","properties":{"ftCode":2701,"motorway":1,"rnkWidth":3,"rdCtg":3,"tollSect":1,"source_layer":"road","kind":"road_centerline","bridge":false,"major":true},"geometry":{"type":"LineString","coordinates":[[138.94507885,35.29521485],[138.94632339,35.29577528],[138.9471817,35.29582782],[138.94761086,35.29572274]]},"id":"gsi-12-3628-1618-road-100"},{"type":"Feature","properties":{"ftCode":2701,"motorway":1,"rnkWidth":1,"rdCtg":3,"tollSect":1,"source_layer":"road","kind":"road_centerline","bridge":false,"major":true},"geometry":{"type":"LineString","coordinates":[[138.94934893,35.2950222],[138.95033598,35.29526739],[138.95048618,35.29524988],[138.95074368,35.29509226],[138.95080805,35.29488209],[138.9506793,35.29461939],[138.95037889,35.29440923],[138.94986391,35.29430415],[138.94932747,35.2943742],[138.94898415,35.29454934],[138.94872665,35.2947595],[138.94842625,35.29516231],[138.94797564,35.29553009],[138.94761086,35.29572274],[138.94780397,35.29570522],[138.94851208,35.29538998],[138.94887686,35.29533744],[138.94919872,35.29535496],[138.95042181,35.29575776]]},"id":"gsi-12-3628-1618-road-101"},{"type":"Feature","properties":{"ftCode":2701,"motorway":1,"rnkWidth":1,"rdCtg":3,"tollSect":1,"source_layer":"road","kind":"road_centerline","bridge":false,"major":true},"geometry":{"type":"LineString","coordinates":[[138.94525051,35.29440923],[138.94555092,35.29451431],[138.94548655,35.29414652]]},"id":"gsi-12-3628-1618-road-102"},{"type":"Feature","properties":{"ftCode":2701,"motorway":1,"rnkWidth":3,"rdCtg":3,"tollSect":1,"source_layer":"road","kind":"road_centerline","bridge":false,"major":true},"geometry":{"type":"LineString","coordinates":[[138.94555092,35.29451431],[138.94585133,35.29465442]]},"id":"gsi-12-3628-1618-road-103"},{"type":"Feature","properties":{"ftCode":2701,"motorway":1,"rnkWidth":4,"rdCtg":3,"tollSect":1,"source_layer":"road","kind":"road_centerline","bridge":false,"major":true},"geometry":{"type":"LineString","coordinates":[[138.94585133,35.29465442],[138.9470315,35.29523236]]},"id":"gsi-12-3628-1618-road-104"},{"type":"Feature","properties":{"ftCode":2703,"motorway":1,"rnkWidth":4,"rdCtg":3,"tollSect":1,"source_layer":"road","kind":"road_centerline","bridge":true,"major":true},"geometry":{"type":"LineString","coordinates":[[138.9460659,35.29320078],[138.94651651,35.29342846]]},"id":"gsi-12-3628-1618-road-105"},{"type":"Feature","properties":{"ftCode":2701,"motorway":1,"rnkWidth":4,"rdCtg":3,"tollSect":1,"source_layer":"road","kind":"road_centerline","bridge":false,"major":true},"geometry":{"type":"LineString","coordinates":[[138.94396305,35.29218497],[138.9460659,35.29320078]]},"id":"gsi-12-3628-1618-road-106"},{"type":"Feature","properties":{"ftCode":2701,"motorway":1,"rnkWidth":4,"rdCtg":3,"tollSect":1,"source_layer":"road","kind":"road_centerline","bridge":false,"major":true},"geometry":{"type":"LineString","coordinates":[[138.94651651,35.29342846],[138.94851208,35.29451431]]},"id":"gsi-12-3628-1618-road-107"},{"type":"Feature","properties":{"ftCode":2703,"motorway":1,"rnkWidth":4,"rdCtg":3,"tollSect":1,"source_layer":"road","kind":"road_centerline","bridge":true,"major":true},"geometry":{"type":"LineString","coordinates":[[138.94851208,35.29451431],[138.94904852,35.29482955]]},"id":"gsi-12-3628-1618-road-108"},{"type":"Feature","properties":{"ftCode":2701,"motorway":1,"rnkWidth":1,"rdCtg":3,"tollSect":1,"source_layer":"road","kind":"road_centerline","bridge":false,"major":true},"geometry":{"type":"LineString","coordinates":[[138.94679546,35.29358608],[138.94765377,35.29428663],[138.94784689,35.29449679],[138.94799709,35.29479453],[138.94793272,35.2950222],[138.94771814,35.29523236],[138.94733191,35.2952849],[138.94713879,35.29521485],[138.9470315,35.29523236],[138.94705296,35.29531993],[138.94761086,35.2954075],[138.94810438,35.2952849],[138.9482975,35.29516231],[138.94872665,35.29465442],[138.94904852,35.29440923],[138.94952059,35.2942516],[138.94994974,35.29423409],[138.95040035,35.29433917],[138.9506793,35.29447928],[138.95093679,35.29484707],[138.95100117,35.29535496]]},"id":"gsi-12-3628-1618-road-109"},{"type":"Feature","properties":{"ftCode":2701,"motorway":1,"rnkWidth":1,"rdCtg":3,"tollSect":1,"source_layer":"road","kind":"road_centerline","bridge":false,"major":true},"geometry":{"type":"LineString","coordinates":[[138.95082951,35.29792939],[138.95112991,35.29803447],[138.95130157,35.29803447],[138.95198822,35.29763167]]},"id":"gsi-12-3628-1618-road-110"},{"type":"Feature","properties":{"ftCode":2703,"motorway":1,"rnkWidth":1,"rdCtg":3,"tollSect":1,"source_layer":"road","kind":"road_centerline","bridge":true,"major":true},"geometry":{"type":"LineString","coordinates":[[138.95198822,35.29763167],[138.95241737,35.29761416]]},"id":"gsi-12-3628-1618-road-111"},{"type":"Feature","properties":{"ftCode":2701,"motorway":1,"rnkWidth":4,"rdCtg":3,"tollSect":1,"source_layer":"road","kind":"road_centerline","bridge":false,"major":true},"geometry":{"type":"LineString","coordinates":[[138.94904852,35.29482955],[138.95181656,35.29673851]]},"id":"gsi-12-3628-1618-road-112"},{"type":"Feature","properties":{"ftCode":2703,"motorway":1,"rnkWidth":4,"rdCtg":3,"tollSect":1,"source_layer":"road","kind":"road_centerline","bridge":true,"major":true},"geometry":{"type":"LineString","coordinates":[[138.95181656,35.29673851],[138.95228863,35.29707125]]},"id":"gsi-12-3628-1618-road-113"},{"type":"Feature","properties":{"ftCode":2703,"motorway":1,"rnkWidth":1,"rdCtg":3,"tollSect":1,"source_layer":"road","kind":"road_centerline","bridge":true,"major":true},"geometry":{"type":"LineString","coordinates":[[138.95246029,35.29687861],[138.95198822,35.29654586]]},"id":"gsi-12-3628-1618-road-114"},{"type":"Feature","properties":{"ftCode":2701,"motorway":1,"rnkWidth":1,"rdCtg":3,"tollSect":1,"source_layer":"road","kind":"road_centerline","bridge":false,"major":true},"geometry":{"type":"LineString","coordinates":[[138.95198822,35.29654586],[138.95121574,35.29596792],[138.951087,35.29577528],[138.95100117,35.29535496]]},"id":"gsi-12-3628-1618-road-115"},{"type":"Feature","properties":{"ftCode":2701,"motorway":1,"rnkWidth":1,"rdCtg":3,"tollSect":1,"source_layer":"road","kind":"road_centerline","bridge":false,"major":true},"geometry":{"type":"LineString","coordinates":[[138.95100117,35.29535496],[138.95136595,35.29509226],[138.95173073,35.29505723]]},"id":"gsi-12-3628-1618-road-116"},{"type":"Feature","properties":{"ftCode":2701,"motorway":1,"rnkWidth":2,"rdCtg":3,"tollSect":1,"source_layer":"road","kind":"road_centerline","bridge":false,"major":true},"geometry":{"type":"LineString","coordinates":[[138.95173073,35.29505723],[138.95203114,35.29517982]]},"id":"gsi-12-3628-1618-road-117"},{"type":"Feature","properties":{"ftCode":2701,"motorway":1,"rnkWidth":2,"rdCtg":3,"tollSect":1,"source_layer":"road","kind":"road_centerline","bridge":false,"major":true},"geometry":{"type":"LineString","coordinates":[[138.95338297,35.29826213],[138.95357609,35.29840223]]},"id":"gsi-12-3628-1618-road-118"},{"type":"Feature","properties":{"ftCode":2701,"motorway":1,"rnkWidth":2,"rdCtg":3,"tollSect":1,"source_layer":"road","kind":"road_centerline","bridge":false,"major":true},"geometry":{"type":"LineString","coordinates":[[138.95241737,35.29761416],[138.95271778,35.29778929]]},"id":"gsi-12-3628-1618-road-119"},{"type":"Feature","properties":{"ftCode":2701,"motorway":1,"rnkWidth":1,"rdCtg":3,"tollSect":1,"source_layer":"road","kind":"road_centerline","bridge":false,"major":true},"geometry":{"type":"LineString","coordinates":[[138.95295382,35.2975441],[138.95286798,35.29721136],[138.95246029,35.29687861]]},"id":"gsi-12-3628-1618-road-120"},{"type":"Feature","properties":{"ftCode":2701,"motorway":1,"rnkWidth":3,"rdCtg":3,"tollSect":1,"source_layer":"road","kind":"road_centerline","bridge":false,"major":true},"geometry":{"type":"LineString","coordinates":[[138.95271778,35.29778929],[138.95338297,35.29826213]]},"id":"gsi-12-3628-1618-road-121"},{"type":"Feature","properties":{"ftCode":2701,"motorway":1,"rnkWidth":1,"rdCtg":3,"tollSect":1,"source_layer":"road","kind":"road_centerline","bridge":false,"major":true},"geometry":{"type":"LineString","coordinates":[[138.95357609,35.29840223],[138.95415545,35.29878751],[138.95449877,35.29885756]]},"id":"gsi-12-3628-1618-road-122"},{"type":"Feature","properties":{"ftCode":2701,"motorway":1,"rnkWidth":3,"rdCtg":3,"tollSect":1,"source_layer":"road","kind":"road_centerline","bridge":false,"major":true},"geometry":{"type":"LineString","coordinates":[[138.9527607,35.29570522],[138.95303965,35.29596792]]},"id":"gsi-12-3628-1618-road-123"},{"type":"Feature","properties":{"ftCode":2701,"motorway":1,"rnkWidth":4,"rdCtg":3,"tollSect":1,"source_layer":"road","kind":"road_centerline","bridge":false,"major":true},"geometry":{"type":"LineString","coordinates":[[138.95203114,35.29517982],[138.9527607,35.29570522]]},"id":"gsi-12-3628-1618-road-124"},{"type":"Feature","properties":{"ftCode":2701,"motorway":9,"rnkWidth":4,"rdCtg":0,"tollSect":9,"source_layer":"road","kind":"road_centerline","bridge":false,"major":true},"geometry":{"type":"LineString","coordinates":[[138.95507812,35.29395387],[138.95303965,35.29596792]]},"id":"gsi-12-3628-1618-road-125"},{"type":"Feature","properties":{"ftCode":2701,"motorway":0,"rnkWidth":2,"rdCtg":1,"tollSect":0,"source_layer":"road","kind":"road_centerline","bridge":false,"major":true},"geometry":{"type":"LineString","coordinates":[[138.95507812,35.28615989],[138.95355463,35.28670287],[138.95295382,35.28680796],[138.95162344,35.28689553],[138.95119429,35.28698311],[138.95082951,35.28712323],[138.95042181,35.28738596],[138.94999266,35.28792893],[138.94855499,35.29073128],[138.94786835,35.29167706]]},"id":"gsi-12-3628-1618-road-126"},{"type":"Feature","properties":{"ftCode":2701,"motorway":0,"rnkWidth":2,"rdCtg":1,"tollSect":0,"source_layer":"road","kind":"road_centerline","bridge":false,"major":true},"geometry":{"type":"LineString","coordinates":[[138.91156197,35.27950376],[138.91130447,35.27976651]]},"id":"gsi-12-3628-1618-road-127"},{"type":"Feature","properties":{"ftCode":2704,"motorway":0,"rnkWidth":2,"rdCtg":1,"tollSect":0,"source_layer":"road","kind":"road_centerline","bridge":false,"major":true},"geometry":{"type":"LineString","coordinates":[[138.9119482,35.27910087],[138.91156197,35.27950376]]},"id":"gsi-12-3628-1618-road-128"},{"type":"Feature","properties":{"ftCode":2701,"motorway":1,"rnkWidth":4,"rdCtg":3,"tollSect":1,"source_layer":"road","kind":"road_centerline","bridge":false,"major":true},"geometry":{"type":"LineString","coordinates":[[138.91104698,35.274704],[138.91156197,35.27840019],[138.91229153,35.28167582]]},"id":"gsi-12-3628-1618-road-129"},{"type":"Feature","properties":{"ftCode":2701,"motorway":0,"rnkWidth":2,"rdCtg":1,"tollSect":0,"source_layer":"road","kind":"road_centerline","bridge":false,"major":true},"geometry":{"type":"LineString","coordinates":[[138.91233444,35.27866295],[138.9119482,35.27910087]]},"id":"gsi-12-3628-1618-road-130"},{"type":"Feature","properties":{"ftCode":2701,"motorway":9,"rnkWidth":2,"rdCtg":1,"tollSect":9,"source_layer":"road","kind":"road_centerline","bridge":false,"major":true},"geometry":{"type":"LineString","coordinates":[[138.91274214,35.26715344],[138.91304255,35.26734616],[138.91366482,35.26955358],[138.91409397,35.27225146],[138.91422272,35.27398577],[138.91394377,35.2759828],[138.91375065,35.2766835],[138.91342878,35.27724406],[138.91233444,35.27866295]]},"id":"gsi-12-3628-1618-road-131"},{"type":"Feature","properties":{"ftCode":2703,"motorway":1,"rnkWidth":4,"rdCtg":3,"tollSect":1,"source_layer":"road","kind":"road_centerline","bridge":true,"major":true},"geometry":{"type":"LineString","coordinates":[[138.9192009,35.27736668],[138.91952276,35.27787468]]},"id":"gsi-12-3628-1618-road-132"},{"type":"Feature","properties":{"ftCode":2703,"motorway":1,"rnkWidth":4,"rdCtg":3,"tollSect":1,"source_layer":"road","kind":"road_centerline","bridge":true,"major":true},"geometry":{"type":"LineString","coordinates":[[138.92070293,35.2795388],[138.92121792,35.2801694]]},"id":"gsi-12-3628-1618-road-133"},{"type":"Feature","properties":{"ftCode":2701,"motorway":1,"rnkWidth":4,"rdCtg":3,"tollSect":1,"source_layer":"road","kind":"road_centerline","bridge":false,"major":true},"geometry":{"type":"LineString","coordinates":[[138.91952276,35.27787468],[138.92070293,35.2795388]]},"id":"gsi-12-3628-1618-road-134"},{"type":"Feature","properties":{"ftCode":2701,"motorway":1,"rnkWidth":4,"rdCtg":3,"tollSect":1,"source_layer":"road","kind":"road_centerline","bridge":false,"major":true},"geometry":{"type":"LineString","coordinates":[[138.91338587,35.26673297],[138.91525269,35.26934335],[138.91621828,35.2710602],[138.91795635,35.27500181],[138.9192009,35.27736668]]},"id":"gsi-12-3628-1618-road-135"},{"type":"Feature","properties":{"ftCode":2701,"motorway":9,"rnkWidth":4,"rdCtg":0,"tollSect":9,"source_layer":"road","kind":"road_centerline","bridge":false,"major":true},"geometry":{"type":"LineString","coordinates":[[138.91323566,35.26228287],[138.9123559,35.27109524],[138.91233444,35.27260183],[138.91269922,35.27367044],[138.91317129,35.27444123],[138.91411543,35.27542223],[138.91664743,35.27743675]]},"id":"gsi-12-3628-1618-road-136"},{"type":"Feature","properties":{"ftCode":2701,"motorway":1,"rnkWidth":2,"rdCtg":3,"tollSect":1,"source_layer":"road","kind":"road_centerline","bridge":false,"major":true},"geometry":{"type":"LineString","coordinates":[[138.91325712,35.26701329],[138.91377211,35.26766151],[138.91439438,35.26811701],[138.9141798,35.26745127],[138.91351461,35.26643514]]},"id":"gsi-12-3628-1618-road-137"},{"type":"Feature","properties":{"ftCode":2703,"motorway":1,"rnkWidth":2,"rdCtg":3,"tollSect":1,"source_layer":"road","kind":"road_centerline","bridge":true,"major":true},"geometry":{"type":"LineString","coordinates":[[138.91257048,35.2662249],[138.91325712,35.26701329]]},"id":"gsi-12-3628-1618-road-138"},{"type":"Feature","properties":{"ftCode":2703,"motorway":1,"rnkWidth":4,"rdCtg":3,"tollSect":1,"source_layer":"road","kind":"road_centerline","bridge":true,"major":true},"geometry":{"type":"LineString","coordinates":[[138.91259193,35.26566427],[138.91338587,35.26673297]]},"id":"gsi-12-3628-1618-road-139"},{"type":"Feature","properties":{"ftCode":2703,"motorway":1,"rnkWidth":1,"rdCtg":3,"tollSect":1,"source_layer":"road","kind":"road_centerline","bridge":true,"major":true},"geometry":{"type":"LineString","coordinates":[[138.91089678,35.26855499],[138.91113281,35.26818709],[138.9112401,35.26724104],[138.91171217,35.26473571],[138.91169071,35.26398235],[138.91158342,35.26336914],[138.91089678,35.26142436]]},"id":"gsi-12-3628-1618-road-140"},{"type":"Feature","properties":{"ftCode":2701,"motorway":1,"rnkWidth":2,"rdCtg":3,"tollSect":1,"source_layer":"road","kind":"road_centerline","bridge":false,"major":true},"geometry":{"type":"LineString","coordinates":[[138.9112401,35.26450795],[138.91177654,35.26533139],[138.91257048,35.2662249]]},"id":"gsi-12-3628-1618-road-141"},{"type":"Feature","properties":{"ftCode":2701,"motorway":1,"rnkWidth":4,"rdCtg":3,"tollSect":1,"source_layer":"road","kind":"road_centerline","bridge":false,"major":true},"geometry":{"type":"LineString","coordinates":[[138.9110899,35.26326402],[138.91156197,35.26414003],[138.91259193,35.26566427]]},"id":"gsi-12-3628-1618-road-142"},{"type":"Feature","properties":{"ftCode":2701,"motorway":0,"rnkWidth":2,"rdCtg":1,"tollSect":0,"source_layer":"road","kind":"road_centerline","bridge":false,"major":true},"geometry":{"type":"LineString","coordinates":[[138.92181873,35.25000002],[138.92177582,35.2539076],[138.92194748,35.25709662],[138.92226934,35.258218],[138.92254829,35.25883124],[138.92314911,35.25979491],[138.92321348,35.2606184],[138.92317057,35.26343922],[138.92323494,35.26363194],[138.9243722,35.26524379],[138.92450094,35.26573435],[138.9243722,35.27176095],[138.92424345,35.27207628],[138.92377138,35.27256679],[138.92370701,35.27281205],[138.92450094,35.27575507],[138.92673254,35.27941618],[138.92774105,35.2834975],[138.92795563,35.28551182]]},"id":"gsi-12-3628-1618-road-143"},{"type":"Feature","properties":{"ftCode":2703,"motorway":9,"rnkWidth":4,"rdCtg":0,"tollSect":9,"source_layer":"road","kind":"road_centerline","bridge":true,"major":true},"geometry":{"type":"LineString","coordinates":[[138.91325712,35.2618799],[138.91323566,35.26228287]]},"id":"gsi-12-3628-1618-road-144"},{"type":"Feature","properties":{"ftCode":2701,"motorway":9,"rnkWidth":4,"rdCtg":0,"tollSect":9,"source_layer":"road","kind":"road_centerline","bridge":false,"major":true},"geometry":{"type":"LineString","coordinates":[[138.91310692,35.25713166],[138.91330004,35.25933936],[138.9133215,35.2611265],[138.91325712,35.2618799]]},"id":"gsi-12-3628-1618-road-145"},{"type":"Feature","properties":{"ftCode":2701,"motorway":9,"rnkWidth":4,"rdCtg":0,"tollSect":9,"source_layer":"road","kind":"road_centerline","bridge":false,"major":true},"geometry":{"type":"LineString","coordinates":[[138.91177654,35.25394265],[138.9127636,35.25532691],[138.91302109,35.2563607],[138.91310692,35.25711414]]},"id":"gsi-12-3628-1618-road-146"},{"type":"Feature","properties":{"ftCode":2701,"motorway":9,"rnkWidth":2,"rdCtg":1,"tollSect":9,"source_layer":"road","kind":"road_centerline","bridge":false,"major":true},"geometry":{"type":"LineString","coordinates":[[138.91314983,35.25376743],[138.91302109,35.25516921],[138.91287088,35.2556423]]},"id":"gsi-12-3628-1618-road-147"},{"type":"Feature","properties":{"ftCode":2703,"motorway":9,"rnkWidth":4,"rdCtg":0,"tollSect":9,"source_layer":"road","kind":"road_centerline","bridge":true,"major":true},"geometry":{"type":"LineString","coordinates":[[138.91151905,35.25362725],[138.91177654,35.25394265]]},"id":"gsi-12-3628-1618-road-148"},{"type":"Feature","properties":{"ftCode":2703,"motorway":9,"rnkWidth":2,"rdCtg":1,"tollSect":9,"source_layer":"road","kind":"road_centerline","bridge":true,"major":true},"geometry":{"type":"LineString","coordinates":[[138.91317129,35.25341698],[138.91314983,35.25376743]]},"id":"gsi-12-3628-1618-road-149"},{"type":"Feature","properties":{"ftCode":2701,"motorway":9,"rnkWidth":2,"rdCtg":1,"tollSect":9,"source_layer":"road","kind":"road_centerline","bridge":false,"major":true},"geometry":{"type":"LineString","coordinates":[[138.91317129,35.25341698],[138.91336441,35.24992993],[138.91345024,35.24966708],[138.91379356,35.24940423],[138.91505957,35.248861],[138.91533852,35.24868577],[138.91559601,35.2483353],[138.91598225,35.24752921],[138.91617537,35.24738902],[138.91643286,35.24731892]]},"id":"gsi-12-3628-1618-road-150"},{"type":"Feature","properties":{"ftCode":2703,"motorway":9,"rnkWidth":2,"rdCtg":1,"tollSect":9,"source_layer":"road","kind":"road_centerline","bridge":true,"major":true},"geometry":{"type":"LineString","coordinates":[[138.91643286,35.24731892],[138.91679764,35.24726635]]},"id":"gsi-12-3628-1618-road-151"},{"type":"Feature","properties":{"ftCode":2701,"motorway":9,"rnkWidth":2,"rdCtg":1,"tollSect":9,"source_layer":"road","kind":"road_centerline","bridge":false,"major":true},"geometry":{"type":"LineString","coordinates":[[138.92297744,35.24561909],[138.91892195,35.24695092],[138.91679764,35.24726635]]},"id":"gsi-12-3628-1618-road-152"},{"type":"Feature","properties":{"ftCode":2701,"motorway":9,"rnkWidth":2,"rdCtg":1,"tollSect":9,"source_layer":"road","kind":"road_centerline","bridge":false,"major":true},"geometry":{"type":"LineString","coordinates":[[138.92181873,35.25000002],[138.92186165,35.24933413],[138.92196894,35.24896614],[138.92299891,35.24679321],[138.92317057,35.24630253],[138.92297745,35.24561909]]},"id":"gsi-12-3628-1618-road-153"},{"type":"Feature","properties":{"ftCode":2701,"motorway":1,"rnkWidth":4,"rdCtg":3,"tollSect":1,"source_layer":"road","kind":"road_centerline","bridge":false,"major":true},"geometry":{"type":"LineString","coordinates":[[138.91005993,35.24756425],[138.90952349,35.24561909]]},"id":"gsi-12-3628-1618-road-154"},{"type":"Feature","properties":{"ftCode":2701,"motorway":9,"rnkWidth":4,"rdCtg":0,"tollSect":9,"source_layer":"road","kind":"road_centerline","bridge":false,"major":true},"geometry":{"type":"LineString","coordinates":[[138.90984535,35.24561909],[138.91042471,35.24742406]]},"id":"gsi-12-3628-1618-road-155"},{"type":"Feature","properties":{"ftCode":2701,"motorway":1,"rnkWidth":4,"rdCtg":3,"tollSect":1,"source_layer":"road","kind":"road_centerline","bridge":false,"major":true},"geometry":{"type":"LineString","coordinates":[[138.95228863,35.29707125],[138.95340443,35.29791188],[138.95507812,35.29938294]]},"id":"gsi-12-3628-1618-road-157"},{"type":"Feature","properties":{"ftCode":2701,"motorway":9,"rnkWidth":2,"rdCtg":1,"tollSect":9,"source_layer":"road","kind":"road_centerline","bridge":false,"major":true},"geometry":{"type":"LineString","coordinates":[[138.8671875,35.24253478],[138.86883974,35.24181626],[138.87038469,35.24127298],[138.87143612,35.2405194],[138.87277055,35.24]]},"id":"gsi-12-3628-1619-road-0"},{"type":"Feature","properties":{"ftCode":2703,"motorway":1,"rnkWidth":2,"rdCtg":3,"tollSect":1,"source_layer":"road","kind":"road_centerline","bridge":true,"major":true},"geometry":{"type":"LineString","coordinates":[[138.90705585,35.24348112],[138.90827894,35.24561909]]},"id":"gsi-12-3628-1619-road-1"},{"type":"Feature","properties":{"ftCode":2703,"motorway":1,"rnkWidth":2,"rdCtg":3,"tollSect":1,"source_layer":"road","kind":"road_centerline","bridge":true,"major":true},"geometry":{"type":"LineString","coordinates":[[138.90686274,35.24356874],[138.90804291,35.24561909]]},"id":"gsi-12-3628-1619-road-2"},{"type":"Feature","properties":{"ftCode":2701,"motorway":9,"rnkWidth":2,"rdCtg":1,"tollSect":9,"source_layer":"road","kind":"road_centerline","bridge":false,"major":true},"geometry":{"type":"LineString","coordinates":[[138.92297745,35.24561909],[138.92297744,35.24561909]]},"id":"gsi-12-3628-1619-road-3"},{"type":"Feature","properties":{"ftCode":2701,"motorway":1,"rnkWidth":4,"rdCtg":3,"tollSect":1,"source_layer":"road","kind":"road_centerline","bridge":false,"major":true},"geometry":{"type":"LineString","coordinates":[[138.90694857,35.24351617],[138.90527487,35.24120288],[138.90422512,35.24]]},"id":"gsi-12-3628-1619-road-21"},{"type":"Feature","properties":{"ftCode":2701,"motorway":1,"rnkWidth":2,"rdCtg":3,"tollSect":1,"source_layer":"road","kind":"road_centerline","bridge":false,"major":true},"geometry":{"type":"LineString","coordinates":[[138.90686274,35.24356874],[138.90705585,35.24348112]]},"id":"gsi-12-3628-1619-road-22"},{"type":"Feature","properties":{"ftCode":2701,"motorway":1,"rnkWidth":2,"rdCtg":3,"tollSect":1,"source_layer":"road","kind":"road_centerline","bridge":false,"major":true},"geometry":{"type":"LineString","coordinates":[[138.90832186,35.24081733],[138.90849352,35.24074723],[138.90851078,35.24]]},"id":"gsi-12-3628-1619-road-23"},{"type":"Feature","properties":{"ftCode":2701,"motorway":1,"rnkWidth":4,"rdCtg":3,"tollSect":1,"source_layer":"road","kind":"road_centerline","bridge":false,"major":true},"geometry":{"type":"LineString","coordinates":[[138.90952349,35.24561909],[138.90851498,35.24230696],[138.90825748,35.24002869],[138.90825816,35.24]]},"id":"gsi-12-3628-1619-road-33"},{"type":"Feature","properties":{"ftCode":2701,"motorway":9,"rnkWidth":4,"rdCtg":0,"tollSect":9,"source_layer":"road","kind":"road_centerline","bridge":false,"major":true},"geometry":{"type":"LineString","coordinates":[[138.91036595,35.24],[138.90939474,35.24155338],[138.90911579,35.24267498],[138.90918016,35.24348112],[138.90984535,35.24561909]]},"id":"gsi-12-3628-1619-road-34"},{"type":"Feature","properties":{"ftCode":2701,"motorway":9,"rnkWidth":2,"rdCtg":1,"tollSect":9,"source_layer":"road","kind":"road_centerline","bridge":false,"major":true},"geometry":{"type":"LineString","coordinates":[[138.92165794,35.24],[138.92205477,35.24293785],[138.92297745,35.24561909]]},"id":"gsi-12-3628-1619-road-107"},{"type":"Feature","properties":{"ftCode":2701,"motorway":9,"rnkWidth":2,"rdCtg":1,"tollSect":9,"source_layer":"road","kind":"road_centerline","bridge":false,"major":true},"geometry":{"type":"LineString","coordinates":[[138.97580624,35.60371874],[138.97582769,35.60424213],[138.97623539,35.60493998],[138.97617102,35.60569016],[138.97621393,35.60595185],[138.97644997,35.606388],[138.97644997,35.60654501],[138.97617102,35.60692882],[138.97619247,35.60729518]]},"id":"gsi-12-3629-1613-road-35"},{"type":"Feature","properties":{"ftCode":2701,"motorway":9,"rnkWidth":1,"rdCtg":1,"tollSect":9,"source_layer":"road","kind":"road_centerline","bridge":false,"major":true},"geometry":{"type":"LineString","coordinates":[[138.97672109,35.61],[138.97662163,35.60992943],[138.976686,35.60951075],[138.97651434,35.60926652],[138.97629976,35.60910951],[138.97610664,35.60877805],[138.97582769,35.60851637],[138.97589207,35.60834191],[138.97647142,35.60792322],[138.97642851,35.60771388],[138.97621393,35.60745219],[138.97619247,35.60729518]]},"id":"gsi-12-3629-1613-road-45"},{"type":"Feature","properties":{"ftCode":2701,"motorway":9,"rnkWidth":2,"rdCtg":1,"tollSect":9,"source_layer":"road","kind":"road_centerline","bridge":false,"major":true},"geometry":{"type":"LineString","coordinates":[[138.98934603,35.60898739],[138.98904562,35.60965031],[138.9882946,35.60999921],[138.98829393,35.61]]},"id":"gsi-12-3629-1613-road-52"},{"type":"Feature","properties":{"ftCode":2701,"motorway":9,"rnkWidth":1,"rdCtg":1,"tollSect":9,"source_layer":"road","kind":"road_centerline","bridge":false,"major":true},"geometry":{"type":"LineString","coordinates":[[138.99,35.60819408],[138.98986101,35.60832447],[138.98949623,35.60855126],[138.98934603,35.60898739]]},"id":"gsi-12-3629-1613-road-53"},{"type":"Feature","properties":{"ftCode":2701,"motorway":9,"rnkWidth":2,"rdCtg":1,"tollSect":9,"source_layer":"road","kind":"road_centerline","bridge":false,"major":true},"geometry":{"type":"LineString","coordinates":[[138.97606373,35.60211365],[138.97610664,35.6023928],[138.97580624,35.60307322],[138.97580624,35.60371874]]},"id":"gsi-12-3629-1614-road-0"},{"type":"Feature","properties":{"ftCode":2701,"motorway":9,"rnkWidth":1,"rdCtg":1,"tollSect":9,"source_layer":"road","kind":"road_centerline","bridge":false,"major":true},"geometry":{"type":"LineString","coordinates":[[138.97434711,35.59881614],[138.97464752,35.5990953],[138.97490501,35.59921743],[138.97507668,35.59947914],[138.97511959,35.59996767],[138.97526979,35.60045619],[138.97559166,35.60092726],[138.97559166,35.6013111],[138.97606373,35.60211365]]},"id":"gsi-12-3629-1614-road-6"},{"type":"Feature","properties":{"ftCode":2701,"motorway":9,"rnkWidth":2,"rdCtg":1,"tollSect":9,"source_layer":"road","kind":"road_centerline","bridge":false,"major":true},"geometry":{"type":"LineString","coordinates":[[138.97434711,35.59881614],[138.974154,35.59871146],[138.97348881,35.59851953],[138.97312403,35.59824037],[138.97299528,35.5979961],[138.97275925,35.59703648],[138.97256613,35.5967922],[138.97185802,35.596862],[138.97147179,35.59668752],[138.97072077,35.59597215],[138.96986246,35.59527422],[138.96943331,35.59501249],[138.9691329,35.59496015],[138.96887541,35.59480311],[138.968575,35.59427966],[138.96838188,35.59415752],[138.96788836,35.59400048],[138.96778107,35.5937562],[138.96606445,35.59237775],[138.96400452,35.58996977],[138.96389723,35.58976037],[138.96378994,35.58930668],[138.96376848,35.58881809],[138.96415472,35.58806775],[138.9643693,35.58686371],[138.96449804,35.5866543],[138.96505594,35.58600865],[138.96636486,35.58546768],[138.96698713,35.58497907],[138.96748066,35.58485692]]},"id":"gsi-12-3629-1614-road-7"},{"type":"Feature","properties":{"ftCode":2701,"motorway":9,"rnkWidth":1,"rdCtg":1,"tollSect":9,"source_layer":"road","kind":"road_centerline","bridge":false,"major":true},"geometry":{"type":"LineString","coordinates":[[138.9727807,35.58248361],[138.97230864,35.58251851],[138.97175074,35.58285008],[138.97153616,35.5831642],[138.97142887,35.58318165],[138.9713645,35.58309439],[138.97166491,35.58283263],[138.97190094,35.5824138],[138.97224426,35.58223929],[138.97222281,35.58213459],[138.97209406,35.58208223],[138.97190094,35.58227419],[138.97145033,35.58246616],[138.9700985,35.5832689],[138.96999121,35.58335616],[138.96988392,35.58363537],[138.96941185,35.58408909],[138.96881104,35.58487437],[138.96868229,35.58508377],[138.96868229,35.58534553],[138.96861792,35.58546768],[138.96825314,35.58548514],[138.96808147,35.58539788],[138.96803856,35.58515358],[138.96827459,35.58471731],[138.96821022,35.58463006],[138.96812439,35.58461261],[138.96773815,35.58480457],[138.96748066,35.58485692]]},"id":"gsi-12-3629-1614-road-8"},{"type":"Feature","properties":{"ftCode":2703,"motorway":9,"rnkWidth":2,"rdCtg":1,"tollSect":9,"source_layer":"road","kind":"road_centerline","bridge":true,"major":true},"geometry":{"type":"LineString","coordinates":[[138.9643693,35.56009076],[138.96449804,35.56028277]]},"id":"gsi-12-3629-1614-road-13"},{"type":"Feature","properties":{"ftCode":2701,"motorway":9,"rnkWidth":2,"rdCtg":1,"tollSect":9,"source_layer":"road","kind":"road_centerline","bridge":false,"major":true},"geometry":{"type":"LineString","coordinates":[[138.95507812,35.55787382],[138.95703077,35.55829278],[138.95926237,35.55925287],[138.95986319,35.55940997],[138.9611721,35.55942743],[138.96273851,35.55932269],[138.96378994,35.55942743],[138.96409035,35.55968927],[138.9643693,35.56009076]]},"id":"gsi-12-3629-1614-road-14"},{"type":"Feature","properties":{"ftCode":2701,"motorway":9,"rnkWidth":2,"rdCtg":1,"tollSect":9,"source_layer":"road","kind":"road_centerline","bridge":false,"major":true},"geometry":{"type":"LineString","coordinates":[[138.98578405,35.56045733],[138.9849472,35.56017804],[138.98331642,35.56005585],[138.98217916,35.5600733],[138.98142815,35.56014313],[138.98054838,35.56009076],[138.98009777,35.56016058],[138.97874594,35.56047479],[138.97623539,35.56133012],[138.97593498,35.56146977],[138.97451878,35.56248219],[138.97385359,35.56277893],[138.9733386,35.56286621],[138.97284508,35.5628313],[138.97134304,35.56246473],[138.96878958,35.56215053],[138.96769524,35.56185379],[138.96703005,35.56159196],[138.96559238,35.56061444],[138.96537781,35.56052716],[138.96464825,35.56042242],[138.96449804,35.56028277]]},"id":"gsi-12-3629-1614-road-15"},{"type":"Feature","properties":{"ftCode":2703,"motorway":9,"rnkWidth":2,"rdCtg":1,"tollSect":9,"source_layer":"road","kind":"road_centerline","bridge":true,"major":true},"geometry":{"type":"LineString","coordinates":[[138.98621321,35.56043988],[138.98578405,35.56045733]]},"id":"gsi-12-3629-1614-road-16"},{"type":"Feature","properties":{"ftCode":2701,"motorway":9,"rnkWidth":2,"rdCtg":1,"tollSect":9,"source_layer":"road","kind":"road_centerline","bridge":false,"major":true},"geometry":{"type":"LineString","coordinates":[[138.98827314,35.56082391],[138.98790836,35.56073663],[138.98713589,35.56070171],[138.98621321,35.56043988]]},"id":"gsi-12-3629-1614-road-17"},{"type":"Feature","properties":{"ftCode":2703,"motorway":9,"rnkWidth":2,"rdCtg":1,"tollSect":9,"source_layer":"road","kind":"road_centerline","bridge":true,"major":true},"geometry":{"type":"LineString","coordinates":[[138.98855209,35.56091118],[138.98827314,35.56082391]]},"id":"gsi-12-3629-1614-road-18"},{"type":"Feature","properties":{"ftCode":2701,"motorway":9,"rnkWidth":2,"rdCtg":1,"tollSect":9,"source_layer":"road","kind":"road_centerline","bridge":false,"major":true},"geometry":{"type":"LineString","coordinates":[[138.98855209,35.56091118],[138.98960352,35.56113811]]},"id":"gsi-12-3629-1614-road-19"},{"type":"Feature","properties":{"ftCode":2701,"motorway":0,"rnkWidth":2,"rdCtg":1,"tollSect":0,"source_layer":"road","kind":"road_centerline","bridge":false,"major":true},"geometry":{"type":"LineString","coordinates":[[138.98960352,35.56113811],[138.99,35.5610478]]},"id":"gsi-12-3629-1614-road-20"},{"type":"Feature","properties":{"ftCode":2701,"motorway":9,"rnkWidth":2,"rdCtg":0,"tollSect":9,"source_layer":"road","kind":"road_centerline","bridge":false,"major":true},"geometry":{"type":"LineString","coordinates":[[138.96797419,35.48827978],[138.96694422,35.4880177],[138.96649361,35.48782551],[138.96625757,35.48742367],[138.96608591,35.48670732],[138.96580696,35.48646271],[138.96503448,35.4862181],[138.96361828,35.48592108],[138.96278143,35.48567647],[138.96145105,35.48440099],[138.96063566,35.48309055],[138.95936966,35.48223439],[138.95872593,35.48158789],[138.95831823,35.48101127],[138.95799637,35.48006772],[138.95638704,35.47914162],[138.95507812,35.47907173]]},"id":"gsi-12-3629-1615-road-0"},{"type":"Feature","properties":{"ftCode":2701,"motorway":9,"rnkWidth":2,"rdCtg":1,"tollSect":9,"source_layer":"road","kind":"road_centerline","bridge":false,"major":true},"geometry":{"type":"LineString","coordinates":[[138.96782398,35.51174067],[138.96662235,35.51172321],[138.96625757,35.51195027],[138.96602154,35.51228213],[138.96565676,35.51222973],[138.96503448,35.51186294],[138.96458387,35.511828],[138.96417618,35.51202014],[138.96361828,35.51252666],[138.9634037,35.51261399],[138.96308184,35.51264892],[138.96303892,35.51273626],[138.96241665,35.51278865],[138.96233082,35.51284105],[138.96226645,35.51291092],[138.96226645,35.51345237],[138.96207333,35.51345237],[138.96138668,35.51303318],[138.96123648,35.51310305],[138.96100044,35.51355716],[138.9608717,35.5135921],[138.96076441,35.51355716],[138.96016359,35.51249173],[138.95997047,35.51238693],[138.95973444,35.51249173],[138.95962715,35.51284105],[138.95941257,35.51303318],[138.959198,35.51306811],[138.95909071,35.51301571],[138.95885468,35.51268386],[138.95883322,35.51238693],[138.95874739,35.51231706],[138.95778179,35.51215987],[138.95761013,35.51217733],[138.95754576,35.51296332],[138.95735264,35.51312051],[138.95705223,35.51319038],[138.95677328,35.51313798],[138.95627975,35.51261399],[138.95580769,35.5124044],[138.95582914,35.51231706],[138.9560008,35.5122472],[138.95660162,35.51266639],[138.9568162,35.51270132],[138.95692348,35.51263146],[138.95694494,35.51249173],[138.95664454,35.51181054],[138.95666599,35.51168827],[138.95685911,35.51165334],[138.95728827,35.51170574],[138.95825386,35.51146121],[138.9587903,35.51151361],[138.95889759,35.51144374],[138.95889759,35.51132148],[138.95883322,35.51126908],[138.95771742,35.51116428],[138.9565587,35.51133894],[138.95572186,35.51097214],[138.95546436,35.51097214],[138.95507812,35.51107694]]},"id":"gsi-12-3629-1615-road-1"},{"type":"Feature","properties":{"ftCode":2704,"motorway":9,"rnkWidth":2,"rdCtg":1,"tollSect":9,"source_layer":"road","kind":"road_centerline","bridge":false,"major":true},"geometry":{"type":"LineString","coordinates":[[138.97331715,35.51156601],[138.96782398,35.51174067]]},"id":"gsi-12-3629-1615-road-2"},{"type":"Feature","properties":{"ftCode":2701,"motorway":9,"rnkWidth":2,"rdCtg":1,"tollSect":9,"source_layer":"road","kind":"road_centerline","bridge":false,"major":true},"geometry":{"type":"LineString","coordinates":[[138.97331715,35.51156601],[138.97499084,35.51121668],[138.97531271,35.51119921],[138.97548437,35.51130401],[138.97584915,35.5120376],[138.97610664,35.51210747],[138.97621393,35.5120376],[138.97692204,35.51105948],[138.97786617,35.51097214],[138.97810221,35.51114681],[138.97825241,35.51139134],[138.9783597,35.51278865],[138.97848845,35.51296332],[138.97878885,35.51294585],[138.98016214,35.51184547],[138.98044109,35.51174067],[138.98069859,35.51179307],[138.98093462,35.5119852],[138.98106337,35.5124044],[138.98112774,35.51303318],[138.98119211,35.51319038],[138.9812994,35.51324277],[138.98202896,35.51280612],[138.98271561,35.51259652],[138.98290873,35.51236946],[138.9836812,35.51179307],[138.98372412,35.51165334],[138.98357391,35.51156601],[138.98335934,35.51160094],[138.98213625,35.51231706],[138.98202896,35.512352],[138.98187876,35.5122996],[138.98183584,35.51109441],[138.98187876,35.51081494],[138.98222208,35.50997654],[138.98222208,35.50980187],[138.98211479,35.50971454],[138.98095608,35.50955733],[138.98076296,35.50948747],[138.98067713,35.50938266],[138.98076296,35.50922546],[138.9812994,35.50906826],[138.9824152,35.50906826],[138.98299456,35.50915559],[138.98316622,35.50933026],[138.98305893,35.51025601],[138.98314476,35.51037828],[138.98325205,35.51039574],[138.98359537,35.51008134],[138.98378849,35.50999401],[138.98430347,35.50997654],[138.98453951,35.50990667],[138.9849472,35.5094176],[138.98514032,35.5093128],[138.98780107,35.50901586],[138.98823023,35.50889359],[138.98883104,35.50852678],[138.98904562,35.50850931],[138.98951769,35.50868398],[138.98966789,35.50868398],[138.99,35.50864072]]},"id":"gsi-12-3629-1615-road-3"},{"type":"Feature","properties":{"ftCode":2703,"motorway":9,"rnkWidth":2,"rdCtg":0,"tollSect":9,"source_layer":"road","kind":"road_centerline","bridge":true,"major":true},"geometry":{"type":"LineString","coordinates":[[138.96853209,35.48841955],[138.96797419,35.48827978]]},"id":"gsi-12-3629-1615-road-5"},{"type":"Feature","properties":{"ftCode":2701,"motorway":9,"rnkWidth":2,"rdCtg":0,"tollSect":9,"source_layer":"road","kind":"road_centerline","bridge":false,"major":true},"geometry":{"type":"LineString","coordinates":[[138.96853209,35.48841955],[138.96941185,35.48866415],[138.97404671,35.49163425],[138.97696495,35.49283973],[138.97756577,35.4934512],[138.97775888,35.49357349],[138.98026943,35.49472653],[138.98149252,35.49553015],[138.98157835,35.49570485],[138.98164272,35.49622895],[138.98202896,35.4967181],[138.98331642,35.4974693],[138.98453951,35.49794098],[138.98486137,35.49820302],[138.98516178,35.49860481],[138.98556948,35.49898914],[138.98696423,35.49986259],[138.98713589,35.50019451],[138.98726463,35.50108542],[138.98735046,35.50127758],[138.98771524,35.5017667],[138.98833752,35.50234316],[138.98904562,35.50360088],[138.98968935,35.50407253],[138.99,35.50419429]]},"id":"gsi-12-3629-1615-road-6"},{"type":"Feature","properties":{"ftCode":2701,"motorway":9,"rnkWidth":0,"rdCtg":1,"tollSect":9,"source_layer":"road","kind":"road_centerline","bridge":false,"major":true},"geometry":{"type":"LineString","coordinates":[[138.99,35.41043136],[138.9894104,35.41042373],[138.98904562,35.41056363],[138.98876667,35.41058112],[138.98713589,35.41040624],[138.98666382,35.41047619],[138.9859128,35.41096587],[138.98561239,35.41129815],[138.9855051,35.41133312],[138.98490429,35.41143805],[138.98436785,35.41161293],[138.98402452,35.41164791],[138.98237228,35.41163042],[138.98211479,35.41194521],[138.98123503,35.41208512],[138.98106337,35.41227748],[138.98076296,35.41294203],[138.98044109,35.41316937],[138.97934675,35.41362406],[138.97855282,35.41365903],[138.97756577,35.41358908],[138.97735119,35.41346667],[138.97717953,35.4132743],[138.97698641,35.41287208],[138.97694349,35.41241739],[138.97679329,35.41234744],[138.97629976,35.41252232],[138.97587061,35.41276715],[138.97526979,35.41294203],[138.97454023,35.41287208],[138.97387505,35.41309942],[138.97316694,35.41295952],[138.97273779,35.41302947],[138.97243738,35.41323932],[138.97215843,35.41353662],[138.97185802,35.41369401],[138.97145033,35.41432356],[138.97059202,35.41444598],[138.9703989,35.41451593],[138.9702487,35.41465583],[138.97033453,35.41486568],[138.97106409,35.41504055],[138.9713645,35.41535533],[138.9713645,35.41574005],[138.97117138,35.41615975],[138.9708066,35.41642205],[138.97076368,35.41685923],[138.97069931,35.41696415],[138.97046328,35.41696415],[138.96999121,35.41678928],[138.96958351,35.41678928],[138.96911144,35.41689421],[138.96911144,35.4170341],[138.96932602,35.41724395],[138.96936893,35.41740133],[138.9692831,35.41782102],[138.96949768,35.41839808],[138.96949768,35.41862541],[138.96939039,35.41867787],[138.96889687,35.41862541],[138.96866083,35.41894017],[138.96863937,35.41927241],[138.96896124,35.42011176],[138.96964788,35.42042652],[138.96971226,35.4205839],[138.96958351,35.42065384],[138.96893978,35.42063635],[138.96848917,35.42042652],[138.96831751,35.420444],[138.96827459,35.42053144],[138.9684248,35.42091613],[138.96836042,35.42175547],[138.96821022,35.4218429],[138.96795273,35.42186038],[138.96750212,35.42215764],[138.96687984,35.42273468],[138.96670818,35.42304942],[138.96668673,35.42336417],[138.96692276,35.42395868],[138.96735191,35.42446576],[138.96771669,35.42476301],[138.96803856,35.42535751],[138.96803856,35.42591703],[138.96782398,35.42630171],[138.96750212,35.42658147],[138.96750212,35.42684374],[138.96763086,35.42696613],[138.96799564,35.42708853],[138.9684248,35.42736829],[138.96855354,35.42754313],[138.96853209,35.4278054],[138.96793127,35.42799774],[138.96771669,35.42799774],[138.96739483,35.42785786],[138.96677256,35.42775295],[138.96647215,35.42754313],[138.96640778,35.42742074],[138.9663434,35.4267738],[138.96606445,35.42670386],[138.96539927,35.42668638],[138.96454096,35.42616182],[138.96434784,35.42610937],[138.96415472,35.42621428],[138.9639616,35.42647656],[138.96368265,35.42665141],[138.96353245,35.42682625],[138.96327496,35.42691368],[138.96308184,35.42710601],[138.96273851,35.42784037],[138.96235228,35.42812013],[138.96173,35.42819007],[138.96121502,35.42834743],[138.96050692,35.4283824],[138.95986319,35.42878454],[138.95913363,35.42887196],[138.95891905,35.42901184],[138.95831823,35.42873209],[138.95788908,35.42869712],[138.95745993,35.42888945],[138.9571166,35.42913423],[138.9569664,35.4291692],[138.95664454,35.42890693],[138.95591497,35.42866215],[138.95537853,35.4286097],[138.95507812,35.42874957]]},"id":"gsi-12-3629-1616-road-0"},{"type":"Feature","properties":{"ftCode":2701,"motorway":9,"rnkWidth":1,"rdCtg":1,"tollSect":9,"source_layer":"road","kind":"road_centerline","bridge":false,"major":true},"geometry":{"type":"LineString","coordinates":[[138.95507812,35.37176491],[138.95831823,35.37153745]]},"id":"gsi-12-3629-1617-road-0"},{"type":"Feature","properties":{"ftCode":2701,"motorway":9,"rnkWidth":2,"rdCtg":1,"tollSect":9,"source_layer":"road","kind":"road_centerline","bridge":false,"major":true},"geometry":{"type":"LineString","coordinates":[[138.95507812,35.34516529],[138.9565587,35.34378257],[138.9573741,35.34269738]]},"id":"gsi-12-3629-1617-road-2"},{"type":"Feature","properties":{"ftCode":2701,"motorway":9,"rnkWidth":2,"rdCtg":1,"tollSect":9,"source_layer":"road","kind":"road_centerline","bridge":false,"major":true},"geometry":{"type":"LineString","coordinates":[[138.95507812,35.33518817],[138.95713806,35.3352932],[138.95784616,35.33499562],[138.95831823,35.33496061]]},"id":"gsi-12-3629-1617-road-9"},{"type":"Feature","properties":{"ftCode":2701,"motorway":9,"rnkWidth":2,"rdCtg":1,"tollSect":9,"source_layer":"road","kind":"road_centerline","bridge":false,"major":true},"geometry":{"type":"LineString","coordinates":[[138.95507812,35.32184842],[138.95593643,35.32176088],[138.95685911,35.3215683],[138.95724535,35.3215858],[138.95831823,35.32193596]]},"id":"gsi-12-3629-1617-road-10"},{"type":"Feature","properties":{"ftCode":2701,"motorway":0,"rnkWidth":1,"rdCtg":1,"tollSect":0,"source_layer":"road","kind":"road_centerline","bridge":false,"major":true},"geometry":{"type":"LineString","coordinates":[[138.95846844,35.37151996],[138.95831823,35.37153745]]},"id":"gsi-12-3629-1617-road-11"},{"type":"Feature","properties":{"ftCode":2701,"motorway":0,"rnkWidth":2,"rdCtg":1,"tollSect":0,"source_layer":"road","kind":"road_centerline","bridge":false,"major":true},"geometry":{"type":"LineString","coordinates":[[138.97127867,35.36250854],[138.9702487,35.36287601],[138.96881104,35.36317349],[138.96831751,35.36352347],[138.96696568,35.36490585],[138.96666527,35.3654133],[138.96348953,35.36991022],[138.96323204,35.37022517],[138.96288872,35.37048763],[138.96179438,35.37113502],[138.9614296,35.371275],[138.95846844,35.37151996]]},"id":"gsi-12-3629-1617-road-12"},{"type":"Feature","properties":{"ftCode":2701,"motorway":9,"rnkWidth":4,"rdCtg":0,"tollSect":9,"source_layer":"road","kind":"road_centerline","bridge":false,"major":true},"geometry":{"type":"LineString","coordinates":[[138.95507812,35.35428365],[138.95664454,35.35430115],[138.95720243,35.35458116],[138.9573741,35.35477367],[138.9575243,35.35510618]]},"id":"gsi-12-3629-1617-road-13"},{"type":"Feature","properties":{"ftCode":2701,"motorway":9,"rnkWidth":3,"rdCtg":0,"tollSect":9,"source_layer":"road","kind":"road_centerline","bridge":false,"major":true},"geometry":{"type":"LineString","coordinates":[[138.9575243,35.35510618],[138.95782471,35.35564869],[138.95810366,35.35589369],[138.95831823,35.35598119]]},"id":"gsi-12-3629-1617-road-14"},{"type":"Feature","properties":{"ftCode":2701,"motorway":0,"rnkWidth":3,"rdCtg":0,"tollSect":0,"source_layer":"road","kind":"road_centerline","bridge":false,"major":true},"geometry":{"type":"LineString","coordinates":[[138.95831823,35.35598119],[138.95853281,35.3560512],[138.95898342,35.3560862],[138.96072149,35.35585869],[138.96110773,35.35592869],[138.96338224,35.3566287],[138.96383286,35.3566812]]},"id":"gsi-12-3629-1617-road-15"},{"type":"Feature","properties":{"ftCode":2701,"motorway":0,"rnkWidth":1,"rdCtg":1,"tollSect":0,"source_layer":"road","kind":"road_centerline","bridge":false,"major":true},"geometry":{"type":"LineString","coordinates":[[138.97134304,35.36249104],[138.97127867,35.36250854]]},"id":"gsi-12-3629-1617-road-16"},{"type":"Feature","properties":{"ftCode":2701,"motorway":0,"rnkWidth":2,"rdCtg":1,"tollSect":0,"source_layer":"road","kind":"road_centerline","bridge":false,"major":true},"geometry":{"type":"LineString","coordinates":[[138.97134304,35.36249104],[138.97205114,35.36217606],[138.97316694,35.3614936],[138.97346735,35.3614061],[138.97376776,35.3614586],[138.97398233,35.36156359],[138.97408962,35.36172109],[138.97436857,35.36254354],[138.97488356,35.36322599],[138.97511959,35.36415342],[138.97542,35.3643284],[138.97578478,35.3643809]]},"id":"gsi-12-3629-1617-road-17"},{"type":"Feature","properties":{"ftCode":2703,"motorway":0,"rnkWidth":2,"rdCtg":1,"tollSect":0,"source_layer":"road","kind":"road_centerline","bridge":true,"major":true},"geometry":{"type":"LineString","coordinates":[[138.97578478,35.3643809],[138.97672892,35.3643284],[138.97692204,35.3643809]]},"id":"gsi-12-3629-1617-road-18"},{"type":"Feature","properties":{"ftCode":2704,"motorway":0,"rnkWidth":2,"rdCtg":0,"tollSect":0,"source_layer":"road","kind":"road_centerline","bridge":false,"major":true},"geometry":{"type":"LineString","coordinates":[[138.97621393,35.36228105],[138.97636414,35.36270103],[138.97657871,35.36502834],[138.97666454,35.36522082],[138.97715807,35.36583326]]},"id":"gsi-12-3629-1617-road-19"},{"type":"Feature","properties":{"ftCode":2701,"motorway":0,"rnkWidth":2,"rdCtg":0,"tollSect":0,"source_layer":"road","kind":"road_centerline","bridge":false,"major":true},"geometry":{"type":"LineString","coordinates":[[138.96383286,35.3566812],[138.96428347,35.3565762],[138.96509886,35.3561387],[138.96572113,35.3560862],[138.966043,35.3561562],[138.96683693,35.3565062],[138.96711588,35.3565762],[138.96878958,35.3566637],[138.96934748,35.3567687],[138.96979809,35.3569962],[138.97046328,35.35746871],[138.97093534,35.3576437],[138.97239447,35.3576262],[138.97286654,35.3577312],[138.97331715,35.3579587],[138.9737463,35.3583787],[138.97469044,35.35977867]]},"id":"gsi-12-3629-1617-road-20"},{"type":"Feature","properties":{"ftCode":2704,"motorway":0,"rnkWidth":2,"rdCtg":0,"tollSect":0,"source_layer":"road","kind":"road_centerline","bridge":false,"major":true},"geometry":{"type":"LineString","coordinates":[[138.97469044,35.35977867],[138.97599936,35.36180858]]},"id":"gsi-12-3629-1617-road-21"},{"type":"Feature","properties":{"ftCode":2701,"motorway":0,"rnkWidth":2,"rdCtg":0,"tollSect":0,"source_layer":"road","kind":"road_centerline","bridge":false,"major":true},"geometry":{"type":"LineString","coordinates":[[138.97599936,35.36180858],[138.97621393,35.36228105]]},"id":"gsi-12-3629-1617-road-22"},{"type":"Feature","properties":{"ftCode":2703,"motorway":0,"rnkWidth":2,"rdCtg":0,"tollSect":0,"source_layer":"road","kind":"road_centerline","bridge":true,"major":true},"geometry":{"type":"LineString","coordinates":[[138.98155689,35.36753056],[138.98082733,35.36763555],[138.98031235,35.36763555],[138.97941113,35.36747807],[138.97898197,35.36733808]]},"id":"gsi-12-3629-1617-road-23"},{"type":"Feature","properties":{"ftCode":2704,"motorway":0,"rnkWidth":2,"rdCtg":1,"tollSect":0,"source_layer":"road","kind":"road_centerline","bridge":false,"major":true},"geometry":{"type":"LineString","coordinates":[[138.98232937,35.36711061],[138.98247957,35.36760055]]},"id":"gsi-12-3629-1617-road-24"},{"type":"Feature","properties":{"ftCode":2703,"motorway":0,"rnkWidth":2,"rdCtg":1,"tollSect":0,"source_layer":"road","kind":"road_centerline","bridge":true,"major":true},"geometry":{"type":"LineString","coordinates":[[138.98183584,35.36669066],[138.98215771,35.36686564],[138.98224354,35.36697063]]},"id":"gsi-12-3629-1617-road-25"},{"type":"Feature","properties":{"ftCode":2701,"motorway":0,"rnkWidth":2,"rdCtg":1,"tollSect":0,"source_layer":"road","kind":"road_centerline","bridge":false,"major":true},"geometry":{"type":"LineString","coordinates":[[138.98232937,35.36709311],[138.98232937,35.36711061]]},"id":"gsi-12-3629-1617-road-26"},{"type":"Feature","properties":{"ftCode":2701,"motorway":0,"rnkWidth":2,"rdCtg":1,"tollSect":0,"source_layer":"road","kind":"road_centerline","bridge":false,"major":true},"geometry":{"type":"LineString","coordinates":[[138.98224354,35.36697063],[138.98232937,35.36709311]]},"id":"gsi-12-3629-1617-road-27"},{"type":"Feature","properties":{"ftCode":2701,"motorway":0,"rnkWidth":1,"rdCtg":0,"tollSect":0,"source_layer":"road","kind":"road_centerline","bridge":false,"major":true},"geometry":{"type":"LineString","coordinates":[[138.97692204,35.36557078],[138.97692204,35.36616572],[138.97711515,35.3663407],[138.97810221,35.36688314]]},"id":"gsi-12-3629-1617-road-28"},{"type":"Feature","properties":{"ftCode":2701,"motorway":0,"rnkWidth":2,"rdCtg":0,"tollSect":0,"source_layer":"road","kind":"road_centerline","bridge":false,"major":true},"geometry":{"type":"LineString","coordinates":[[138.97715807,35.36583326],[138.97756577,35.36641069],[138.97810221,35.36688314],[138.97898197,35.36733808]]},"id":"gsi-12-3629-1617-road-29"},{"type":"Feature","properties":{"ftCode":2701,"motorway":0,"rnkWidth":2,"rdCtg":1,"tollSect":0,"source_layer":"road","kind":"road_centerline","bridge":false,"major":true},"geometry":{"type":"LineString","coordinates":[[138.97692204,35.3643809],[138.97773743,35.36455588],[138.97812366,35.36455588],[138.97846699,35.3643459],[138.97911072,35.36343597],[138.97969007,35.36299851],[138.98099899,35.36215856],[138.98140669,35.36191357],[138.98159981,35.36186108],[138.98190022,35.36186108],[138.98222208,35.36194857],[138.98254395,35.36224605],[138.98262978,35.36270103],[138.98237228,35.3630335],[138.98155689,35.36369845],[138.98108482,35.36424091],[138.98052692,35.36497584],[138.98046255,35.36530831],[138.98052692,35.36564078],[138.9808917,35.36641069],[138.9811492,35.36656818],[138.98183584,35.36669066]]},"id":"gsi-12-3629-1617-road-30"},{"type":"Feature","properties":{"ftCode":2701,"motorway":0,"rnkWidth":2,"rdCtg":1,"tollSect":0,"source_layer":"road","kind":"road_centerline","bridge":false,"major":true},"geometry":{"type":"LineString","coordinates":[[138.98247957,35.36760055],[138.98252249,35.36767054],[138.98303747,35.36756555]]},"id":"gsi-12-3629-1617-road-31"},{"type":"Feature","properties":{"ftCode":2701,"motorway":0,"rnkWidth":2,"rdCtg":0,"tollSect":0,"source_layer":"road","kind":"road_centerline","bridge":false,"major":true},"geometry":{"type":"LineString","coordinates":[[138.98155689,35.36753056],[138.98406744,35.36698813]]},"id":"gsi-12-3629-1617-road-32"},{"type":"Feature","properties":{"ftCode":2701,"motorway":0,"rnkWidth":1,"rdCtg":0,"tollSect":0,"source_layer":"road","kind":"road_centerline","bridge":false,"major":true},"geometry":{"type":"LineString","coordinates":[[138.98215771,35.36740807],[138.98286581,35.36737308],[138.98303747,35.36756555],[138.98305893,35.36732059],[138.98363829,35.36707562],[138.98301601,35.36711061],[138.98293018,35.36698813],[138.98284435,35.36698813],[138.98286581,35.36709311],[138.98277998,35.3671806],[138.98215771,35.36740807]]},"id":"gsi-12-3629-1617-road-33"},{"type":"Feature","properties":{"ftCode":2701,"motorway":0,"rnkWidth":2,"rdCtg":1,"tollSect":0,"source_layer":"road","kind":"road_centerline","bridge":false,"major":true},"geometry":{"type":"LineString","coordinates":[[138.98232937,35.36709311],[138.98288727,35.36698813]]},"id":"gsi-12-3629-1617-road-34"},{"type":"Feature","properties":{"ftCode":2703,"motorway":0,"rnkWidth":2,"rdCtg":0,"tollSect":0,"source_layer":"road","kind":"road_centerline","bridge":true,"major":true},"geometry":{"type":"LineString","coordinates":[[138.98406744,35.36698813],[138.98679256,35.3663232]]},"id":"gsi-12-3629-1617-road-35"},{"type":"Feature","properties":{"ftCode":2701,"motorway":0,"rnkWidth":2,"rdCtg":0,"tollSect":0,"source_layer":"road","kind":"road_centerline","bridge":false,"major":true},"geometry":{"type":"LineString","coordinates":[[138.98679256,35.3663232],[138.9888525,35.36572827]]},"id":"gsi-12-3629-1617-road-36"},{"type":"Feature","properties":{"ftCode":2701,"motorway":0,"rnkWidth":1,"rdCtg":1,"tollSect":0,"source_layer":"road","kind":"road_centerline","bridge":false,"major":true},"geometry":{"type":"LineString","coordinates":[[138.98681402,35.36009366],[138.98698568,35.35983117]]},"id":"gsi-12-3629-1617-road-37"},{"type":"Feature","properties":{"ftCode":2701,"motorway":0,"rnkWidth":2,"rdCtg":1,"tollSect":0,"source_layer":"road","kind":"road_centerline","bridge":false,"major":true},"geometry":{"type":"LineString","coordinates":[[138.98910999,35.3614411],[138.98861647,35.36131861],[138.98816586,35.36112612],[138.98728609,35.36042615],[138.98651361,35.35990116]]},"id":"gsi-12-3629-1617-road-38"},{"type":"Feature","properties":{"ftCode":2703,"motorway":0,"rnkWidth":2,"rdCtg":1,"tollSect":0,"source_layer":"road","kind":"road_centerline","bridge":true,"major":true},"geometry":{"type":"LineString","coordinates":[[138.98651361,35.35990116],[138.98636341,35.35977867]]},"id":"gsi-12-3629-1617-road-39"},{"type":"Feature","properties":{"ftCode":2703,"motorway":0,"rnkWidth":1,"rdCtg":1,"tollSect":0,"source_layer":"road","kind":"road_centerline","bridge":true,"major":true},"geometry":{"type":"LineString","coordinates":[[138.98698568,35.35983117],[138.98720026,35.35935868]]},"id":"gsi-12-3629-1617-road-40"},{"type":"Feature","properties":{"ftCode":2701,"motorway":0,"rnkWidth":1,"rdCtg":1,"tollSect":0,"source_layer":"road","kind":"road_centerline","bridge":false,"major":true},"geometry":{"type":"LineString","coordinates":[[138.9842391,35.35489617],[138.98507595,35.3562262],[138.98707151,35.3583612],[138.9870286,35.35892119],[138.98724318,35.35916618],[138.98720026,35.35935868]]},"id":"gsi-12-3629-1617-road-41"},{"type":"Feature","properties":{"ftCode":2701,"motorway":1,"rnkWidth":3,"rdCtg":3,"tollSect":1,"source_layer":"road","kind":"road_centerline","bridge":false,"major":true},"geometry":{"type":"LineString","coordinates":[[138.98526907,35.3532161],[138.98567677,35.35356612]]},"id":"gsi-12-3629-1617-road-42"},{"type":"Feature","properties":{"ftCode":2703,"motorway":1,"rnkWidth":3,"rdCtg":3,"tollSect":1,"source_layer":"road","kind":"road_centerline","bridge":true,"major":true},"geometry":{"type":"LineString","coordinates":[[138.98567677,35.35356612],[138.98617029,35.35391613]]},"id":"gsi-12-3629-1617-road-43"},{"type":"Feature","properties":{"ftCode":2703,"motorway":1,"rnkWidth":3,"rdCtg":3,"tollSect":1,"source_layer":"road","kind":"road_centerline","bridge":true,"major":true},"geometry":{"type":"LineString","coordinates":[[138.9875865,35.35454616],[138.98835897,35.35472116]]},"id":"gsi-12-3629-1617-road-44"},{"type":"Feature","properties":{"ftCode":2701,"motorway":1,"rnkWidth":3,"rdCtg":3,"tollSect":1,"source_layer":"road","kind":"road_centerline","bridge":false,"major":true},"geometry":{"type":"LineString","coordinates":[[138.98617029,35.35391613],[138.98659945,35.35417864],[138.9875865,35.35454616]]},"id":"gsi-12-3629-1617-road-45"},{"type":"Feature","properties":{"ftCode":2704,"motorway":0,"rnkWidth":2,"rdCtg":0,"tollSect":0,"source_layer":"road","kind":"road_centerline","bridge":false,"major":true},"geometry":{"type":"LineString","coordinates":[[138.9888525,35.36572827],[138.99,35.36542799]]},"id":"gsi-12-3629-1617-road-46"},{"type":"Feature","properties":{"ftCode":2703,"motorway":0,"rnkWidth":2,"rdCtg":1,"tollSect":0,"source_layer":"road","kind":"road_centerline","bridge":true,"major":true},"geometry":{"type":"LineString","coordinates":[[138.98910999,35.3614411],[138.98930311,35.3614761]]},"id":"gsi-12-3629-1617-road-52"},{"type":"Feature","properties":{"ftCode":2701,"motorway":0,"rnkWidth":2,"rdCtg":1,"tollSect":0,"source_layer":"road","kind":"road_centerline","bridge":false,"major":true},"geometry":{"type":"LineString","coordinates":[[138.98930311,35.3614761],[138.99,35.3616537]]},"id":"gsi-12-3629-1617-road-53"},{"type":"Feature","properties":{"ftCode":2701,"motorway":1,"rnkWidth":3,"rdCtg":3,"tollSect":1,"source_layer":"road","kind":"road_centerline","bridge":false,"major":true},"geometry":{"type":"LineString","coordinates":[[138.98835897,35.35472116],[138.98932457,35.35484367]]},"id":"gsi-12-3629-1617-road-57"},{"type":"Feature","properties":{"ftCode":2704,"motorway":1,"rnkWidth":3,"rdCtg":3,"tollSect":1,"source_layer":"road","kind":"road_centerline","bridge":false,"major":true},"geometry":{"type":"LineString","coordinates":[[138.98932457,35.35484367],[138.99,35.35490925]]},"id":"gsi-12-3629-1617-road-58"},{"type":"Feature","properties":{"ftCode":2701,"motorway":9,"rnkWidth":2,"rdCtg":1,"tollSect":9,"source_layer":"road","kind":"road_centerline","bridge":false,"major":true},"geometry":{"type":"LineString","coordinates":[[138.95507812,35.34267988],[138.9573741,35.34269738]]},"id":"gsi-12-3629-1617-road-68"},{"type":"Feature","properties":{"ftCode":2701,"motorway":9,"rnkWidth":2,"rdCtg":1,"tollSect":9,"source_layer":"road","kind":"road_centerline","bridge":false,"major":true},"geometry":{"type":"LineString","coordinates":[[138.95831823,35.34264487],[138.9573741,35.34269738]]},"id":"gsi-12-3629-1617-road-69"},{"type":"Feature","properties":{"ftCode":2701,"motorway":0,"rnkWidth":2,"rdCtg":1,"tollSect":0,"source_layer":"road","kind":"road_centerline","bridge":false,"major":true},"geometry":{"type":"LineString","coordinates":[[138.95831823,35.34264487],[138.95868301,35.34259236],[138.96085024,35.34199725],[138.96108627,35.34199725],[138.96153688,35.34210227],[138.96318913,35.34297743],[138.96374702,35.34309995],[138.96419764,35.34311746],[138.9661932,35.34285491],[138.96904707,35.34234732],[138.969841,35.34231231],[138.97029161,35.34250485],[138.97160053,35.34327498],[138.97451878,35.34388759],[138.97477627,35.34399261],[138.97496939,35.34416763],[138.9750123,35.34429015],[138.97484064,35.34576038],[138.97481918,35.34651298],[138.97509813,35.34927831],[138.9772439,35.35557869],[138.97756577,35.35571869],[138.97990465,35.35557869],[138.98024797,35.35561369],[138.98063421,35.35589369],[138.98093462,35.3564187],[138.98166418,35.3580462],[138.98196459,35.3583962],[138.98252249,35.3585712],[138.98348808,35.35925368],[138.98505449,35.35932368],[138.98516178,35.35944618],[138.98503304,35.35993616],[138.98509741,35.36005866],[138.98522615,35.36005866],[138.98599863,35.35965617],[138.98619175,35.35967367],[138.98636341,35.35977867]]},"id":"gsi-12-3629-1617-road-70"},{"type":"Feature","properties":{"ftCode":2703,"motorway":0,"rnkWidth":2,"rdCtg":1,"tollSect":0,"source_layer":"road","kind":"road_centerline","bridge":true,"major":true},"geometry":{"type":"LineString","coordinates":[[138.97411108,35.33833898],[138.97484064,35.33786636]]},"id":"gsi-12-3629-1617-road-71"},{"type":"Feature","properties":{"ftCode":2701,"motorway":1,"rnkWidth":3,"rdCtg":3,"tollSect":1,"source_layer":"road","kind":"road_centerline","bridge":false,"major":true},"geometry":{"type":"LineString","coordinates":[[138.97267342,35.33545075],[138.9726305,35.33546825],[138.9727807,35.33599339],[138.97305965,35.33657104],[138.97426128,35.33819894],[138.97552729,35.33938922],[138.97679329,35.34035192]]},"id":"gsi-12-3629-1617-road-72"},{"type":"Feature","properties":{"ftCode":2701,"motorway":0,"rnkWidth":2,"rdCtg":1,"tollSect":0,"source_layer":"road","kind":"road_centerline","bridge":false,"major":true},"geometry":{"type":"LineString","coordinates":[[138.97484064,35.33786636],[138.97514105,35.33763881],[138.97529125,35.33734124],[138.97572041,35.33588836],[138.97602081,35.33517067],[138.976686,35.33440045],[138.97711515,35.33410287]]},"id":"gsi-12-3629-1617-road-73"},{"type":"Feature","properties":{"ftCode":2701,"motorway":0,"rnkWidth":1,"rdCtg":1,"tollSect":0,"source_layer":"road","kind":"road_centerline","bridge":false,"major":true},"geometry":{"type":"LineString","coordinates":[[138.95831823,35.33496061],[138.95857573,35.33494311],[138.95951986,35.33448798],[138.96112919,35.33401534]]},"id":"gsi-12-3629-1617-road-74"},{"type":"Feature","properties":{"ftCode":2701,"motorway":0,"rnkWidth":2,"rdCtg":1,"tollSect":0,"source_layer":"road","kind":"road_centerline","bridge":false,"major":true},"geometry":{"type":"LineString","coordinates":[[138.96112919,35.33401534],[138.96344662,35.33335015],[138.96447659,35.33300005],[138.96546364,35.33277248],[138.96647215,35.33263243],[138.96803856,35.33268495],[138.96836042,35.33264994],[138.968575,35.33256241],[138.9700985,35.33152959],[138.97044182,35.33151208],[138.97082806,35.33168714]]},"id":"gsi-12-3629-1617-road-75"},{"type":"Feature","properties":{"ftCode":2701,"motorway":0,"rnkWidth":2,"rdCtg":1,"tollSect":0,"source_layer":"road","kind":"road_centerline","bridge":false,"major":true},"geometry":{"type":"LineString","coordinates":[[138.95831823,35.32193596],[138.95949841,35.32233863],[138.96072149,35.32254872],[138.96164417,35.32263626],[138.96331787,35.32303893],[138.96666527,35.32345911],[138.9702487,35.32405436],[138.97063494,35.32417691],[138.97106409,35.32456207],[138.97175074,35.32501725],[138.97224426,35.32526235]]},"id":"gsi-12-3629-1617-road-76"},{"type":"Feature","properties":{"ftCode":2703,"motorway":0,"rnkWidth":2,"rdCtg":1,"tollSect":0,"source_layer":"road","kind":"road_centerline","bridge":true,"major":true},"geometry":{"type":"LineString","coordinates":[[138.97082806,35.33168714],[138.9709568,35.33193222]]},"id":"gsi-12-3629-1617-road-77"},{"type":"Feature","properties":{"ftCode":2701,"motorway":0,"rnkWidth":2,"rdCtg":1,"tollSect":0,"source_layer":"road","kind":"road_centerline","bridge":false,"major":true},"geometry":{"type":"LineString","coordinates":[[138.9709568,35.33193222],[138.97089243,35.33293002],[138.97138596,35.33392782],[138.97200823,35.33466303],[138.97200823,35.33503063],[138.97187948,35.33536322],[138.9719224,35.33560829],[138.97286654,35.33669357],[138.97308111,35.33704366],[138.97297382,35.33767382],[138.9730382,35.33798889],[138.97310257,35.33807641],[138.97357464,35.33830397],[138.97376776,35.33835648],[138.97411108,35.33833898]]},"id":"gsi-12-3629-1617-road-78"},{"type":"Feature","properties":{"ftCode":2701,"motorway":0,"rnkWidth":2,"rdCtg":1,"tollSect":0,"source_layer":"road","kind":"road_centerline","bridge":false,"major":true},"geometry":{"type":"LineString","coordinates":[[138.97711515,35.33410287],[138.97702932,35.3338753],[138.97713661,35.33373526],[138.97803783,35.33343768],[138.9782095,35.33326262],[138.97814512,35.33214228],[138.97808075,35.33198473],[138.97775888,35.33175716],[138.97681475,35.33151208],[138.97660017,35.33121449],[138.97593498,35.33084687],[138.97544146,35.33067181],[138.97503376,35.33030419],[138.97494793,35.33019915],[138.97505522,35.32984904],[138.97503376,35.32970899],[138.97402525,35.32799338],[138.97406816,35.32741567],[138.97383213,35.32640029],[138.97346735,35.32589259],[138.9727807,35.32550744]]},"id":"gsi-12-3629-1617-road-79"},{"type":"Feature","properties":{"ftCode":2701,"motorway":1,"rnkWidth":4,"rdCtg":3,"tollSect":1,"source_layer":"road","kind":"road_centerline","bridge":false,"major":true},"geometry":{"type":"LineString","coordinates":[[138.96900415,35.31736633],[138.97018433,35.31866196],[138.97132158,35.32043029],[138.97198677,35.32200599],[138.97230864,35.32317899],[138.97241592,35.32382676],[138.9724803,35.32519232],[138.97241592,35.32659286],[138.97205114,35.33068932],[138.97205114,35.3318622],[138.97224426,35.33401534],[138.97258759,35.3352757],[138.97344589,35.33672858],[138.97400379,35.33742876],[138.97475481,35.33812893],[138.97677183,35.33945923],[138.97754431,35.3402469],[138.97788763,35.34075451],[138.97825241,35.34154216]]},"id":"gsi-12-3629-1617-road-80"},{"type":"Feature","properties":{"ftCode":2703,"motorway":0,"rnkWidth":2,"rdCtg":1,"tollSect":0,"source_layer":"road","kind":"road_centerline","bridge":true,"major":true},"geometry":{"type":"LineString","coordinates":[[138.97224426,35.32526235],[138.9727807,35.32550744]]},"id":"gsi-12-3629-1617-road-81"},{"type":"Feature","properties":{"ftCode":2703,"motorway":0,"rnkWidth":2,"rdCtg":1,"tollSect":0,"source_layer":"road","kind":"road_centerline","bridge":true,"major":true},"geometry":{"type":"LineString","coordinates":[[138.98183584,35.35109847],[138.98205042,35.35141349]]},"id":"gsi-12-3629-1617-road-82"},{"type":"Feature","properties":{"ftCode":2701,"motorway":0,"rnkWidth":1,"rdCtg":1,"tollSect":0,"source_layer":"road","kind":"road_centerline","bridge":false,"major":true},"geometry":{"type":"LineString","coordinates":[[138.98123503,35.34968084],[138.98190022,35.34976835],[138.98209333,35.34976835],[138.982265,35.34969835]]},"id":"gsi-12-3629-1617-road-83"},{"type":"Feature","properties":{"ftCode":2704,"motorway":0,"rnkWidth":1,"rdCtg":1,"tollSect":0,"source_layer":"road","kind":"road_centerline","bridge":false,"major":true},"geometry":{"type":"LineString","coordinates":[[138.98265123,35.34952333],[138.982265,35.34969835]]},"id":"gsi-12-3629-1617-road-84"},{"type":"Feature","properties":{"ftCode":2701,"motorway":1,"rnkWidth":2,"rdCtg":3,"tollSect":1,"source_layer":"road","kind":"road_centerline","bridge":false,"major":true},"geometry":{"type":"LineString","coordinates":[[138.97988319,35.34544533],[138.97908926,35.34415013]]},"id":"gsi-12-3629-1617-road-85"},{"type":"Feature","properties":{"ftCode":2701,"motorway":1,"rnkWidth":2,"rdCtg":3,"tollSect":1,"source_layer":"road","kind":"road_centerline","bridge":false,"major":true},"geometry":{"type":"LineString","coordinates":[[138.97921801,35.34408012],[138.97992611,35.3452528]]},"id":"gsi-12-3629-1617-road-86"},{"type":"Feature","properties":{"ftCode":2701,"motorway":0,"rnkWidth":1,"rdCtg":1,"tollSect":0,"source_layer":"road","kind":"road_centerline","bridge":false,"major":true},"geometry":{"type":"LineString","coordinates":[[138.98265123,35.34952333],[138.98277998,35.34948833],[138.98275852,35.34941832],[138.98247957,35.34903328],[138.98232937,35.3482982],[138.98179293,35.34696804],[138.98181438,35.34660049],[138.9820075,35.34633796]]},"id":"gsi-12-3629-1617-road-87"},{"type":"Feature","properties":{"ftCode":2703,"motorway":1,"rnkWidth":2,"rdCtg":3,"tollSect":1,"source_layer":"road","kind":"road_centerline","bridge":true,"major":true},"geometry":{"type":"LineString","coordinates":[[138.9808917,35.34675802],[138.97988319,35.34544533]]},"id":"gsi-12-3629-1617-road-88"},{"type":"Feature","properties":{"ftCode":2703,"motorway":1,"rnkWidth":2,"rdCtg":3,"tollSect":1,"source_layer":"road","kind":"road_centerline","bridge":true,"major":true},"geometry":{"type":"LineString","coordinates":[[138.97992611,35.3452528],[138.98102045,35.34668801]]},"id":"gsi-12-3629-1617-road-89"},{"type":"Feature","properties":{"ftCode":2701,"motorway":0,"rnkWidth":2,"rdCtg":1,"tollSect":0,"source_layer":"road","kind":"road_centerline","bridge":false,"major":true},"geometry":{"type":"LineString","coordinates":[[138.98080587,35.34175221],[138.98140669,35.34313496],[138.98140669,35.34376507],[138.98147106,35.34399261],[138.98177147,35.34448269],[138.98162127,35.34504277],[138.98054838,35.34675802],[138.98069859,35.34696804],[138.98048401,35.34765063],[138.98046255,35.34850822],[138.9805913,35.34912079],[138.98123503,35.34968084],[138.98155689,35.35006588],[138.98159981,35.35067843],[138.98183584,35.35109847]]},"id":"gsi-12-3629-1617-road-90"},{"type":"Feature","properties":{"ftCode":2701,"motorway":1,"rnkWidth":3,"rdCtg":3,"tollSect":1,"source_layer":"road","kind":"road_centerline","bridge":false,"major":true},"geometry":{"type":"LineString","coordinates":[[138.98196459,35.34598791],[138.9824152,35.346618]]},"id":"gsi-12-3629-1617-road-91"},{"type":"Feature","properties":{"ftCode":2703,"motorway":0,"rnkWidth":1,"rdCtg":1,"tollSect":0,"source_layer":"road","kind":"road_centerline","bridge":true,"major":true},"geometry":{"type":"LineString","coordinates":[[138.9820075,35.34633796],[138.98230791,35.34609293]]},"id":"gsi-12-3629-1617-road-92"},{"type":"Feature","properties":{"ftCode":2701,"motorway":0,"rnkWidth":2,"rdCtg":1,"tollSect":0,"source_layer":"road","kind":"road_centerline","bridge":false,"major":true},"geometry":{"type":"LineString","coordinates":[[138.98205042,35.35141349],[138.98224354,35.35169351],[138.9828229,35.35304109],[138.98344517,35.35370612],[138.98365974,35.35423115],[138.9842391,35.35489617]]},"id":"gsi-12-3629-1617-road-93"},{"type":"Feature","properties":{"ftCode":2703,"motorway":1,"rnkWidth":3,"rdCtg":3,"tollSect":1,"source_layer":"road","kind":"road_centerline","bridge":true,"major":true},"geometry":{"type":"LineString","coordinates":[[138.98421764,35.35186852],[138.98466825,35.35256857]]},"id":"gsi-12-3629-1617-road-94"},{"type":"Feature","properties":{"ftCode":2703,"motorway":1,"rnkWidth":3,"rdCtg":3,"tollSect":1,"source_layer":"road","kind":"road_centerline","bridge":true,"major":true},"geometry":{"type":"LineString","coordinates":[[138.98481846,35.35274358],[138.98526907,35.3532161]]},"id":"gsi-12-3629-1617-road-95"},{"type":"Feature","properties":{"ftCode":2701,"motorway":1,"rnkWidth":3,"rdCtg":3,"tollSect":1,"source_layer":"road","kind":"road_centerline","bridge":false,"major":true},"geometry":{"type":"LineString","coordinates":[[138.98466825,35.35256857],[138.98481846,35.35274358]]},"id":"gsi-12-3629-1617-road-96"},{"type":"Feature","properties":{"ftCode":2701,"motorway":1,"rnkWidth":3,"rdCtg":3,"tollSect":1,"source_layer":"road","kind":"road_centerline","bridge":false,"major":true},"geometry":{"type":"LineString","coordinates":[[138.98417473,35.35178102],[138.98421764,35.35186852]]},"id":"gsi-12-3629-1617-road-97"},{"type":"Feature","properties":{"ftCode":2704,"motorway":1,"rnkWidth":3,"rdCtg":3,"tollSect":1,"source_layer":"road","kind":"road_centerline","bridge":false,"major":true},"geometry":{"type":"LineString","coordinates":[[138.98378849,35.35071344],[138.98417473,35.35178102]]},"id":"gsi-12-3629-1617-road-98"},{"type":"Feature","properties":{"ftCode":2701,"motorway":1,"rnkWidth":3,"rdCtg":3,"tollSect":1,"source_layer":"road","kind":"road_centerline","bridge":false,"major":true},"geometry":{"type":"LineString","coordinates":[[138.98359537,35.34990837],[138.98378849,35.35071344]]},"id":"gsi-12-3629-1617-road-99"},{"type":"Feature","properties":{"ftCode":2703,"motorway":1,"rnkWidth":3,"rdCtg":3,"tollSect":1,"source_layer":"road","kind":"road_centerline","bridge":true,"major":true},"geometry":{"type":"LineString","coordinates":[[138.98329496,35.34866574],[138.98359537,35.34990837]]},"id":"gsi-12-3629-1617-road-100"},{"type":"Feature","properties":{"ftCode":2701,"motorway":1,"rnkWidth":3,"rdCtg":3,"tollSect":1,"source_layer":"road","kind":"road_centerline","bridge":false,"major":true},"geometry":{"type":"LineString","coordinates":[[138.98320913,35.34842072],[138.98329496,35.34866574]]},"id":"gsi-12-3629-1617-road-101"},{"type":"Feature","properties":{"ftCode":2704,"motorway":1,"rnkWidth":3,"rdCtg":3,"tollSect":1,"source_layer":"road","kind":"road_centerline","bridge":false,"major":true},"geometry":{"type":"LineString","coordinates":[[138.9824152,35.346618],[138.98288727,35.34754561],[138.98320913,35.34842072]]},"id":"gsi-12-3629-1617-road-102"},{"type":"Feature","properties":{"ftCode":2701,"motorway":0,"rnkWidth":1,"rdCtg":1,"tollSect":0,"source_layer":"road","kind":"road_centerline","bridge":false,"major":true},"geometry":{"type":"LineString","coordinates":[[138.98230791,35.34609293],[138.98286581,35.34569037],[138.98316622,35.3452353],[138.98342371,35.34516529],[138.98361683,35.3452528],[138.9836812,35.34556785],[138.98327351,35.34724808],[138.98338079,35.34761562],[138.98350954,35.34770313],[138.98370266,35.34772064],[138.98391724,35.34761562],[138.98428202,35.34674051],[138.98473263,35.34598791],[138.98486137,35.3459179],[138.98524761,35.3459179],[138.9855051,35.34614543],[138.98586988,35.34633796],[138.98627758,35.34626795],[138.98642778,35.34611043],[138.98681402,35.34542783],[138.98685694,35.34506028],[138.98726463,35.34474523],[138.98747921,35.34471022],[138.98816586,35.34492025],[138.98838043,35.34492025],[138.99,35.34425972]]},"id":"gsi-12-3629-1617-road-103"},{"type":"Feature","properties":{"ftCode":2703,"motorway":1,"rnkWidth":2,"rdCtg":3,"tollSect":1,"source_layer":"road","kind":"road_centerline","bridge":true,"major":true},"geometry":{"type":"LineString","coordinates":[[138.97908926,35.34415013],[138.97861719,35.34297743]]},"id":"gsi-12-3629-1617-road-104"},{"type":"Feature","properties":{"ftCode":2703,"motorway":1,"rnkWidth":2,"rdCtg":3,"tollSect":1,"source_layer":"road","kind":"road_centerline","bridge":true,"major":true},"geometry":{"type":"LineString","coordinates":[[138.9787674,35.34294243],[138.97921801,35.34408012]]},"id":"gsi-12-3629-1617-road-105"},{"type":"Feature","properties":{"ftCode":2703,"motorway":1,"rnkWidth":3,"rdCtg":3,"tollSect":1,"source_layer":"road","kind":"road_centerline","bridge":true,"major":true},"geometry":{"type":"LineString","coordinates":[[138.97679329,35.34035192],[138.97831678,35.34162968],[138.97964716,35.34295993],[138.98121357,35.34492025],[138.98196459,35.34598791]]},"id":"gsi-12-3629-1617-road-106"},{"type":"Feature","properties":{"ftCode":2701,"motorway":1,"rnkWidth":2,"rdCtg":3,"tollSect":1,"source_layer":"road","kind":"road_centerline","bridge":false,"major":true},"geometry":{"type":"LineString","coordinates":[[138.97861719,35.34297743],[138.9782095,35.34157717],[138.97825241,35.34154216],[138.97833824,35.34155967],[138.9787674,35.34294243]]},"id":"gsi-12-3629-1617-road-107"},{"type":"Feature","properties":{"ftCode":2703,"motorway":0,"rnkWidth":2,"rdCtg":1,"tollSect":0,"source_layer":"road","kind":"road_centerline","bridge":true,"major":true},"geometry":{"type":"LineString","coordinates":[[138.98080587,35.34175221],[138.98065567,35.34140214]]},"id":"gsi-12-3629-1617-road-108"},{"type":"Feature","properties":{"ftCode":2701,"motorway":0,"rnkWidth":2,"rdCtg":1,"tollSect":0,"source_layer":"road","kind":"road_centerline","bridge":false,"major":true},"geometry":{"type":"LineString","coordinates":[[138.98065567,35.34140214],[138.98031235,35.34049195],[138.9800334,35.33998435],[138.97986174,35.33984432],[138.97964716,35.3397743],[138.97853136,35.33984432],[138.97833824,35.3397918],[138.97720098,35.33804141],[138.97707224,35.33741125],[138.97741556,35.33669357],[138.97747993,35.33559078],[138.97758722,35.33536322],[138.97808075,35.33478556],[138.97737265,35.33436544],[138.97711515,35.33410287]]},"id":"gsi-12-3629-1617-road-109"},{"type":"Feature","properties":{"ftCode":2701,"motorway":1,"rnkWidth":2,"rdCtg":3,"tollSect":1,"source_layer":"road","kind":"road_centerline","bridge":false,"major":true},"geometry":{"type":"LineString","coordinates":[[138.9808917,35.34675802],[138.98159981,35.34779064],[138.98209333,35.34878826],[138.98247957,35.35001338],[138.98288727,35.35197353],[138.98331642,35.35288358],[138.98378849,35.35351362],[138.98415327,35.35388113],[138.9863205,35.35578869],[138.98754358,35.35739871],[138.98833752,35.3581862],[138.98910999,35.35862369],[138.98983955,35.35885119],[138.99,35.35887027]]},"id":"gsi-12-3629-1617-road-110"},{"type":"Feature","properties":{"ftCode":2701,"motorway":1,"rnkWidth":2,"rdCtg":3,"tollSect":1,"source_layer":"road","kind":"road_centerline","bridge":false,"major":true},"geometry":{"type":"LineString","coordinates":[[138.98102045,35.34668801],[138.98175001,35.34773814],[138.98228645,35.34884076],[138.98265123,35.35001338],[138.98303747,35.35181602],[138.98335934,35.35263857],[138.98383141,35.35330361],[138.98428202,35.35379363],[138.98586988,35.35508867],[138.98659945,35.35577119],[138.98786545,35.35741621],[138.98868084,35.3581862],[138.98945332,35.3585712],[138.99,35.35871981]]},"id":"gsi-12-3629-1617-road-111"},{"type":"Feature","properties":{"ftCode":2701,"motorway":0,"rnkWidth":3,"rdCtg":1,"tollSect":0,"source_layer":"road","kind":"road_centerline","bridge":false,"major":true},"geometry":{"type":"LineString","coordinates":[[138.97711515,35.33410287],[138.97842407,35.3335077],[138.97988319,35.33293002]]},"id":"gsi-12-3629-1617-road-115"},{"type":"Feature","properties":{"ftCode":2701,"motorway":0,"rnkWidth":3,"rdCtg":1,"tollSect":0,"source_layer":"road","kind":"road_centerline","bridge":false,"major":true},"geometry":{"type":"LineString","coordinates":[[138.98112774,35.33364774],[138.9807415,35.33294753],[138.98065567,35.33266744],[138.98022652,35.33280749]]},"id":"gsi-12-3629-1617-road-116"},{"type":"Feature","properties":{"ftCode":2703,"motorway":0,"rnkWidth":3,"rdCtg":1,"tollSect":0,"source_layer":"road","kind":"road_centerline","bridge":true,"major":true},"geometry":{"type":"LineString","coordinates":[[138.97988319,35.33293002],[138.98022652,35.33280749]]},"id":"gsi-12-3629-1617-road-117"},{"type":"Feature","properties":{"ftCode":2701,"motorway":0,"rnkWidth":1,"rdCtg":1,"tollSect":0,"source_layer":"road","kind":"road_centerline","bridge":false,"major":true},"geometry":{"type":"LineString","coordinates":[[138.98112774,35.33364774],[138.98134232,35.33354271],[138.98209333,35.33342017],[138.98205042,35.33270246],[138.98230791,35.3318622],[138.9828229,35.33084687],[138.98380995,35.32925383],[138.98374557,35.3288687],[138.98357391,35.32846605],[138.98374557,35.32811593],[138.98393869,35.32785333],[138.98411036,35.32774829],[138.98436785,35.32764326],[138.98499012,35.32757323],[138.98552656,35.32718809],[138.98593426,35.32703053]]},"id":"gsi-12-3629-1617-road-118"},{"type":"Feature","properties":{"ftCode":2701,"motorway":0,"rnkWidth":1,"rdCtg":1,"tollSect":9,"source_layer":"road","kind":"road_centerline","bridge":false,"major":true},"geometry":{"type":"LineString","coordinates":[[138.98857355,35.32473714],[138.98861647,35.32527985],[138.98820877,35.32585758],[138.98820877,35.32598013],[138.98838043,35.32620772],[138.98835897,35.32633026],[138.98825169,35.32640029],[138.9868784,35.3264178],[138.98593426,35.32703053]]},"id":"gsi-12-3629-1617-road-119"},{"type":"Feature","properties":{"ftCode":2701,"motorway":0,"rnkWidth":1,"rdCtg":1,"tollSect":0,"source_layer":"road","kind":"road_centerline","bridge":false,"major":true},"geometry":{"type":"MultiLineString","coordinates":[[[138.98857355,35.32473714],[138.9892602,35.32365169],[138.98938894,35.32358166],[138.98966789,35.32401934],[138.99,35.32406213]],[[138.99,35.32431302],[138.98962498,35.3246496],[138.98962498,35.32477215],[138.98971081,35.32487719],[138.99,35.3248418]],[[138.99,35.32548587],[138.98977518,35.32562999],[138.98983955,35.32580506],[138.99,35.32593596]],[[138.99,35.32735929],[138.98973227,35.32778331],[138.99,35.32769021]]]},"id":"gsi-12-3629-1617-road-120"},{"type":"Feature","properties":{"ftCode":2701,"motorway":1,"rnkWidth":1,"rdCtg":3,"tollSect":1,"source_layer":"road","kind":"road_centerline","bridge":false,"major":true},"geometry":{"type":"LineString","coordinates":[[138.96921873,35.31757643],[138.96904707,35.31736633]]},"id":"gsi-12-3629-1617-road-248"},{"type":"Feature","properties":{"ftCode":2701,"motorway":1,"rnkWidth":4,"rdCtg":3,"tollSect":1,"source_layer":"road","kind":"road_centerline","bridge":false,"major":true},"geometry":{"type":"LineString","coordinates":[[138.96297455,35.31038007],[138.96323204,35.31092289],[138.96415472,35.31232368],[138.9650774,35.31349682],[138.96640778,35.31488006],[138.96900415,35.31736633]]},"id":"gsi-12-3629-1618-road-0"},{"type":"Feature","properties":{"ftCode":2701,"motorway":9,"rnkWidth":4,"rdCtg":0,"tollSect":9,"source_layer":"road","kind":"road_centerline","bridge":false,"major":true},"geometry":{"type":"LineString","coordinates":[[138.95578623,35.29327083],[138.95507812,35.29395387]]},"id":"gsi-12-3629-1618-road-10"},{"type":"Feature","properties":{"ftCode":2701,"motorway":0,"rnkWidth":2,"rdCtg":1,"tollSect":0,"source_layer":"road","kind":"road_centerline","bridge":false,"major":true},"geometry":{"type":"LineString","coordinates":[[138.95831823,35.28544176],[138.95666599,35.28551182],[138.95638704,35.28558188],[138.95507812,35.28615989]]},"id":"gsi-12-3629-1618-road-11"},{"type":"Feature","properties":{"ftCode":2703,"motorway":1,"rnkWidth":1,"rdCtg":3,"tollSect":1,"source_layer":"road","kind":"road_centerline","bridge":true,"major":true},"geometry":{"type":"LineString","coordinates":[[138.96258831,35.31517772],[138.96286726,35.31528277]]},"id":"gsi-12-3629-1618-road-12"},{"type":"Feature","properties":{"ftCode":2701,"motorway":1,"rnkWidth":1,"rdCtg":3,"tollSect":1,"source_layer":"road","kind":"road_centerline","bridge":false,"major":true},"geometry":{"type":"LineString","coordinates":[[138.96398306,35.31256882],[138.96400452,35.3130766],[138.96378994,35.31332173],[138.9632535,35.31342679],[138.96205187,35.31349682],[138.96188021,35.31360188],[138.96138668,35.31421471],[138.96140814,35.31461742],[138.9615798,35.31477501],[138.96258831,35.31517772]]},"id":"gsi-12-3629-1618-road-13"},{"type":"Feature","properties":{"ftCode":2701,"motorway":1,"rnkWidth":1,"rdCtg":3,"tollSect":1,"source_layer":"road","kind":"road_centerline","bridge":false,"major":true},"geometry":{"type":"LineString","coordinates":[[138.96286726,35.31528277],[138.96441221,35.31603566],[138.96469116,35.31612321],[138.96512032,35.31607068],[138.96597862,35.31566797],[138.96630049,35.31563295],[138.96657944,35.31568548]]},"id":"gsi-12-3629-1618-road-14"},{"type":"Feature","properties":{"ftCode":2701,"motorway":1,"rnkWidth":2,"rdCtg":3,"tollSect":1,"source_layer":"road","kind":"road_centerline","bridge":false,"major":true},"geometry":{"type":"LineString","coordinates":[[138.96576405,35.31619324],[138.96552801,35.31612321],[138.96539927,35.31593061]]},"id":"gsi-12-3629-1618-road-15"},{"type":"Feature","properties":{"ftCode":2701,"motorway":1,"rnkWidth":1,"rdCtg":3,"tollSect":1,"source_layer":"road","kind":"road_centerline","bridge":false,"major":true},"geometry":{"type":"LineString","coordinates":[[138.96593571,35.31605317],[138.96576405,35.31621075],[138.96621466,35.31622826],[138.96621466,35.31603566],[138.96593571,35.31605317]]},"id":"gsi-12-3629-1618-road-16"},{"type":"Feature","properties":{"ftCode":2701,"motorway":1,"rnkWidth":1,"rdCtg":3,"tollSect":1,"source_layer":"road","kind":"road_centerline","bridge":false,"major":true},"geometry":{"type":"LineString","coordinates":[[138.96398306,35.31256882],[138.9646697,35.31375947],[138.966043,35.31523025],[138.96657944,35.31568548]]},"id":"gsi-12-3629-1618-road-17"},{"type":"Feature","properties":{"ftCode":2701,"motorway":1,"rnkWidth":1,"rdCtg":3,"tollSect":1,"source_layer":"road","kind":"road_centerline","bridge":false,"major":true},"geometry":{"type":"LineString","coordinates":[[138.96775961,35.31566797],[138.96413326,35.31174586]]},"id":"gsi-12-3629-1618-road-18"},{"type":"Feature","properties":{"ftCode":2703,"motorway":1,"rnkWidth":4,"rdCtg":3,"tollSect":1,"source_layer":"road","kind":"road_centerline","bridge":true,"major":true},"geometry":{"type":"LineString","coordinates":[[138.96245956,35.30938199],[138.96297455,35.31038007]]},"id":"gsi-12-3629-1618-road-19"},{"type":"Feature","properties":{"ftCode":2701,"motorway":1,"rnkWidth":1,"rdCtg":3,"tollSect":1,"source_layer":"road","kind":"road_centerline","bridge":false,"major":true},"geometry":{"type":"LineString","coordinates":[[138.96344662,35.31123807],[138.96372557,35.31204352],[138.96398306,35.31256882]]},"id":"gsi-12-3629-1618-road-20"},{"type":"Feature","properties":{"ftCode":2701,"motorway":1,"rnkWidth":1,"rdCtg":3,"tollSect":1,"source_layer":"road","kind":"road_centerline","bridge":false,"major":true},"geometry":{"type":"LineString","coordinates":[[138.96413326,35.31174586],[138.96301746,35.31050265]]},"id":"gsi-12-3629-1618-road-21"},{"type":"Feature","properties":{"ftCode":2701,"motorway":1,"rnkWidth":4,"rdCtg":3,"tollSect":1,"source_layer":"road","kind":"road_centerline","bridge":false,"major":true},"geometry":{"type":"LineString","coordinates":[[138.95507812,35.29938294],[138.95634413,35.30053876],[138.95861864,35.30304298]]},"id":"gsi-12-3629-1618-road-22"},{"type":"Feature","properties":{"ftCode":2703,"motorway":1,"rnkWidth":4,"rdCtg":3,"tollSect":1,"source_layer":"road","kind":"road_centerline","bridge":true,"major":true},"geometry":{"type":"LineString","coordinates":[[138.95861864,35.30304298],[138.95896196,35.30348078]]},"id":"gsi-12-3629-1618-road-23"},{"type":"Feature","properties":{"ftCode":2701,"motorway":1,"rnkWidth":4,"rdCtg":3,"tollSect":1,"source_layer":"road","kind":"road_centerline","bridge":false,"major":true},"geometry":{"type":"LineString","coordinates":[[138.95896196,35.30348078],[138.95984173,35.30461902],[138.96095753,35.30633513],[138.96160126,35.30752587],[138.96245956,35.30938199]]},"id":"gsi-12-3629-1618-road-24"},{"type":"Feature","properties":{"ftCode":2701,"motorway":1,"rnkWidth":1,"rdCtg":3,"tollSect":1,"source_layer":"road","kind":"road_centerline","bridge":false,"major":true},"geometry":{"type":"LineString","coordinates":[[138.96651506,35.3159131],[138.96630049,35.31582555],[138.96621466,35.31584306],[138.96593571,35.31605317]]},"id":"gsi-12-3629-1618-road-25"},{"type":"Feature","properties":{"ftCode":2701,"motorway":1,"rnkWidth":1,"rdCtg":3,"tollSect":1,"source_layer":"road","kind":"road_centerline","bridge":false,"major":true},"geometry":{"type":"LineString","coordinates":[[138.96657944,35.31568548],[138.96823168,35.31663096]]},"id":"gsi-12-3629-1618-road-26"},{"type":"Feature","properties":{"ftCode":2701,"motorway":1,"rnkWidth":1,"rdCtg":3,"tollSect":1,"source_layer":"road","kind":"road_centerline","bridge":false,"major":true},"geometry":{"type":"LineString","coordinates":[[138.96904707,35.31736633],[138.96775961,35.31566797]]},"id":"gsi-12-3629-1618-road-27"},{"type":"Feature","properties":{"ftCode":2701,"motorway":1,"rnkWidth":1,"rdCtg":3,"tollSect":1,"source_layer":"road","kind":"road_centerline","bridge":false,"major":true},"geometry":{"type":"LineString","coordinates":[[138.96775961,35.31566797],[138.96773815,35.31538783],[138.96780252,35.31519523],[138.968575,35.31403962],[138.96859646,35.31335675],[138.96844625,35.31302407],[138.9678669,35.3125338],[138.96767378,35.31248127],[138.96696568,35.31249878],[138.96535635,35.31167582],[138.96413326,35.31174586]]},"id":"gsi-12-3629-1618-road-28"},{"type":"Feature","properties":{"ftCode":2701,"motorway":1,"rnkWidth":2,"rdCtg":3,"tollSect":1,"source_layer":"road","kind":"road_centerline","bridge":false,"major":true},"geometry":{"type":"LineString","coordinates":[[138.96833897,35.31440731],[138.96870375,35.3145649]]},"id":"gsi-12-3629-1618-road-29"},{"type":"Feature","properties":{"ftCode":2701,"motorway":1,"rnkWidth":1,"rdCtg":3,"tollSect":1,"source_layer":"road","kind":"road_centerline","bridge":false,"major":true},"geometry":{"type":"LineString","coordinates":[[138.96917582,35.31459991],[138.96870375,35.31454739],[138.96900415,35.31479252],[138.96917582,35.31470497],[138.96917582,35.31459991]]},"id":"gsi-12-3629-1618-road-30"},{"type":"Feature","properties":{"ftCode":2701,"motorway":1,"rnkWidth":1,"rdCtg":3,"tollSect":1,"source_layer":"road","kind":"road_centerline","bridge":false,"major":true},"geometry":{"type":"LineString","coordinates":[[138.96930456,35.31517772],[138.96939039,35.31509017],[138.96943331,35.31488006],[138.96936893,35.31470497],[138.96917582,35.31459991]]},"id":"gsi-12-3629-1618-road-31"},{"type":"Feature","properties":{"ftCode":2701,"motorway":9,"rnkWidth":2,"rdCtg":0,"tollSect":9,"source_layer":"road","kind":"road_centerline","bridge":false,"major":true},"geometry":{"type":"LineString","coordinates":[[138.95578623,35.29327083],[138.95604372,35.2928505],[138.95619392,35.29244768],[138.95621538,35.29213242],[138.95612955,35.29167706]]},"id":"gsi-12-3629-1618-road-32"},{"type":"Feature","properties":{"ftCode":2701,"motorway":0,"rnkWidth":2,"rdCtg":0,"tollSect":0,"source_layer":"road","kind":"road_centerline","bridge":false,"major":true},"geometry":{"type":"LineString","coordinates":[[138.95612955,35.29167706],[138.95544291,35.28922503]]},"id":"gsi-12-3629-1618-road-33"},{"type":"Feature","properties":{"ftCode":2704,"motorway":0,"rnkWidth":2,"rdCtg":0,"tollSect":0,"source_layer":"road","kind":"road_centerline","bridge":false,"major":true},"geometry":{"type":"LineString","coordinates":[[138.95557165,35.28833177],[138.95544291,35.28885722],[138.95544291,35.28922503]]},"id":"gsi-12-3629-1618-road-34"},{"type":"Feature","properties":{"ftCode":2701,"motorway":0,"rnkWidth":2,"rdCtg":0,"tollSect":0,"source_layer":"road","kind":"road_centerline","bridge":false,"major":true},"geometry":{"type":"LineString","coordinates":[[138.95557165,35.28833177],[138.95582914,35.28749105],[138.95632267,35.28691305],[138.95670891,35.28658026],[138.95722389,35.2862825],[138.95812511,35.28593219],[138.95831823,35.28591467]]},"id":"gsi-12-3629-1618-road-35"},{"type":"Feature","properties":{"ftCode":2701,"motorway":9,"rnkWidth":2,"rdCtg":1,"tollSect":9,"source_layer":"road","kind":"road_centerline","bridge":false,"major":true},"geometry":{"type":"LineString","coordinates":[[138.95941257,35.28614237],[138.95930529,35.28580958],[138.95894051,35.28554685],[138.95872593,35.28545927],[138.95831823,35.28544176]]},"id":"gsi-12-3629-1618-road-36"},{"type":"Feature","properties":{"ftCode":2701,"motorway":9,"rnkWidth":2,"rdCtg":0,"tollSect":9,"source_layer":"road","kind":"road_centerline","bridge":false,"major":true},"geometry":{"type":"LineString","coordinates":[[138.97323132,35.29167706],[138.97312403,35.29155446],[138.97308111,35.29132677],[138.9733386,35.28989059],[138.97331715,35.28954029],[138.97314548,35.28913745],[138.97280216,35.28889225],[138.97224426,35.28875213],[138.97130013,35.28861201],[138.97067785,35.28875213],[138.97027016,35.28875213],[138.97007704,35.28864704],[138.96992683,35.28799899],[138.96986246,35.28791141],[138.96964788,35.28782384],[138.96932602,35.28791141],[138.96853209,35.2883668],[138.96812439,35.28841935],[138.96709442,35.28826171],[138.96666527,35.28829674],[138.96477699,35.28882219],[138.96424055,35.2888397],[138.96368265,35.28862953],[138.96299601,35.28777129],[138.96271706,35.28763117],[138.96241665,35.2876662],[138.96211624,35.28784135],[138.96153688,35.28847189],[138.96140814,35.28854195],[138.9611721,35.28862953],[138.96067858,35.28864704],[138.96035671,35.28852444],[138.96003485,35.2882442],[138.95994902,35.2873159],[138.95971298,35.28647517],[138.95941257,35.28614237],[138.959198,35.28600225],[138.95874739,35.28589716],[138.95831823,35.28591467]]},"id":"gsi-12-3629-1618-road-37"},{"type":"Feature","properties":{"ftCode":2701,"motorway":0,"rnkWidth":2,"rdCtg":0,"tollSect":0,"source_layer":"road","kind":"road_centerline","bridge":false,"major":true},"geometry":{"type":"LineString","coordinates":[[138.97361755,35.29167706],[138.97346735,35.2917296],[138.97323132,35.29167706]]},"id":"gsi-12-3629-1618-road-38"},{"type":"Feature","properties":{"ftCode":2701,"motorway":9,"rnkWidth":1,"rdCtg":1,"tollSect":9,"source_layer":"road","kind":"road_centerline","bridge":false,"major":true},"geometry":{"type":"LineString","coordinates":[[138.97130013,35.28861201],[138.97112846,35.2870882],[138.97108555,35.28694808],[138.97097826,35.2868605],[138.97084951,35.28679044],[138.97050619,35.28675541],[138.97029161,35.28684299],[138.97003412,35.2870882],[138.96960497,35.28729838],[138.96915436,35.2873159],[138.96891832,35.28714075],[138.96889687,35.28675541],[138.96904707,35.2860548],[138.96924019,35.28573952],[138.96975517,35.28519654],[138.96979809,35.28507393],[138.9696908,35.28489877],[138.9692831,35.28472361],[138.96906853,35.2847061],[138.96861792,35.28472361],[138.96799564,35.28489877],[138.96763086,35.28489877],[138.96724463,35.28530163],[138.96668673,35.28538921],[138.9661932,35.28566946],[138.96595716,35.28561691],[138.96572113,35.28540672],[138.96559238,35.28519654],[138.96554947,35.2849338]]},"id":"gsi-12-3629-1618-road-39"},{"type":"Feature","properties":{"ftCode":2701,"motorway":9,"rnkWidth":2,"rdCtg":0,"tollSect":9,"source_layer":"road","kind":"road_centerline","bridge":false,"major":true},"geometry":{"type":"LineString","coordinates":[[138.98436785,35.28304209],[138.98406744,35.28319973],[138.98361683,35.2832698],[138.98323059,35.28318222],[138.98149252,35.28237647],[138.98112774,35.28237647],[138.98078442,35.2825166],[138.98069859,35.28286693],[138.98076296,35.28302457],[138.98093462,35.28321725],[138.98164272,35.28340992],[138.98190022,35.28356757],[138.98205042,35.28374273],[138.98205042,35.28400547],[138.98183584,35.28432075],[138.98050547,35.28484622],[138.98024797,35.28505641],[138.98016214,35.28531915],[138.98024797,35.2854943],[138.98046255,35.28566946],[138.98102045,35.28593219],[138.98119211,35.28617741],[138.98121357,35.28640511],[138.98112774,35.28659777],[138.98041964,35.28726335],[138.97994757,35.28782384],[138.97930384,35.28869958],[138.97904634,35.28936515],[138.97878885,35.28955781],[138.97863865,35.28957532],[138.97840261,35.28947023],[138.9783597,35.28922503],[138.97911072,35.28813911],[138.97938967,35.28742099],[138.97932529,35.28719329],[138.97904634,35.28705317],[138.97885323,35.28707069],[138.97694349,35.28791141],[138.97657871,35.2878939],[138.97647142,35.28784135],[138.97629976,35.28757863],[138.97649288,35.28684299],[138.97644997,35.28656274],[138.97627831,35.28638759],[138.97610664,35.28633504],[138.97593498,35.28637007],[138.97572041,35.28658026],[138.97569895,35.28759614],[138.97593498,35.28806905],[138.97606373,35.28820917],[138.97664309,35.28855947],[138.97679329,35.2887171],[138.97681475,35.28887473],[138.97666454,35.28910243],[138.97640705,35.28920751],[138.97526979,35.28943521],[138.97396088,35.2901533],[138.97376776,35.29043354],[138.97378922,35.29141434],[138.97361755,35.29167706]]},"id":"gsi-12-3629-1618-road-40"},{"type":"Feature","properties":{"ftCode":2701,"motorway":9,"rnkWidth":2,"rdCtg":1,"tollSect":9,"source_layer":"road","kind":"road_centerline","bridge":false,"major":true},"geometry":{"type":"LineString","coordinates":[[138.96554947,35.2849338],[138.96554947,35.28442585],[138.96505594,35.28416311],[138.96501303,35.2836026],[138.96488428,35.28333986],[138.96494865,35.28318222],[138.96527052,35.28293699],[138.96537781,35.28277935],[138.96539927,35.28253412],[138.9652276,35.28239399],[138.96520615,35.28214876],[138.96531343,35.28200863],[138.96600008,35.28155321],[138.9667511,35.28071242],[138.96775961,35.27976651],[138.96808147,35.27925853],[138.96806002,35.27910087],[138.96799564,35.27896074],[138.96780252,35.2788206],[138.9674592,35.2788206],[138.96703005,35.27869798],[138.96645069,35.27878557],[138.96621466,35.2787155],[138.96610737,35.27834764],[138.96617174,35.27782213],[138.9657855,35.2773842],[138.96559238,35.27696378],[138.96572113,35.27654336],[138.9656353,35.27640322],[138.9654851,35.27631563],[138.9650774,35.27631563],[138.96445513,35.27680612],[138.96409035,35.27694626],[138.96398306,35.27743675],[138.96363974,35.27771702],[138.96321058,35.27787468],[138.96310329,35.27787468],[138.96301746,35.27780461],[138.96331787,35.27685867],[138.96303892,35.27557989],[138.96321058,35.27465145],[138.96342516,35.27437116],[138.9639616,35.27412591],[138.96404743,35.27403832],[138.96404743,35.27393321]]},"id":"gsi-12-3629-1618-road-41"},{"type":"Feature","properties":{"ftCode":2701,"motorway":9,"rnkWidth":1,"rdCtg":1,"tollSect":9,"source_layer":"road","kind":"road_centerline","bridge":false,"major":true},"geometry":{"type":"LineString","coordinates":[[138.96404743,35.27393321],[138.96389723,35.2738281],[138.96353245,35.27375803],[138.96271706,35.27381059],[138.96248102,35.27403832],[138.96218061,35.27416095],[138.96192312,35.27452882],[138.96140814,35.27505436],[138.96130085,35.27505436],[138.96115065,35.27498429],[138.96115065,35.2748967],[138.96132231,35.27447627],[138.96134377,35.27417847],[138.96121502,35.2735303],[138.96106482,35.27325001],[138.96033525,35.27319745],[138.9600563,35.27302227],[138.95949841,35.27300475],[138.95921946,35.27310986],[138.95900488,35.27330256],[138.95883322,35.27337263],[138.95857573,35.27328504],[138.95853281,35.27309234],[138.95866156,35.27277701],[138.95939112,35.2722865],[138.95979881,35.27193613],[138.96009922,35.27197117],[138.96039963,35.27214635],[138.9608717,35.27204124],[138.96136522,35.27204124],[138.96147251,35.27197117],[138.96140814,35.27177846],[138.96108627,35.2715332],[138.9610219,35.2713405],[138.96147251,35.27084998],[138.96145105,35.27072735],[138.96121502,35.2705872],[138.96119356,35.27041201],[138.96134377,35.27030689],[138.96164417,35.27034193],[138.96181583,35.27025434],[138.96183729,35.26955358],[138.96273851,35.26939591],[138.96278143,35.26922072],[138.96260977,35.26911561],[138.96243811,35.26909809],[138.96237373,35.26895793],[138.96243811,35.2688353],[138.96260977,35.26873018],[138.96265268,35.26860755],[138.96241665,35.26808197],[138.96267414,35.26790678],[138.96331787,35.26766151],[138.96333933,35.26753887],[138.9632535,35.26731112],[138.9634037,35.26692569],[138.96361828,35.26690817],[138.96421909,35.26710088],[138.96430492,35.26708336],[138.9643693,35.26697825],[138.96413326,35.26673297],[138.96413326,35.26650522],[138.9649272,35.26641762],[138.96499157,35.26634754],[138.96499157,35.26608475],[138.96546364,35.26580443],[138.96595716,35.26603219],[138.96636486,35.26634754],[138.96649361,35.26636506],[138.96666527,35.26625994],[138.96700859,35.26583947],[138.96698713,35.26573435],[138.96655798,35.26547155],[138.96660089,35.26519123],[138.96632195,35.26485835],[138.96640778,35.26464811],[138.96672964,35.26442035],[138.96728754,35.26442035],[138.96748066,35.26417507],[138.9678669,35.26429771],[138.96814585,35.26457803],[138.96825314,35.26459555],[138.96833897,35.26454299],[138.96838188,35.26396483],[138.96814585,35.26385971],[138.96797419,35.26363194],[138.96767378,35.26356186],[138.96760941,35.26347426],[138.96758795,35.26338666],[138.96782398,35.26326402],[138.9678669,35.26314137],[138.96775961,35.26293113],[138.96784544,35.2626508],[138.96793127,35.26258072],[138.96825314,35.26259824],[138.96861792,35.26289609],[138.9691329,35.26308881],[138.9692831,35.26312385],[138.96949768,35.26305377],[138.96960497,35.26298369],[138.96996975,35.26209014],[138.97020578,35.26200254],[138.97052765,35.26198502],[138.97063494,35.26179229],[138.97052765,35.26117907],[138.97046328,35.26105642],[138.97016287,35.26082865],[138.97027016,35.26060088],[138.97065639,35.26032054],[138.97114992,35.26023294],[138.97147179,35.259865],[138.97260904,35.25970731],[138.97288799,35.2596197],[138.97293091,35.25914663],[138.97329569,35.25888381],[138.97396088,35.25876116]]},"id":"gsi-12-3629-1618-road-42"},{"type":"Feature","properties":{"ftCode":2704,"motorway":9,"rnkWidth":1,"rdCtg":1,"tollSect":9,"source_layer":"road","kind":"road_centerline","bridge":false,"major":true},"geometry":{"type":"LineString","coordinates":[[138.97396088,35.25876116],[138.97569895,35.25858595]]},"id":"gsi-12-3629-1618-road-43"},{"type":"Feature","properties":{"ftCode":2701,"motorway":9,"rnkWidth":1,"rdCtg":1,"tollSect":9,"source_layer":"road","kind":"road_centerline","bridge":false,"major":true},"geometry":{"type":"LineString","coordinates":[[138.99,35.26655147],[138.98960352,35.26650522],[138.98906708,35.26676801],[138.98835897,35.26690817],[138.98795128,35.26669793],[138.98752213,35.26659282],[138.98750067,35.26634754],[138.98788691,35.26599715],[138.98786545,35.26571683],[138.98771524,35.26543651],[138.98745775,35.26524379],[138.9870286,35.26475323],[138.9870286,35.26445539],[138.98694277,35.26442035],[138.9864707,35.26435027],[138.98614883,35.26445539],[138.98597717,35.26463059],[138.98565531,35.26471819],[138.98505449,35.26468315],[138.984797,35.26456051],[138.98449659,35.26450795],[138.98432493,35.26422763],[138.98415327,35.26419259],[138.98389578,35.26443787],[138.98391724,35.26463059],[138.98376703,35.26484083],[138.98286581,35.26524379],[138.98247957,35.26557667],[138.98235083,35.26559419],[138.98198605,35.26545403],[138.98162127,35.26547155],[138.98142815,35.26536643],[138.98140669,35.26520875],[138.98123503,35.26503355],[138.98123503,35.26494595],[138.98138523,35.26477075],[138.98138523,35.26403491],[138.98108482,35.26356186],[138.98037672,35.26356186],[138.9800334,35.26378963],[138.97958279,35.26373706],[138.9790678,35.26410499],[138.97883177,35.26410499],[138.97853136,35.26380715],[138.97829533,35.26378963],[138.97816658,35.26371954],[138.97808075,35.26354434],[138.97778034,35.26322898],[138.97803783,35.2627384],[138.97801638,35.26251064],[138.97788763,35.26224783],[138.97735119,35.26212519],[138.97726536,35.2619675],[138.97722244,35.26182733],[138.97732973,35.26159957],[138.97720098,35.2614594],[138.97720098,35.2613718],[138.97760868,35.2609513],[138.97760868,35.26086369],[138.97720098,35.26053079],[138.97715807,35.26014533],[138.97692204,35.26002269],[138.97694349,35.25951457],[138.97660017,35.25926928],[138.97595644,35.25905902],[138.97584915,35.25888381],[138.97582769,35.25862099],[138.97569895,35.25858595]]},"id":"gsi-12-3629-1618-road-44"},{"type":"Feature","properties":{"ftCode":2704,"motorway":9,"rnkWidth":2,"rdCtg":0,"tollSect":9,"source_layer":"road","kind":"road_centerline","bridge":false,"major":true},"geometry":{"type":"LineString","coordinates":[[138.99,35.27977531],[138.98436785,35.28304209]]},"id":"gsi-12-3629-1618-road-45"},{"type":"Feature","properties":{"ftCode":2721,"motorway":0,"rnkWidth":0,"rdCtg":1,"tollSect":0,"source_layer":"road","kind":"road_centerline","bridge":false,"major":true},"geometry":{"type":"LineString","coordinates":[[138.97584915,35.25881372],[138.97617102,35.2590415],[138.97687912,35.25918167],[138.97726536,35.25914663],[138.97769451,35.25925175],[138.97782326,35.25912911],[138.97833824,35.25890133],[138.97859573,35.25867355],[138.97941113,35.25851586],[138.97979736,35.25820047],[138.9807415,35.25783252],[138.98166418,35.2575697],[138.98348808,35.25653592],[138.98396015,35.25643079],[138.9840889,35.25627309],[138.98441076,35.25616796],[138.98462534,35.25597522],[138.98533344,35.25581752]]},"id":"gsi-12-3629-1618-road-46"},{"type":"Feature","properties":{"ftCode":2721,"motorway":9,"rnkWidth":0,"rdCtg":1,"tollSect":9,"source_layer":"road","kind":"road_centerline","bridge":false,"major":true},"geometry":{"type":"LineString","coordinates":[[138.98569822,35.25530938],[138.98554802,35.25574743],[138.98533344,35.25581752]]},"id":"gsi-12-3629-1618-road-47"},{"type":"Feature","properties":{"ftCode":2701,"motorway":9,"rnkWidth":2,"rdCtg":6,"tollSect":1,"source_layer":"road","kind":"road_centerline","bridge":false,"major":true},"geometry":{"type":"LineString","coordinates":[[138.97329569,35.25888381],[138.97336006,35.2587086],[138.97331715,35.25851586],[138.97258759,35.25783252],[138.97179365,35.25741201],[138.97108555,35.25653592],[138.97097826,35.2563607],[138.97097826,35.256203],[138.97117138,35.25597522],[138.97138596,35.25594018],[138.9724803,35.25606283],[138.97297382,35.25601026],[138.97325277,35.25592265],[138.97370338,35.25555469],[138.97423983,35.25488885],[138.97466898,35.25420548],[138.97441149,35.25306653],[138.97449732,35.25276864],[138.97466898,35.2525058],[138.97475481,35.25215535],[138.97471189,35.25203269],[138.97411108,35.25155957],[138.97417545,35.25129673],[138.97447586,35.25084113],[138.97454023,35.25040305],[138.97423983,35.25000002],[138.97396088,35.24975469],[138.97336006,35.24940423],[138.97325277,35.24928156],[138.97320986,35.2491589],[138.97329569,35.24854558],[138.97316694,35.24784463],[138.97342443,35.24758178],[138.97484064,35.24681073],[138.97526979,35.24646025],[138.97526979,35.24619739],[138.97484064,35.24579434],[138.97473335,35.24561909]]},"id":"gsi-12-3629-1618-road-68"},{"type":"Feature","properties":{"ftCode":2701,"motorway":9,"rnkWidth":0,"rdCtg":1,"tollSect":9,"source_layer":"road","kind":"road_centerline","bridge":false,"major":true},"geometry":{"type":"LineString","coordinates":[[138.98634195,35.24561909],[138.98625612,35.24614482],[138.98608446,35.2464252],[138.98556948,35.24670559],[138.98537636,35.24717873],[138.98522615,35.2473014],[138.98486137,35.24751168],[138.98443222,35.24745911],[138.98396015,35.24763435],[138.983531,35.24765187],[138.98284435,35.24800235],[138.98252249,35.24872081],[138.98265123,35.24910633],[138.98258686,35.24954441],[138.98247957,35.24957946],[138.98187876,35.24926404],[138.98159981,35.24922899],[138.98149252,35.24931661],[138.98147106,35.25000002]]},"id":"gsi-12-3629-1618-road-69"},{"type":"Feature","properties":{"ftCode":2701,"motorway":9,"rnkWidth":2,"rdCtg":6,"tollSect":1,"source_layer":"road","kind":"road_centerline","bridge":false,"major":true},"geometry":{"type":"LineString","coordinates":[[138.97473335,35.24561909],[138.9748621,35.24533871],[138.97574186,35.24465526],[138.97584915,35.24442744],[138.97584915,35.24423467],[138.97552729,35.2428327],[138.97544146,35.2426925],[138.97526979,35.24258736],[138.97477627,35.24253478],[138.97434711,35.24235953],[138.97387505,35.24157091],[138.97387505,35.24132556],[138.97400379,35.24102763],[138.97428274,35.24078228],[138.97516251,35.24085238],[138.9759779,35.24053692],[138.97617102,35.24053692],[138.97670746,35.24067713],[138.97702932,35.24057198],[138.97761708,35.24]]},"id":"gsi-12-3629-1619-road-3"},{"type":"Feature","properties":{"ftCode":2701,"motorway":9,"rnkWidth":0,"rdCtg":1,"tollSect":9,"source_layer":"road","kind":"road_centerline","bridge":false,"major":true},"geometry":{"type":"LineString","coordinates":[[138.98631476,35.24],[138.98629904,35.2404493],[138.98659945,35.24071218],[138.9863205,35.24174616],[138.98597717,35.24225438],[138.98554802,35.24339349],[138.98552656,35.24365636],[138.98567677,35.24395428],[138.98597717,35.24407695],[138.98608446,35.24421715],[138.98638487,35.24507584],[138.98634195,35.24561909]]},"id":"gsi-12-3629-1619-road-8"},{"type":"Feature","properties":{"ftCode":2701,"motorway":9,"rnkWidth":2,"rdCtg":6,"tollSect":1,"source_layer":"road","kind":"road_centerline","bridge":false,"major":true},"geometry":{"type":"LineString","coordinates":[[138.98467408,35.24],[138.98473263,35.24002869],[138.98539782,35.24018642],[138.98636341,35.24067713],[138.98659945,35.24071218]]},"id":"gsi-12-3629-1619-road-10"}],"bbox":[138.54,35.24,138.99,35.61]}